SYMBOL,NAME
ABB,Abb India Ltd
AEGISLOG,Aegis Logistics Ltd
ARE&M,Amara Raja Energy & Mobility Ltd
AMBALALSA,Ambalal Sarabhai Enterprises Ltd
ANDHRAPET,Andhra Petrochemicals Ltd
ANSALAPI,Ansal Properties & Infrastructure Ltd
UTIQUE,Utique Enterprises Ltd
ARUNAHTEL,Aruna Hotels Ltd
BOMDYEING,Bombay Dyeing & Manufacturing Company Ltd
ASIANHOTNR,Asian Hotels (North) Ltd
ATUL,Atul Ltd
ATVPR,Atv Projects India Ltd
BAJAJELEC,Bajaj Electricals Ltd
BAJAJHIND,Bajaj Hindusthan Sugar Ltd
FORCEMOT,Force Motors Ltd
BAJFINANCE,Bajaj Finance Ltd
BALRAMCHIN,Balrampur Chini Mills Ltd
BANCOINDIA,Banco Products (India) Ltd
ABREL,Aditya Birla Real Estate Ltd
BANARISUG,Bannari Amman Sugars Ltd
BASF,Basf India Ltd
BATAINDIA,Bata India Ltd
BEML,Beml Ltd
BEL,Bharat Electronics Ltd
BHAGGAS,Bhagawati Gas Ltd
BEPL,Bhansali Engineering Polymers Ltd
BIHSPONG,Bihar Sponge Iron Ltd
BIRLACABLE,Birla Cable Ltd
BLUESTARCO,Blue Star Ltd
DISAQ,Disa India Ltd
QUESTCAP,Quest Capital Markets Ltd
BPL,Bpl Ltd
OAL,Oriental Aromatics Ltd
CENTEXT,Century Extrusions Ltd
CESC,Cesc Ltd
CHAMBLFERT,Chambal Fertilisers & Chemicals Ltd
EXIDEIND,Exide Industries Ltd
CIPLA,Cipla Ltd
DICIND,Dic India Ltd
CRISIL,Crisil Ltd
CGPOWER,Cg Power And Industrial Solutions Ltd
DABUR,Dabur India Ltd
DALMIASUG,Dalmia Bharat Sugar And Industries Ltd
ARVIND,Arvind Ltd
BHEL,Bharat Heavy Electricals Ltd
HINDPETRO,Hindustan Petroleum Corporation Ltd
IFCI,Ifci Ltd
MTNL,Mahanagar Telephone Nigam Ltd
MRPL,Mangalore Refinery And Petrochemicals Ltd
CHENNPETRO,Chennai Petroleum Corporation Ltd
SBIN,State Bank Of India
SAIL,Steel Authority Of India Ltd
TITAN,Titan Company Ltd
IDBI,Idbi Bank Ltd
DCW,Dcw Ltd
DHAMPURSUG,Dhampur Sugar Mills Ltd
DIAMINESQ,Diamines & Chemicals Ltd
ELANTAS,Elantas Beck India Ltd
DRREDDY,Dr Reddys Laboratories Ltd
EIDPARRY,Eid Parry India Ltd
PGHL,Procter & Gamble Health Ltd
ELECTCAST,Electrosteel Castings Ltd
ESABINDIA,Esab India Ltd
EPL,Epl Ltd
ESTER,Ester Industries Ltd
FGP,Fgp Ltd
PHCAP,Ph Capital Ltd
FINCABLES,Finolex Cables Ltd
COCKERILL,John Cockerill India Ltd
UFLEX,Uflex Ltd
FOSECOIND,Foseco India Ltd
GOLDENTOBC,Golden Tobacco Ltd
GANESHBE,Ganesh Benzoplast Ltd
METROGLOBL,Metroglobal Ltd
GTL,Gtl Ltd
GODFRYPHLP,Godfrey Phillips India Ltd
GODREJIND,Godrej Industries Ltd
KANSAINER,Kansai Nerolac Paints Ltd
GOODRICKE,Goodricke Group Ltd
GOODYEAR,Goodyear India Ltd
GTNINDS,Gtn Industries Ltd
GHCL,Ghcl Ltd
GFLLIMITED,Gfl Ltd
GLFL,Gujarat Lease Financing Ltd
HCL-INSYS,Hcl Infosystems Ltd
HDFCBANK,Hdfc Bank Ltd
HEROMOTOCO,Hero Motocorp Ltd
HFCL,Hfcl Ltd
HSCL,Himadri Speciality Chemical Ltd
HCC,Hindustan Construction Company Ltd
HINDOILEXP,Hindustan Oil Exploration Company Ltd
AGI,Agi Greenpac Ltd
HINDZINC,Hindustan Zinc Ltd
NDLVENTURE,Ndl Ventures Ltd
HMT,Hmt Ltd
PRAGBOS,Prag Bosimi Synthetics Ltd
HLVLTD,Hlv Ltd
IGPL,Ig Petrochemicals Ltd
INDIAGLYCO,India Glycols Ltd
INDLEASE,India Lease Development Ltd
MARGOFIN,Margo Finance Ltd
INDORAMA,Indo Rama Synthetics (India) Ltd
INFY,Infosys Ltd
INGERRAND,Ingersoll-Rand (India) Ltd
ITHL,International Travel House Ltd
IONEXCHANG,Ion Exchange India Ltd
SUNDROP,Sundrop Brands Ltd
JISLJALEQS,Jain Irrigation Systems Ltd
JASCH,Jasch Industries Ltd
JINDALPOLY,Jindal Poly Films Ltd
JSWSTEEL,Jsw Steel Ltd
KAJARIACER,Kajaria Ceramics Ltd
KAKATCEM,Kakatiya Cement Sugar & Industries Ltd
KSL,Kalyani Steels Ltd
WHIRLPOOL,Whirlpool Of India Ltd
KGDENIM,Kg Denim Ltd
KINETICENG,Kinetic Engineering Ltd
KIRLOSBROS,Kirloskar Brothers Ltd
KIRLOSIND,Kirloskar Industries Ltd
KIRLFER,Kirloskar Ferrous Industries Ltd
ENVAIREL,Envair Electrodyne Ltd
KOTAKBANK,Kotak Mahindra Bank Ltd
KSB,Ksb Ltd
LGBBROSLTD,Lg Balakrishnan & Bros Ltd
TRENT,Trent Ltd
LMW,Lmw Ltd
LICHSGFIN,Lic Housing Finance Ltd
LUPIN,Lupin Ltd
LYKALABS,Lyka Labs Ltd
RAMCOCEM,The Ramco Cements Ltd
HYBRIDFIN,Hybrid Financial Services Ltd
MAFATIND,Mafatlal Industries Ltd
MAHSEAMLES,Maharashtra Seamless Ltd
MAHSCOOTER,Maharashtra Scooters Ltd
MAJESAUT,Majestic Auto Ltd
MANALIPETC,Manali Petrochemicals Ltd
BARODARY,Baroda Rayon Corporation Ltd
MFSL,Max Financial Services Ltd
MIDINDIA,Mid India Industries Ltd
MIRCELECTR,Mirc Electronics Ltd
CENTENKA,Century Enka Ltd
MODTHREAD,Modern Thread India Ltd
LORDSCHLO,Lords Chloro Alkali Ltd
SPICEJET,Spicejet Ltd
MOREPENLAB,Morepen Laboratories Ltd
MRF,Mrf Ltd
HEIDELBERG,Heidelbergcement India Ltd
NCC,Ncc Ltd
VEDL,Vedanta Ltd
NAHARSPING,Nahar Spinning Mills Ltd
NAPEROL,Naperol Investments Ltd
GRASIM,Grasim Industries Ltd
NIITLTD,Niit Ltd
JAYKAY,Jaykay Enterprises Ltd
NIRLON,Nirlon Ltd
ONGC,Oil And Natural Gas Corporation Ltd
OILCOUNTUB,Oil Country Tubular Ltd
ORIENTHOT,Oriental Hotels Ltd
OSWALAGRO,Oswal Agro Mills Ltd
INDSUCR,Indian Sucrose Ltd
PANCM,Panyam Cements & Mineral Industries Ltd
RELIANCE,Reliance Industries Ltd
PILITA,Pil Italica Lifestyle Ltd
RAYMOND,Raymond Ltd
PIDILITIND,Pidilite Industries Ltd
PIXTRANS,Pix Transmissions Ltd
BIRLACORPN,Birla Corporation Ltd
SURYAROSNI,Surya Roshni Ltd
PRIMESECU,Prime Securities Ltd
PRSMJOHNSN,Prism Johnson Ltd
RAIN,Rain Industries Ltd
PRUDMOULI,Prudential Sugar Corporation Ltd
AMJLAND,Amj Land Holdings Ltd
PUNJCOMMU,Punjab Communications Ltd
RSWM,Rswm Ltd
RAJSREESUG,Rajshree Sugars & Chemicals Ltd
RALLIS,Rallis India Ltd
RAMANEWS,Shree Rama Newsprint Ltd
RAMAPPR-B,Rama Paper Mills Ltd
RAPICUT,Rapicut Carbides Ltd
WELSPLSOL,Welspun Specialty Solutions Ltd
RUBFILA,Rubfila International Ltd
PATANJALI,Patanjali Foods Ltd
SALORAINTL,Salora International Ltd
SAMTELIN,Samtel India Ltd
JINDALSAW,Jindal Saw Ltd
JKLAKSHMI,Jk Lakshmi Cement Ltd
SHREECEM,Shree Cement Ltd
SKPMIL,Shree Krishna Paper Mills & Industries Ltd
SILVERLINE,Silverline Technologies Ltd
TATAPOWER,Tata Power Company Ltd
SPMLINFRA,Spml Infra Ltd
SUNDRMFAST,Sundram Fasteners Ltd
SUNFLAG,Sunflag Iron & Steel Company Ltd
SPLPETRO,Supreme Petrochem Ltd
SWARAJENG,Swaraj Engines Ltd
TATAELXSI,Tata Elxsi Ltd
ACC,Acc Ltd
THERMAX,Thermax Ltd
TIRUMALCHM,Thirumalai Chemicals Ltd
THOMASCOOK,Thomas Cook (India) Ltd
TIMEX,Timex Group India Ltd
TOKYOPLAST,Tokyo Plast International Ltd
TORNTPHARM,Torrent Pharmaceuticals Ltd
TPINDIA,Tpi India Ltd
TRANSCHEM,Transchem Ltd
AMBUJACEM,Ambuja Cements Ltd
UTLINDS,Utl Industries Ltd
UNIENTER,Uniphos Enterprises Ltd
VHL,Vardhman Holdings Ltd
HINDALCO,Hindalco Industries Ltd
WSTCSTPAPR,West Coast Paper Mills Ltd
HOCL,Hindustan Organic Chemicals Ltd
MPILCORPL,Mpil Corporation Ltd
PASUPTAC,Pasupati Acrylon Ltd
TEAM24,Team24 Consumer Products Ltd
PGHH,Procter & Gamble Hygiene And Health Care Ltd
MUKANDLTD,Mukand Ltd
BBOX,Black Box Ltd
UCAL,Ucal  Ltd
HARRMALAYA,Harrisons Malayalam Ltd
FEDERALBNK,Federal Bank Ltd
TATASTEEL,Tata Steel Ltd
SKFINDIA,Skf India Ltd
ASHOKLEY,Ashok Leyland Ltd
CUMMINSIND,Cummins India Ltd
TATACOMM,Tata Communications Ltd
ABBOTINDIA,Abbott India Ltd
BAJAJHLDNG,Bajaj Holdings & Investment Ltd
BHARATFORG,Bharat Forge Ltd
ESCORTS,Escorts Kubota Ltd
HINDMOTORS,Hindustan Motors Ltd
LT,Larsen & Toubro Ltd
M&M,Mahindra & Mahindra Ltd
BOSCHLTD,Bosch Ltd
PREMIER,Premier Ltd
BPCL,Bharat Petroleum Corporation Ltd
SIEMENS,Siemens Ltd
TMPV,Tata Motors Passenger Vehicles Ltd
VOLTAS,Voltas Ltd
GESHIP,Great Eastern Shipping Company Ltd
DEEPAKFERT,Deepak Fertilisers & Petrochemicals Corporation Ltd
EXCELINDUS,Excel Industries Ltd
GRWRHITECH,Garware Hi-Tech Films Ltd
GLAXO,Glaxosmithkline Pharmaceuticals Ltd
GNFC,Gujarat Narmada Valley Fertilizers & Chemicals Ltd
NOVARTIND,Novartis India Ltd
SANOFI,Sanofi India Ltd
PFIZER,Pfizer Ltd
GSFC,Gujarat State Fertilizers & Chemicals Ltd
HINDUNILVR,Hindustan Unilever Ltd
JSWDULUX,Jsw Dulux Ltd
NOCIL,Nocil Ltd
TATACHEM,Tata Chemicals Ltd
TNPETRO,Tamilnadu Petroproducts Ltd
ZUARIIND,Zuari Industries Ltd
NESTLEIND,Nestle India Ltd
TATACONSUM,Tata Consumer Products Ltd
ASIANPAINT,Asian Paints Ltd
BRITANNIA,Britannia Industries Ltd
COLPAL,Colgate Palmolive (India) Ltd
EIHOTEL,Eih Ltd
INDHOTEL,Indian Hotels Company Ltd
CASTROLIND,Castrol India Ltd
ITC,Itc Ltd
APOLLOTYRE,Apollo Tyres Ltd
CEATLTD,Ceat Ltd
MODIRUBBER,Modi Rubber Ltd
FINPIPE,Finolex Industries Ltd
SUNRINV,Sunrise Industrial Traders Ltd
ZGOLDINV,Gold Rock Investments Ltd
DSINVEST,Dalal Street Investments Ltd
CENTRUM,Centrum Capital Ltd
KARTKIN,Kartik Investments Trust Ltd
TCIFINANCE,Tci Finance Ltd
ANTARIKSH,Antariksh Industries Ltd
IITL,Industrial Investment Trust Ltd
INDPRUD,Industrial & Prudential Investment Company Ltd
TATAINVEST,Tata Investment Corporation Ltd
JAYBHCR,Jayabharat Credit Ltd
PRISMX,Prismx Global Ventures Ltd
MOTOGENFIN,Motor & General Finance Ltd
RAPIDIN,Rapid Investments Ltd
WALCHPF,Walchand Peoplefirst Ltd
EENTER,E & E Enterprises Ltd
WHBRADY,Wh Brady & Company Ltd
TECHNVISN,Technvision Ventures Ltd
SHAILY,Shaily Engineering Plastics Ltd
BBTC,The Bombay Burmah Trading Corporation Ltd
BOMBCYC,Bombay Cycle & Motor Agency Ltd
GREAVESCOT,Greaves Cotton Ltd
MULLER,Muller & Phipps India Ltd
SFTL,Springform Technology Ltd
AMALGAM,Amalgamated Electricity Company Ltd
ANANDPROJ,Anand Projects Ltd
INDIANVSH,Indianivesh Ltd
COASTCORP,Coastal Corporation Ltd
CHOWGULSTM,Chowgule Steamships Ltd
GARWAOFFS,Garware Offshore Services Ltd
DHENUBUILD,Dhenu Buildcon Infra Ltd
ASIIL,Asi Industries Ltd
SAGCEM,Sagar Cements Ltd
DECCANCE,Deccan Cements Ltd
MANGLMCEM,Mangalam Cement Ltd
NCLIND,Ncl Industries Ltd
SAURASHCEM,Saurashtra Cement Ltd
SHREDIGCEM,Shree Digvijay Cement Company Ltd
BORORENEW,Borosil Renewables Ltd
LERTHAI,Lerthai Finance Ltd
TRIVENIGQ,Triveni Glass Ltd
NILACHAL,Nilachal Refractories Ltd
ANDHRAPAP,Andhra Paper Ltd
BALKRISIND,Balkrishna Industries Ltd
ORIENTPPR,Orient Paper & Industries Ltd
CITADEL,Citadel Realty And Developers Ltd
ROLLT,Rollatainers Ltd
SESHAPAPER,Seshasayee Paper And Boards Ltd
NATHIND,Nath Industries Ltd
VAPIENTER,Vapi Enterprise Ltd
DCM,Dcm Ltd
ZGAEKWAR,Gaekwar Mills Ltd
FORBESCO,Forbes & Company Ltd
HPCOTTON,Hp Cotton Textile Mills Ltd
UNITEDINT,United Interactive Ltd
JAMSHRI,Jamshri Realty Ltd
KATRSPG,Katare Spinning Mills Ltd
KESORAMIND,Kesoram Industries Ltd
LAKSHMIMIL,Lakshmi Mills Company Ltd
VTL,Vardhman Textiles Ltd
PENINLAND,Peninsula Land Ltd
PASUSPG,Pasupati Spinning & Weaving Mills Ltd
PHOENIXLTD,The Phoenix Mills Ltd
MARATHON,Marathon Nextgen Realty Ltd
RAJABAH,Raja Bahadur International Ltd
RELCHEMQ,Reliance Chemotex Industries Ltd
RUBYMILLS,Ruby Mills Ltd
SIMPLXREA,Simplex Realty Ltd
SWANCORP,Swan Corp Ltd
VICTMILL,Victoria Mills Ltd
ZSVTRADI,Sv Trading & Agencies Ltd
ZSVARAJT,Svaraj Trading & Agencies Ltd
KSHITIJ,Kshitij Investments Ltd
SALSAIN,Shree Salasar Investments Ltd
INDSOYA,Indsoya Ltd
ZODIACVEN,Zodiac Ventures Ltd
VEERENRGY,Veer Energy & Infrastructure Ltd
TILAK,Tilak Ventures Ltd
UNIJOLL,Unijolly Investments Company Ltd
WAGEND,Wagend Infra Venture Ltd
ELCIDIN,El Cid Investments Ltd
MEDIAONE,Mediaone Global Entertainment Ltd
HEALINV,Healthy Investments Ltd
SHRENTI,Shreenath Investment Company Ltd
BANSWRAS,Banswara Syntex Ltd
MODWOOL,Modella Woollens Ltd
MODIPON,Modipon Ltd
SHRIDINE,Shri Dinesh Mills Ltd
SRF,Srf Ltd
SIYSIL,Siyaram Silk Mills Ltd
SWADPOL,Swadeshi Polytex Ltd
SHRAJSYNQ,Shree Rajasthan Syntex Ltd
SHRMFGC,Shree Manufacturing Company Ltd
ZSATYASL,Satyam Silk Mills Ltd
BBL,Bharat Bijlee Ltd
ELPROINTL,Elpro International Ltd
GEE,Gee Ltd
HIRECT,Hind Rectifiers Ltd
NIPPOBATRY,Indo National Ltd
ZENSARTECH,Zensar Technologies Ltd
JYOTI,Jyoti Ltd
JSLINDL,Jsl Industries Ltd
KAYCEEI,Kaycee Industries Ltd
INDOKEM,Indokem Ltd
PANAENERG,Panasonic Energy India Company Ltd
NELCO,Nelco Ltd
PERMAGN,Permanent Magnets Ltd
HIGHENE,High Energy Batteries India Ltd
STDBAT,Standard Batteries Ltd
UNIVCABLES,Universal Cables Ltd
WSI,W. S. Industries (India) Ltd
DLTNCBL,Delton Cables Ltd
LAKSELEC,Lakshmi Electrical Control Systems Ltd
MODULEX,Modulex Construction Technologies Ltd
DELTAMAGNT,Delta Manufacturing Ltd
LONGSPUR,Longspur International Ventures Ltd
RELTD,Ravindra Energy Ltd
EMPOWER,Empower India Ltd
ZMULTIPU,Multipurpose Trading & Agencies Ltd
RIDHISYN,Ridhi Synthetics Ltd
GRANDMA,Grandma Trading & Agencies Ltd
ZARDIINV,Ardi Investments & Trading Company Ltd
SOFTBPO,Softbpo Global Services Ltd
NYSSACORP,Nyssa Corporation Ltd
FLOMIC,Flomic Global Logistics Ltd
KRISHNA,Krishna Ventures Ltd
UNIABEXAL,Uni Abex Alloy Products Ltd
SARDAEN,Sarda Energy & Minerals Ltd
BGWTATO,Bhagwati Autocast Ltd
BOMBWIR,Bombay Wire Ropes Ltd
AZADIND,Azad India Mobility Ltd
INDIANHUME,Indian Hume Pipe Company Ltd
INLCM,Indian Link Chain Manufacturers Ltd
INVPRECQ,Investment & Precision Castings Ltd
INFORTEC,Informed Technologies India Ltd
KAIRA,Kaira Can Company Ltd
ORIENTCER,Orient Ceratech Ltd
NATIONSTD,National Standard (India) Ltd
RATHIST,Rathi Steel & Power Ltd
DUNCANENG,Duncan Engineering Ltd
SANDUMA,Sandur Manganese & Iron Ores Ltd
STOVACQ,Stovec Industries Ltd
CHOLAHLDNG,Cholamandalam Financial Holdings Ltd
ZWELCAST,Welcast Steels Ltd
WMINIMT,Western Ministil Ltd
AUTOAXLES,Automotive Axles Ltd
ATLASCYCLE,Atlas Cycles (Haryana) Ltd
AUTOPRD,Automobile Products Of India Ltd
ACGL,Automobile Corporation Of Goa Ltd
SETCO,Setco Automotive Ltd
TALBROAUTO,Talbros Automotive Components Ltd
ZFSTEERING,Zf Steering Gear India Ltd
SMLMAH,Sml Mahindra Ltd
TIL,Til Ltd
EICHERMOT,Eicher Motors Ltd
JAINEX,Jainex Aamcol Ltd
ALFREDHE,Alfred Herbert India Ltd
VELJAN,Veljan Denison Ltd
DYNAMATECH,Dynamatic Technologies Ltd
GGDPROP,G. G. Dandekar Properties Ltd
GMMPFAUDLR,Gmm Pfaudler Ltd
KIRLPNU,Kirloskar Pneumatic Company Ltd
TULIVE,Tulive Developers Ltd
KPT,Kpt Industries Ltd
LAKSHMIEW,Lakshmi Engineering And Warehousing Ltd
MANUGRAPH,Manugraph India Ltd
HARSHILAGR,Harshil Agrotech Ltd
MONOT,Monotype India Ltd
NESCO,Nesco Ltd
INTEGRAEN,Integra Engineering India Ltd
SEMAC,Semac Construction Ltd
TEXINFRA,Texmaco Infrastructure & Holdings Ltd
WENDT,Wendt (India) Ltd
PSITINFRA,Ps It Infrastructure & Services Ltd
GHVINFRA,Ghv Infra Projects Ltd
RESPONIND,Responsive Industries Ltd
SHYMINV,Shyamkamal Investments Ltd
ZHEMHOLD,Hem Holdings & Trading Ltd
MAHACORP,Maharashtra Corporation Ltd
DOLATALGO,Dolat Algotech Ltd
WESTLIFE,Westlife Foodworld Ltd
ZEEL,Zee Entertainment Enterprises Ltd
ZKOVALIN,Kovalam Investment & Trading Company Ltd
SVPGLOB,Svp Global Textiles Ltd
MULTIIN,Multiplus Holdings Ltd
SKYLMILAR,Skyline Millars Ltd
BIMETAL,Bimetal Bearings Ltd
TAPARIA,Taparia Tools Ltd
BHARATGEAR,Bharat Gears Ltd
BRADYM,Brady & Morris Engineering Company Ltd
LATIMMETAL,La Tim Metal & Industries Ltd
ELECON,Elecon Engineering Company Ltd
GRAUWEIL,Grauer & Weil India Ltd
HIMTEK,Him Teknoforge Ltd
GABRIEL,Gabriel India Ltd
HERCULES,Hercules Investments Ltd
ALGOQUANT,Algoquant Fintech Ltd
IFBIND,Ifb Industries Ltd
SINGERIND,Singer India Ltd
INTLCOMBQ,International Combustion India Ltd
FMGOETZE,Federal-Mogul Goetze (India) Ltd
JOSTS,Josts Engineering Company Ltd
SCHAEFFLER,Schaeffler India Ltd
RANEHOLDIN,Rane Holdings Ltd
ROLCOEN,Rolcon Engineering Company Ltd
SNL,Snl Bearings Ltd
JAIPAN,Jaipan Industries Ltd
MANCREDIT,Mangal Credit And Fincorp Ltd
TRF,Trf Ltd
WPIL,Wpil Ltd
KENNAMET,Kennametal India Ltd
HINDHARD,Hindustan Hardy Ltd
TRITONV,Triton Valves Ltd
SUDAI,Sudal Industries Ltd
PRAKASH,Prakash Industries Ltd
HVL,Hariyana Ventures Ltd
ZPRBHSTE,Prabhu Steel Industries Ltd
ARSHIYA,Arshiya Ltd
GRINDWELL,Grindwell Norton Ltd
LAKPRE,Lakshmi Precision Screws Ltd
STANROS,Stanrose Mafatlal Investments & Finance Ltd
GENESYS,Genesys International Corporation Ltd
ALNATRD,Alna Trading & Exports Ltd
VOLKAI,Kairosoft Ai Solutions Ltd
PARNAXLAB,Parnax Lab Ltd
GOURMET,Gourmet Gateway India Ltd
VIVIDHA,Visagar Polytex Ltd
ISHWATR,Ishwarshakti Holdings & Traders Ltd
TERRAFORM,Terraform Magnum Ltd
APIS,Apis India Ltd
VELOX,Velox Shipping And Logistics Ltd
EMERGENT,Emergent Industrial Solutions Ltd
KANANIIND,Kanani Industries Ltd
GSLTD,Galaxy Supermarket Ltd
ZSARVAMA,Sarvamangal Mercantile Company Ltd
ARIHANTSUP,Arihant Superstructures Ltd
VIKSHEN,Viksit Engineering Ltd
BLISSGVS,Bliss Gvs Pharma Ltd
STYRENIX,Styrenix Performance Materials Ltd
ALEMBICLTD,Alembic Ltd
AMNPLST,Amines & Plasticizers Ltd
ANUHPHR,Anuh Pharma Ltd
MODISONLTD,Modison Ltd
BAYERCROP,Bayer Cropscience Ltd
STARSOURCE,Star Source Multi Trade Ltd
CITURGIA,Citurgia Biochemicals Ltd
SUDARCOLOR,Sudarshan Colorants India Ltd
COROMANDEL,Coromandel International Ltd
DEEPAKNTR,Deepak Nitrite Ltd
DMCC,Dmcc Speciality Chemicals Ltd
FERMENTA,Fermenta Biotech Ltd
GOCLCORP,Gocl Corporation Ltd
JAYCH,Jayshree Chemicals Ltd
KANORICHEM,Kanoria Chemicals & Industries Ltd
KELENRG,Keltech Energies Ltd
KEMP,Kemp & Company Ltd
NITTAGELA,Nitta Gelatin India Ltd
MPAGI,Mp Agro Industries Ltd
AGVENTURES,Ag Ventures Ltd
PBGLOBAL,Pb Global Ltd
PCBL,Pcbl Chemical Ltd
AMAL,Amal Ltd
POLYCHEM,Polychem Ltd
PUNJABCHEM,Punjab Chemicals & Crop Protection Ltd
ZR2,Zr2 Bioenergy Ltd
SADHNANIQ,Sadhana Nitro Chem Ltd
SUDARSCHEM,Sudarshan Chemical Industries Ltd
TECILCHEM,Tecil Chemicals & Hydro Power Ltd
ULTRAMAR,Ultramarine & Pigments Ltd
TRANSPEK,Transpek Industry Ltd
UNICHEMLAB,Unichem Laboratories Ltd
MYSORPETRO,Mysore Petro Chemicals Ltd
ALKYLAMINE,Alkyl Amines Chemicals Ltd
TUTIALKA,Tuticorin Alkali Chemicals And Fertilizers Ltd
ASTRAZEN,Astrazeneca Pharma India Ltd
PRIMO,Primo Chemicals Ltd
TANFACIND,Tanfac Industries Ltd
GUJPETR,Gujarat Petrosynthese Ltd
SWADEIN,Swadeshi Industries & Leasing Ltd
GUJTHEM,Gujarat Themis Biosyn Ltd
SCBL,Saptak Chem And Business Ltd
MAKERSL,Makers Laboratories Ltd
CONTCHM,Continental Chemicals Ltd
JBCHEPHARM,Jb Chemicals & Pharmaceuticals Ltd
IGLFXPL-B,Indo Gulf Industries Ltd
ADVPETR-B,Advance Petrochemicals Ltd
RAJSPTR,Rajasthan Petro Synthetics Ltd
APTPACK,Apt Packaging Ltd
BLUECHIPT,Bluechip Tex Industries Ltd
JAGAJITIND,Jagatjit Industries Ltd
KESARENT,Kesar Enterprises Ltd
TI,Tilaknagar Industries Ltd
EMERALL,Emerald Leisures Ltd
RAVALSUGAR,The Ravalgaon Sugar Farm Ltd
SAKHTISUG,Sakthi Sugars Ltd
WALCHANNAG,Walchandnagar Industries Ltd
IFBAGRO,Ifb Agro Industries Ltd
KFBL,Kothari Fermentation & Biochem Ltd
CAPRO,Caprolactam Chemicals Ltd
GMBREW,Gm Breweries Ltd
RANASUG,Rana Sugars Ltd
PICCASUG,Piccadily Sugar & Allied Industries Ltd
SDBL,Som Distilleries & Breweries Ltd
CJGEL,Cj Gelatine Products Ltd
ASALCBR,Associated Alcohols & Breweries Ltd
THAKKERS,Thakkers Group Ltd
CORAGRO,Coromandel Agro Products & Oils Ltd
FOODSIN,Foods & Inns Ltd
IVP,Ivp Ltd
KLRFM,Kovilpatti Lakshmi Roller Flour Mills Ltd
OLYOI,Olympic Oil Industries Ltd
MLKFOOD,Milkfood Ltd
POLSON,Polson Ltd
SIGNGCL,Signature Green Corporation Ltd
WIPRO,Wipro Ltd
ORIBEVER,Orient Beverages Ltd
DHANUKA,Dhanuka Agritech Ltd
TTKHLTCARE,Ttk Healthcare Ltd
TGVSL,Tgv Sraac Ltd
LIMECHM,Lime Chemicals Ltd
KANPRPLA,Kanpur Plastipack Ltd
TAINWALCHM,Tainwala Chemicals And Plastics (India) Ltd
JAGSNPHARM,Jagsonpal Pharmaceuticals Ltd
KHAICHEM,Khaitan Chemicals & Fertilizers Ltd
UNTTEMI,United Leasing & Industries Ltd
NOL,National Oxygen Ltd
GILLETTE,Gillette India Ltd
WIREFABR,Wires & Fabriks Sa Ltd
ANSALHSG,Ansal Housing Ltd
COMPUPN,Computer Point Ltd
MCCHRLS-B,Mac Charles India Ltd
ADDIND,Addi Industries Ltd
PIONRINV,Pioneer Investcorp Ltd
ASHNOOR,Ashnoor Textile Mills Ltd
UNITECH,Unitech Ltd
VIPIND,Vip Industries Ltd
FIBERWEB,Fiberweb India Ltd
GYFTR,Gyftr Ltd
EASTBUILD,East Buildtech Ltd
MNPLFIN,Manipal Finance Corporation Ltd
BAJAJST,Bajaj Steel Industries Ltd
KIDUJA,Kiduja India Ltd
KEYCORP,Key Corporation Ltd
SHIKHARLETR,Shikhar Leasing & Trading Ltd
GUJHOTE,Gujarat Hotels Ltd
FYNX,Fynx Capital Ltd
RASRESOR,Ras Resorts & Apart Hotels Ltd
JOLYPLS,Jolly Plastic Industries Ltd
PARMCOS-B,Paramount Cosmetics India Ltd
JINDHOT,Jindal Hotels Ltd
DESIFARMS,Desi Farms India Ltd
JPTRLES,Jupiter Industries & Leasing Ltd
SIMMOND,Simmonds Marshall Ltd
BNALTD,B & A Ltd
HAWKINCOOK,Hawkins Cookers Ltd
WARRENTEA,Warren Tea Ltd
COCHMAL,Cochin Malabar Estates & Industries Ltd
BESTEAST,Best Eastern Hotels Ltd
NEAGI,Neelamalai Agro Industries Ltd
ISTLTD,I S T Ltd
COSMOFIRST,Cosmo First Ltd
NEWMKTAVE,New Markets Avenue Ltd
APOLLOHOSP,Apollo Hospitals Enterprise Ltd
NITINCAST,Nitin Castings Ltd
NEXOME,Nexome Capital Markets Ltd
EVERESTIND,Everest Industries Ltd
IRONWOOD,Ironwood Education Ltd
MSRINDIA,Msr India Ltd
AYMSYNTEX,Aym Syntex Ltd
PANCARBON,Panasonic Carbon India Company Ltd
FINKURVE,Finkurve Financial Services Ltd
HBLEAS,Hb Leasing & Finance Company Ltd
SHRICON,Shricon Industries Ltd
SULABEN,Sulabh Engineers & Services Ltd
FRONTCAP,Frontier Capital Ltd
NAVNETEDUL,Navneet Education Ltd
KEDIACN,Kedia Construction Company Ltd
TRANOCE,Transoceanic Properties Ltd
AUSOMENT,Ausom Enterprise Ltd
THAKRAL,Thakral Services India Ltd
RUCHINFRA,Ruchi Infrastructure Ltd
GOLDLEG,Golden Legand Leasing & Finance Ltd
VJTFEDU,Vjtf Eduservices Ltd
VOLLF,Voltaire Leasing & Finance Ltd
NETLINK,Netlink Solutions India Ltd
TRILIANCE,Triliance Polymers Ltd
LANCORHOL,Lancor Holdings Ltd
INDINFO,Indian Infotech & Software Ltd
BANASFN,Banas Finance Ltd
VISAKAIND,Visaka Industries Ltd
INFOMEDIA,Infomedia Press Ltd
HATHWAYB,Hathway Bhawani Cabletel & Datacom Ltd
GUFICBIO,Gufic Biosciences Ltd
GRPLTD,Grp Ltd
INDAG,Indag Rubber Ltd
MMRUBBR-B,Mm Rubber Company Ltd
PTL,Ptl Enterprises Ltd
TVSSRICHAK,Tvs Srichakra Ltd
SEL,Sanathnagar Enterprises Ltd
BENARAS,Benares Hotels Ltd
BHAGWOX,Bhagawati Oxygen Ltd
BOMOXY-B1,Bombay Oxygen Investments Ltd
CRAVATEX,Cravatex Ltd
BERGEPAINT,Berger Paints India Ltd
CAPRIHANS,Caprihans India Ltd
GRAPHITE,Graphite India Ltd
CEMPRO,Cemindia Projects Ltd
EMPIND,Empire Industries Ltd
GRAVISSHO,Graviss Hospitality Ltd
GARFIBRES,Garware Technical Fibres Ltd
GARWAMAR,Garware Marine Industries Ltd
GOACARBON,Goa Carbon Ltd
HARDCAS,Hardcastle & Waud Manufacturing Company Ltd
HEG,Heg Ltd
HINDCOMPOS,Hindustan Composites Ltd
ZHINDHSG,Hindustan Housing Company Ltd
BIRLANU,Birlanu Ltd
INDIANCARD,Indian Card Clothing Company Ltd
INTLCONV,International Conveyors Ltd
JAYSREETEA,Jay Shree Tea & Industries Ltd
KOTIC,Kothari Industrial Corporation Ltd
MODRNSH,Modern Shares & Stockbrokers Ltd
MAPROIN,Mapro Industries Ltd
OSEASPR,Oseaspre Consultants Ltd
HUHTAMAKI,Huhtamaki India Ltd
PREMSYN,Premier Synthetics Ltd
RJSHAH,Rj Shah & Company Ltd
SHAHCON,Shah Construction Company Ltd
SHALPAINTS,Shalimar Paints Ltd
SINNAR,Sinnar Bidi Udyog Ltd
HINDMILL,Hindoostan Mills Ltd
ZSOUTGAS,Southern Gas Ltd
TECHCON,Technojet Consultants Ltd
SUPREMEIND,Supreme Industries Ltd
THACKER,Thacker & Company Ltd
TRADWIN,Trade Wings Ltd
UPHOT,Up Hotels Ltd
VSTIND,Vst Industries Ltd
SWASTIVI,Swasti Vinayaka Synthetics Ltd
MADHUSE,Madhusudan Securities Ltd
YAMNINV,Yamini Investments Company Ltd
PREMCAP,Premier Capital Services Ltd
ZMILGFIN,Milgrey Finance & Investments Ltd
JINDRILL,Jindal Drilling & Industries Ltd
ZARCOLEA,Arco Leasing Ltd
KUSUMEL,Kusam Electrical Industries Ltd
JUMBFNL,Jumbo Finance Ltd
SAKTHIFIN,Sakthi Finance Ltd
EASYFIN,Easy Fincorp Ltd
AEROENTER,Aeroflex Enterprises Ltd
JMDVL,Jmd Ventures Ltd
TVOLCON,Tivoli Construction Ltd
SHIVATEX,Shiva Texyarn Ltd
VBDESAI,V B Desai Financial Services Ltd
QUADRANT,Quadrant Televentures Ltd
1STCUS,First Custodian Fund India Ltd
KAMANWALA,Kamanwala Housing Construction Ltd
WSFX,Wsfx Global Pay Ltd
ANJANIFOODS,Anjani Foods Ltd
RKDAGRRTL,Rkd Agri & Retail Ltd
PARSHWANA,Parshwanath Corporation Ltd
RAJVI,Rajvi Logitrade Ltd
MILLENNIUM,Millennium Online Solutions ( India ) Ltd
ICDSLTD,Icds Ltd
CANFINHOME,Can Fin Homes Ltd
MUNCAPM,Munoth Capital Markets Ltd
IVC,Il&Fs Investment Managers Ltd
SHRIRAMFIN,Shriram Finance Ltd
CHOLAFIN,Cholamandalam Investment And Finance Company Ltd
BOMTALKIES,Bombay Talkies Ltd
SAGARSYST,Sagar Systech Ltd
ICONIKSPEV,Iconik Sports And Events Ltd
VLSFINANCE,Vls Finance Ltd
INDCEMCAP,India Cements Capital Ltd
ADMANUM,Ad-Manum Finance Ltd
MEHIF,Mehta Integrated Finance Ltd
INTRGLB,Inter Globe Finance Ltd
MCLTD,Munoth Communication Ltd
SHRISTI,Shristi Infrastructure Development Corporation Ltd
CREST,Crest Ventures Ltd
VAKRANGEE,Vakrangee Ltd
GUJCRED,Gujarat Credit Corporation Ltd
SYLPH,Sylph Industries Ltd
DHARFIN,Dharani Finance Ltd
ALEXANDER,Alexander Stamps And Coin Ltd
INDBANK,Indbank Merchant Banking Services Ltd
SHRYDUS,Shrydus Industries Ltd
BHARAT,Bharat Bhushan Finance & Commodity Brokers Ltd
CAPTRUST,Capital Trust Ltd
USHAKIRA,Ushakiran Finance Ltd
VIVOBIOT,Vivo Bio Tech Ltd
VEERHEALTH,Veerhealth Care Ltd
PANINDIAC,Pan India Corporation Ltd
SAHARAHOUS,Sahara Housingfina Corporation Ltd
NDASEC,Nda Securities Ltd
SUPRATRE,Supra Trends Ltd
GSBFIN,Gsb Finance Ltd
MORARKFI,Morarka Finance Ltd
MONARCH,Monarch Networth Capital Ltd
PROFINC,Pro Fin Capital Services Ltd
TEAMGTY,Team India Guaranty Ltd
SANCF,Sanchay Finvest Ltd
CRESCENTIS,Crescentis Capital Ltd
MANTRA,Mantra Capital Ltd
BEFOUNDMOL,Befound Movement Ltd
AVONMORE,Avonmore Capital & Management Services Ltd
LIBORDFIN,Libord Finance Ltd
YASHMGM,Yash Management & Satellite Ltd
ARIHANTCAP,Arihant Capital Markets Ltd
ISLCONSUL,Isl Consulting Ltd
DCMFINSERV,Dcm Financial Services Ltd
RRFIN,Rr Financial Consultants Ltd
FEDDERSHOL,Fedders Holding Ltd
SAMBHAAV,Sambhaav Media Ltd
OLYMTFI,Olympic Management & Financial Services Ltd
DJSSS,Djs Stock & Shares Ltd
OMEGAIN,Omega Interactive Technologies Ltd
SUGALDAM,Sugal & Damani Share Brokers Ltd
NETTLINX,Nettlinx Ltd
BGIL,Bgil Films & Technologies Ltd
SCANSTL,Scan Steels Ltd
GICHSGFIN,Gic Housing Finance Ltd
AJCON,Ajcon Global Services Ltd
CHRTEDCA,Chartered Capital & Investment Ltd
STANCAP,Standard Capital Markets Ltd
YOGI,Yogi Ltd
CUBIFIN,Cubical Financial Services Ltd
RELICTEC,Relic Technologies Ltd
NIMBSPROJ,Nimbus Projects Ltd
INVIGO,Invigorated Business Consulting Ltd
BAIDFIN,Baid Finserv Ltd
VIPULLTD,Vipul Ltd
KZLFIN,Kz Leasing & Finance Ltd
MEHSECU,Mehta Securities Ltd
RFL,Ruparel Food Products Ltd
UGROCAP,Ugro Capital Ltd
SAHLIBHFI,Shalibhadra Finance Ltd
ABIRAFN,Abirami Financial Services India Ltd
MANSIFIN,Mansi Finance (Chennai) Ltd
AASTAFIN,Aastamangalam Finance Ltd
MUTHOOTCAP,Muthoot Capital Services Ltd
MASTERTR,Master Trust Ltd
ZNILKENG,Nilkanth Engineering Ltd
EFCIL,Efc (I) Ltd
SOBME,Sobhagya Mercantile Ltd
TTGIL,Tomorrow Technologies Global Innovations Ltd
ZSARACOM,Saraswati Commercial India Ltd
WINROC,Winro Commercial India Ltd
ASGARD,Asgard Alcobev Ltd
VEGA,Vega Jewellers Ltd
SKYBIOTECH,Skybiotech Healthcare Ltd
TCC,Tcc Concept Ltd
ROYALIND,Royal India Corporation Ltd
DHANSAFAL,Dhansafal Finserve Ltd
SHYAM,Ventura Guaranty Ltd
ZSANMCOM,Sanmitra Commercial Ltd
WARDHEALTH,Wardwizard Healthcare Ltd
VISVEN,Vishvprabha Ventures Ltd
MRUTR,Mrugesh Trading Ltd
DECNGOLD,Deccan Gold Mines Ltd
UPL,Upl Ltd
GDIL,Global Defence Industries Ltd
CRANESSOFT,Cranes Software International Ltd
SAICOM,Saianand Commercial Ltd
EY,Eyantra Ventures Ltd
TRIPR,Triochem Products Ltd
NIDHGRN,Nidhi Granites Ltd
AVIVA,Aviva Industries Ltd
ROSEMER,Rose Merc Ltd
TWIROST,Twin Roses Trades & Agencies Ltd
SIGIND,Signet Industries Ltd
KAJALSY,Kajal Synthetics & Silk Mills Ltd
AVANCE,Avance Technologies Ltd
MLINDLTD,M Lakhamsi Industries Ltd
TERRAREAL,Terraform Realstate Ltd
SECURKLOUD,Securekloud Technologies Ltd
ABANSENT,Abans Enterprises Ltd
VAMA,Vama Industries Ltd
SUNTECK,Sunteck Realty Ltd
BENTCOM,Bentley Commercial Enterprises Ltd
SILVERO,Silveroak Commercials Ltd
CLASELE,Classic Electricals Ltd
PRISMMEDI,Prism Medico And Pharmacy Ltd
SPVGLOBAL,Spv Global Trading Ltd
VERITAS,Veritas (India) Ltd
JAICORPLTD,Jai Corp Ltd
ZNIVITRD,Nivi Trading Ltd
ASHCAP,Ashirwad Capital Ltd
SVARTCORP,Swasti Vinayaka Art And Heritage Corporation Ltd
BAJGLOB,Bajaj Global Ltd
AVONMERC,Avon Mercantile Ltd
MMWL,Media Matrix Worldwide Ltd
TASHIND,Tashi India Ltd
AUTOINT,Autoriders International Ltd
ZSPEEDCO,Speedage Commercials Ltd
BHAGYANGR,Bhagyanagar India Ltd
SHANTAI,Shantai Industries Ltd
CHMBBRW,Chambal Breweries & Distilleries Ltd
ZMANSOON,Mansoon Trading Company Ltd
SGMART,Sg Mart Ltd
ARAVALIS,Aravali Securities & Finance Ltd
YASTF,Yash Trading & Finance Ltd
CUPIDALBV,Cupid Breweries And Distilleries Ltd
ZSHERAPR,Sheraton Properties & Finance Ltd
MAGANTR,Magnanimous Trade & Finance Ltd
CRSL,Cressanda Railway Solutions Ltd
STARTECK,Starteck Finance Ltd
SHARDUL,Shardul Securities Ltd
SERA,Sera Investments & Finance India Ltd
BENGALS,Bengal Steel Industries Ltd
IPOWER,I-Power Solutions India Ltd
UNIWSEC,Uniworth Securities Ltd
MERCTRD,Mercury Trade Links Ltd
NIRAVCOM,Nirav Commercials Ltd
WHITHAL,White Hall Commercial Company Ltd
ASUTENT,Asutosh Enterprise Ltd
APOLLOFI,Apollo Finvest India Ltd
ESQRMON,Esquire Money Guarantees Ltd
ENBETRD,Enbee Trade & Finance Ltd
GANONPRO,Ganon Products Ltd
DEVITRD,Devinsu Trading Ltd
SHRJAGP,Shri Jagdamba Polymers Ltd
LLOYDSME,Lloyds Metals And Energy Ltd
PUNCTRD,Punctual Trading Ltd
LLOYDSENT,Lloyds Enterprises Ltd
BETXIND,Betex India Ltd
VIRYA,Virya Resources Ltd
DHANCOT,Dhanlaxmi Cotex Ltd
OASISEC,Oasis Securities Ltd
GARNETINT,Garnet International Ltd
SHALPRO,Shalimar Productions Ltd
MEENST,Meenakshi Steel Industries Ltd
VARUNME,Varun Mercantile Ltd
VINVANI,Vinayak Vanijya Ltd
DONEAR,Donear Industries Ltd
SUPER,Super Sales India Ltd
VIYASH,Viyash Scientific Ltd
STCINDIA,State Trading Corporation Of India Ltd
ZENITHEXPO,Zenith Exports Ltd
KOHINOOR,Kohinoor Foods Ltd
NEELKANTH,Neelkanth Ltd
AVANTIFEED,Avanti Feeds Ltd
ZODJRDMKJ,Zodiac-Jrd-Mkj Ltd
SITAENT,Sita Enterprises Ltd
PULSRIN,Pulsar International Ltd
MANBRO,Manbro Industries Ltd
KEYFINSERV,Keynote Financial Services Ltd
ADANIENT,Adani Enterprises Ltd
ASTALLTD,Astal Laboratories Ltd
HARIAEXPO,Haria Exports Ltd
BHANDARI,Bhandari Hosiery Exports Ltd
RLF,Rlf Ltd
REGENTRP,Regent Enterprises Ltd
ORBTEXP,Orbit Exports Ltd
SAVERA,Savera Industries Ltd
CHROME,Chrome Silicon Ltd
ZJEETMAC,Jeet Machine Tools Ltd
NAVA,Nava Ltd
ZHINUDYP,Hindusthan Udyog Ltd
REMIEDEL,Remi Edelstahl Tubulars Ltd
GSAUTO,Gs Auto International Ltd
TRANSFRE,Trans Freight Containers Ltd
SBCL,Shivalik Bimetal Controls Ltd
GANDHITUBE,Gandhi Special Tubes Ltd
AMFORG,Amforge Industries Ltd
ONIXSOLAR,Onix Solar Energy Ltd
ORICONENT,Oricon Enterprises Ltd
ACROW,Acrow India Ltd
STLSTRINF,Steel Strips Infrastructures Ltd
PENIND,Pennar Industries Ltd
JYOTISTRUC,Jyoti Structures Ltd
JAYUSH,Jay Ushin Ltd
SSWL,Steel Strips Wheels Ltd
MANINDS,Man Industries (India) Ltd
IMEC,Imec Services Ltd
MDRNSTL,Modern Steels Ltd
BELDING,Belding India Ltd
GUJTLRM,Gujarat Toolroom Ltd
AJMERA,Ajmera Realty & Infra India Ltd
COCHINM,Cochin Minerals & Rutiles Ltd
INDIAHOMES,India Homes Ltd
KVFORGE,Krishanveer Forge Ltd
CARBORUNIV,Carborundum Universal Ltd
MMTC,Mmtc Ltd
VALLABHSQ,Vallabh Steels Ltd
SMFIL,Smiths & Founders (India) Ltd
BLOIN,Bloom Industries Ltd
MAITRI,Maitri Enterprises Ltd
SHAHALLOYS,Shah Alloys Ltd
ELANGO,Elango Industries Ltd
KANSHST,Kanishk Steel Industries Ltd
MAHALXSE,Mahalaxmi Seamless Ltd
SIMPLEXCAS,Simplex Castings Ltd
SSWRL,Shree Steel Wire Ropes Ltd
SIZEMASTER,Sizemasters Technology Ltd
SOUTHMG,Southern Magnesium & Chemicals Ltd
BAROEXT,Baroda Extrusion Ltd
GUJCONT,Gujarat Containers Ltd
KALYANIFRG,Kalyani Forge Ltd
PANCHMAHQ,Panchmahal Steel Ltd
ADITYA,Aditya Ispat Ltd
STEELCAS,Steelcast Ltd
PITTIENG,Pitti Engineering Ltd
GLITTEKG,Glittek Granites Ltd
PRADPME,Pradeep Metals Ltd
GNRL,Gujarat Natural Resources Ltd
TNSTLTU,Tamilnadu Steel Tubes Ltd
MSCTC,Mardia Samyoung Capillary Tubes Company Ltd
SHRDAIS,Sharda Ispat Ltd
MAHASTEEL,Mahamaya Steel Industries Ltd
NOVIS,Nova Iron & Steel Ltd
STERPOW,Sterling Powergensys Ltd
HINDCOPPER,Hindustan Copper Ltd
TULSYAN,Tulsyan Nec Ltd
AXELPOLY,Axel Polymers Ltd
NLCINDIA,Nlc India Ltd
SPECTRA,Spectra Industries Ltd
KAJARIR,Kic Metaliks Ltd
SOLIDSTON,Solid Stone Company Ltd
SHILGRAVQ,Shilp Gravures Ltd
WHITEORG,White Organic Agro Ltd
MFSINTRCRP,Mfs Intercorp Ltd
AROGRANITE,Aro Granite Industries Ltd
RUDRAECO,Rudra Ecovation Ltd
RAJKSYN,Rajkamal Synthetics Ltd
DEEPAKSP,Deepak Spinners Ltd
LOYALTEX,Loyal Textile Mills Ltd
HIMATSEIDE,Himatsingka Seide Ltd
BSL,Bsl Ltd
NEWTRAC,Newtrac Foods & Beverages Ltd
PBMPOLY,Pbm Polytex Ltd
ADINATH,Adinath Textiles Ltd
SURYALA,Suryalata Spinning Mills Ltd
TTL,T T Ltd
WELSPUNLIV,Welspun Living Ltd
INDIANACRY,Indian Acrylics Ltd
GANECOS,Ganesha Ecosphere Ltd
CEETAIN,Ceeta Industries Ltd
VARDMNPOLY,Vardhman Polytex Ltd
RISHYRN,Rishab Special Yarns Ltd
BLACKROSE,Black Rose Industries Ltd
STCORP,S & T Corporation Ltd
SUMEETINDS,Sumeet Industries Ltd
RAMGOPOLY,Ramgopal Polytex Ltd
SANGAMIND,Sangam India Ltd
TTLEL,Ttl Enterprises Ltd
MKVENTURES,Mkventures Capital Ltd
KUSHIND,Kush Industries Ltd
SRECR,Sreechem Resins Ltd
SURBHIN,Surbhi Industries Ltd
SEASONST,Seasons Textiles Ltd
ZENIFIB,Zenith Fibres Ltd
BHILSPIN,Bhilwara Spinners Ltd
VGL,Varvee Global Ltd
SANTETX,Sanrhea Technical Textiles Ltd
ASHIMASYN,Ashima Ltd
PIONEEREMB,Pioneer Embroideries Ltd
VIPPYSP,Vippy Spinpro Ltd
JAIHIND,Jaihind Industries Ltd
RAGHUSYN,Raghuvir Synthetics Ltd
JATTAINDUS,Jattashankar Industries Ltd
KAMADGIRI,Kamadgiri Fashion Ltd
OMNITEX,Omnitex Industries India Ltd
PATSPINLTD,Patspin India Ltd
ONEGLOBAL,One Global Service Provider Ltd
NEOINFRA,Neo Infracon Ltd
CCME,Ccme Global Ltd
WINSOME,Winsome Yarns Ltd
PREMIERPOL,Premier Polyfilm Ltd
EVERFIN,Everlon Financials Ltd
KRRAIL,K&R Rail Engineering Ltd
YARNSYN,Yarn Syndicate Ltd
GUJCOTEX,Gujarat Cotex Ltd
GARWSYN,Garware Synthetics Ltd
ECOHOTELS,Eco Hotels And Resorts Ltd
SARUPINDUS,Sarup Industries Ltd
OXFORDIN,Oxford Industries Ltd
MANORG,Mangalam Organics Ltd
HINDADH,Hindustan Adhesives Ltd
BPAGRI,Blue Pearl Agriventures Ltd
SRIKPRIND,Sri Kpr Industries Ltd
JYOTIRES,Jyoti Resins & Adhesives Ltd
MHLXMIRU,Mahalaxmi Rubtech Ltd
SOUTLAT,Southern Latex Ltd
WINSOMTX,Winsome Textile Industries Ltd
MODINSU,Modern Insulators Ltd
REGENCERAM,Regency Ceramics Ltd
ASAHIINDIA,Asahi India Glass Ltd
MURUDCERA,Murudeshwar Ceramics Ltd
SEKURITIND,Saint Gobain Sekurit India Ltd
ANANTRAJ,Anant Raj Ltd
MADHUDIN,Madhusudan Industries Ltd
RESTILE,Restile Ceramics Ltd
MADHAV,Madhav Marbles & Granites Ltd
HALDYNGL,Haldyn Glass Ltd
DUROPLY,Duroply Industries Ltd
SHREYANIND,Shreyans Industries Ltd
AGIOPAPER,Agio Paper & Industries Ltd
STARPAPER,Star Paper Mills Ltd
PAKKA,Pakka Ltd
TAHMARENT,Tahmar Enterprises Ltd
KSSMART,Ks Smart Technologies Ltd
NATPLY,National Plywood Industries Ltd
ARROWGREEN,Arrow Greentech Ltd
VISHNU,Vishnu Chemicals Ltd
JUMBO,Jumbo Bag Ltd
NRAIL,Nr Agarwal Industries Ltd
3PLAND,3P Land Holdings Ltd
SANPA,Sangal Papers Ltd
VENTURA,Ventura Textiles Ltd
SHKARTP,Shree Karthik Papers Ltd
STHINPA,South India Paper Mills Ltd
FAMILYCARE,Family Care Hospitals Ltd
VINDHYATEL,Vindhya Telelinks Ltd
RIR,Rir Power Electronics Ltd
ADOR,Ador Welding Ltd
IDM,International Data Management Ltd
SALZERELEC,Salzer Electronics Ltd
JETKINGQ,Jetking Infotrain Ltd
INDAGIV,Ind Agiv Commerce Ltd
APLAB,Aplab Ltd
PCS,Pcs Technology Ltd
USHAMART,Usha Martin Ltd
SPELS,Spel Semiconductor Ltd
SUBROS,Subros Ltd
EDVENSWA,Edvenswa Enterprises Ltd
PERVASIVE,Pervasive Commodities Ltd
HONAUT,Honeywell Automation India Ltd
SWITCHTE,Switching Technologies Gunther Ltd
LUMAXIND,Lumax Industries Ltd
DIGISPICE,Digispice Technologies Ltd
CALCOM,Calcom Vision Ltd
DYNAVSN,Dynavision Ltd
BCCFUBA,Bcc Fuba India Ltd
PRECISIO,Precision Electronics Ltd
FINELINE,Fine Line Circuits Ltd
HBLENGINE,Hbl Engineering Ltd
S&SPOWER,S&S Power Switchgear Ltd
RNITAI,Rnit Ai Solutions Ltd
GUJARATPOLY,Gujarat Poly Electronics Ltd
GIPCL,Gujarat Industries Power Company Ltd
MAGNUS,Magnus Steel And Infra Ltd
MOTHERSON,Samvardhana Motherson International Ltd
MODMA,Modern Malleables Ltd
MINDTECK,Mindteck (India) Ltd
HAVELLS,Havells India Ltd
ACIIN,Aci Infocom Ltd
SBECSYS,Sbec Systems India Ltd
INCAP,Incap Ltd
GUJINTRX,Gujarat Intrux Ltd
IGARASHI,Igarashi Motors India Ltd
SYMPHONY,Symphony Ltd
REGANTO,Reganto Enterprises Ltd
PANELEC,Pan Electronics India Ltd
VXLINSTR,Vxl Instruments Ltd
SHYAMTEL,Shyam Telecom Ltd
LEENEE,Lee & Nee Softwares Exports Ltd
PATELSAI,Patels Airtemp India Ltd
BUTTERFLY,Butterfly Gandhimathi Appliances Ltd
ATHENAGLO,Athena Global Technologies Ltd
NARMP,Narmada Macplast Drip Irrigation Systems Ltd
DUTRON,Dutron Polymers Ltd
RSSOFTWARE,R.S. Software (India) Ltd
MAGNAELQ,Magna Electro Castings Ltd
MARSONS,Marsons Ltd
ELNET,Elnet Technologies Ltd
ACCEL,Accel Ltd
WEBELSOLAR,Websol Energy System Ltd
ROTO,Roto Pumps Ltd
TTKPRESTIG,Ttk Prestige Ltd
DHINDIA,D & H India Ltd
RAJRATAN,Rajratan Global Wire Ltd
SURANAT&P,Surana Telecom And Power Ltd
ONWARDTEC,Onward Technologies Ltd
CENTUM,Centum Electronics Ltd
ALFATRAN,Alfa Transformers Ltd
NHCFOODS,Nhc Foods Ltd
PVP,Pvp Ventures Ltd
TRIGYN,Trigyn Technologies Ltd
KEI,Kei Industries Ltd
KEERTHI,Keerthi Industries Ltd
SRICC,Sri Chakra Cement Ltd
SURAJ,Suraj Products Ltd
APCL,Anjani Portland Cement Ltd
MODINATUR,Modi Naturals Ltd
PRSNTIN,Prashant India Ltd
TASTYBITE,Tasty Bite Eatables Ltd
RITESHIN,Ritesh International Ltd
AVTNPL,Avt Natural Products Ltd
HNDFDS,Hindustan Foods Ltd
NAHARINDUS,Nahar Industrial Enterprises Ltd
VADILENT,Vadilal Enterprises Ltd
VADILALIND,Vadilal Industries Ltd
ASHAI,Ashiana Agro Industries Ltd
ADFFOODS,Adf Foods Ltd
RGRL,Retro Green Revolution Ltd
WILLIMFI,Williamson Financial Services Ltd
AJANTSOY,Ajanta Soya Ltd
WILLAMAGOR,Williamson Magor & Company Ltd
KISAAN,Kisaan Parivar Industries Ltd
SIEL,Superior Industrial Enterprises Ltd
SPTRSHI,Saptarishi Agro Industries Ltd
PRIMAGR,Prima Agro Ltd
TARAI,Tarai Foods Ltd
MODAIRY,Modern Dairies Ltd
BAMBINO,Bambino Agro Industries Ltd
PRIMIND,Prime Industries Ltd
VIKASWSP,Vikas Wsp Ltd
VSFPROJ,Vsf Projects Ltd
BANSTEA,Bansisons Tea Industries Ltd
POONADAL,Poona Dal & Oil Industries Ltd
TRANSFD,Transglobe Foods Ltd
ANIKINDS,Anik Industries Ltd
SHINDL,Sharat Industries Ltd
DATIWARE,Datiware Maritime Infra Ltd
KMGMILK,Kmg Milk Food Ltd
KSE,Kse Ltd
VIRATCRA,Virat Crane Industries Ltd
IBINFO,Ib Infotech Enterprises Ltd
AMBARPIL,Ambar Protein Industries Ltd
CHORDIA,Chordia Food Products Ltd
CIANAGRO,Cian Agro Industries & Infrastructure Ltd
OMEAG,Omega Ag-Seeds Punjab Ltd
TAIIND,Tai Industries Ltd
NKIND,Nk Industries Ltd
BKV,Bkv Industries Ltd
NCCBLUE,Ncc Bluewater Products Ltd
NORBTEAEXP,Norben Tea & Exports Ltd
ASIANTNE,Asian Tea & Exports Ltd
HERITGFOOD,Heritage Foods Ltd
SIMRAN,Simran Farms Ltd
HINDUST,Hindustan Agrigenetics Ltd
CCL,Ccl Products (India) Ltd
KELLTONTEC,Kellton Tech Solutions Ltd
SURFI,Suryo Foods & Industries Ltd
INTEGFD,Integrated Proteins Ltd
LAKESHORE,Lake Shore Realty Ltd
RICOAUTO,Rico Auto Industries Ltd
OMAXAUTO,Omax Autos Ltd
MUNJALSHOW,Munjal Showa Ltd
JAMNAAUTO,Jamna Auto Industries Ltd
TVSHLTD,Tvs Holdings Ltd
JTEKTINDIA,Jtekt India Ltd
MUNJALAU,Munjal Auto Industries Ltd
JAYBARMARU,Jay Bharat Maruti Ltd
RACLGEAR,Racl Geartech Ltd
SAMKRG,Samkrg Pistons & Rings Ltd
ECSTSTL,Eastcoast Steel Ltd
SICALLOG,Sical Logistics Ltd
RATNAMANI,Ratnamani Metals & Tubes Ltd
VESUVIUS,Vesuvius India Ltd
ASAL,Automotive Stampings And Assemblies Ltd
ARCEEIN,Arcee Industries Ltd
ABCINDQ,Abc India Ltd
BALTE,Balurghat Technologies Ltd
COARO,Coastal Roadways Ltd
SIBARAUT,Sibar Auto Parts Ltd
TRANSWORLD,Transworld Shipping Lines Ltd
STARLOG,Starlog Enterprises Ltd
SHVSUIT,Shiva Suitings Ltd
TITANIN,Titan Intech Ltd
EUROTEXIND,Eurotex Industries And Exports Ltd
ICIL,Indo Count Industries Ltd
MARALOVER,Maral Overseas Ltd
SOMATEX,Soma Textiles & Industries Ltd
SOURCEIND,Source Industries (India) Ltd
ADVLIFE,Advance Lifestyles Ltd
KAKTEX,Kakatiya Textiles Ltd
OCTAVE,Perfect-Octave Media Projects Ltd
TRIDENT,Trident Ltd
HISARSP,Hisar Spinning Mills Ltd
ALOKINDS,Alok Industries Ltd
PASARI,Pasari Spinning Mills Ltd
AMARJOTHI,Amarjothi Spinning Mills Ltd
OLYMPTX,Olympia Industries Ltd
NAGREEKEXP,Nagreeka Exports Ltd
SUDTIND-B,Suditi Industries Ltd
SBFL,Shree Bhavya Fabrics Ltd
GEMSPIN,Gem Spinners India Ltd
EUREKAI,Eureka Industries Ltd
ADITYASP,Aditya Spinners Ltd
PRIMEURB,Prime Urban Development India Ltd
DHANFAB,Dhanlaxmi Fabrics Ltd
SLSTLQ,Sri Lakshmi Saraswathi Textiles Arni Ltd
ZODIACLOTH,Zodiac Clothing Company Ltd
MAXGROW,Maxgrow India Ltd
SRMCL,Sri Ramakrishna Mills Coimbatore Ltd
SUPERSPIN,Super Spinning Mills Ltd
SILINV,Sil Investments Ltd
SURYALAXMI,Suryalakshmi Cotton Mills Ltd
SAMTEX,Samtex Fashions Ltd
CITYMAN,Cityman Ltd
DHANROTO,Dhanalaxmi Roto Spinners Ltd
DAMODARIND,Damodar Industries Ltd
SANBLUE,Sanblue Corporation Ltd
UNIROYAL,Uniroyal Industries Ltd
TATIAGLOB,Tatia Global Vennture Ltd
SUNILTX,Sunil Industries Ltd
SRINACHA,Sri Nachammai Cotton Mills Ltd
BGDL,Bharat Global Developers Ltd
SAMBANDAM,Sambandam Spinning Mills Ltd
MKPMOB,Mkp Mobility Ltd
PARASPETRO,Paras Petrofils Ltd
KITEX,Kitex Garments Ltd
CRANEX,Cranex Ltd
BATLIBOI,Batliboi Ltd
AUSTENG,Austin Engineering Company Ltd
UNIDT,United Drilling Tools Ltd
FLUIDOM,Fluidomat Ltd
EMAINDIA,Ema India Ltd
WINDMACHIN,Windsor Machines Ltd
SHANTIGEAR,Shanthi Gears Ltd
MIVENMACH,Miven Machine Tools Ltd
HONDAPOWER,Honda India Power Products Ltd
HITECHGEAR,The Hi-Tech Gears Ltd
ELGIEQUIP,Elgi Equipments Ltd
UVDRHOR,United Van Der Horst Ltd
KLBRENG-B,Kilburn Engineering Ltd
BIRLAPREC,Birla Precision Technologies Ltd
YUKEN,Yuken India Ltd
TIMKEN,Timken India Ltd
VOITHPAPR,Voith Paper Fabrics India Ltd
ARTSON,Artson Ltd
SOLIMAC,Solitaire Machine Tools Ltd
DIACABS,Diamond Power Infrastructure Ltd
INDSILHYD,Indsil Hydro Power And Manganese Ltd
ITL,Itl Industries Ltd
FRONTSP,Frontier Springs Ltd
PRAJIND,Praj Industries Ltd
RASANDIK,Rasandik Engineering Industries India Ltd
YOGISUNG,Yogi Sungwon (India) Ltd
HLEGLAS,Hle Glascoat Ltd
GUJAPOLLO,Gujarat Apollo Industries Ltd
TANAA,Taneja Aerospace & Aviation Ltd
CONART,Conart Engineers Ltd
MINALIND,Minal Industries Ltd
SHIVAGR,Shivagrico Implements Ltd
MMFL,Mm Forgings Ltd
MAYURUNIQ,Mayur Uniquoters Ltd
CENLUB,Cenlub Industries Ltd
RAJOOENG,Rajoo Engineers Ltd
DOLPHIN,Dolphin Offshore Enterprises (India) Ltd
VJLAXMIE,Veejay Lakshmi Engineering Works Ltd
AHMDSTE,Ahmedabad Steelcraft Ltd
GVTD,Ge Vernova T&D India Ltd
RAMRAT,Ram Ratna Wires Ltd
JAYNECOIND,Jayaswal Neco Industries Ltd
KPIL,Kalpataru Projects International Ltd
NMSGLOBAL,Nms Global Ltd
CANDOUR,Candour Techtex Ltd
TIGLOB,T & I Global Ltd
CONTROLPR,Control Print Ltd
BEMHY,Bemco Hydraulics Ltd
ANSALBU,Ansal Buildwell Ltd
WEIZMANIND,Weizmann Ltd
BNRSEC,Bn Rathi Securities Ltd
RISHITECH,Rishi Techtex Ltd
SINCLAIR,Sinclairs Hotels Ltd
SAFARI,Safari Industries India Ltd
ADSDIAG,A D S Diagnostics Ltd
ZBINTXPP,Binayak Tex Processors Ltd
JJFINCOR,Jj Finance Corporation Ltd
COSMOFE,Cosmo Ferrites Ltd
CROPSTER,Cropster Agro Ltd
FUTURSEC,Futuristic Securities Ltd
SANCTRN,Sanco Trans Ltd
THRIVE,Thrive Future Habitats Ltd
EIHAHOTELS,Eih Associated Hotels Ltd
MEDICAPQ,Medi Caps Ltd
FOSECOC,Foseco Crucible (India) Ltd
BAPACK,B&A Packaging India Ltd
KOKUYOCMLN,Kokuyo Camlin Ltd
BHARATSE,Bharat Seats Ltd
CONTPTR,Continental Petroleums Ltd
NBFOOT,Nb Footwear Ltd
MACPLASQ,Machino Plastics Ltd
PEARLPOLY,Pearl Polymers Ltd
VENKEYS,Venkys (India) Ltd
ADVANIHOTR,Advani Hotels & Resorts (India) Ltd
SUPERHOUSE,Superhouse Ltd
RAMAVISION,Rama Vision Ltd
TCPLPACK,Tcpl Packaging Ltd
SHRIGANG,Shri Gang Industries & Allied Products Ltd
PURITY,Purity Flexpack Ltd
BALMLAWRIE,Balmer Lawrie & Company Ltd
KOVAI,Kovai Medical Center & Hospital Ltd
ELDEHSG,Eldeco Housing & Industries Ltd
MICROSE,Microse India Ltd
STDSHOE,Standard Shoe Sole And Mould (India) Ltd
DCMSHRIRAM,Dcm Shriram Ltd
DCMSRIND,Dcm Shriram Industries Ltd
MAWANASUG,Mawana Sugars Ltd
MINID,Mini Diamonds India Ltd
MAHAPEXLTD,Maha Rashtra Apex Corporation Ltd
NILKAMAL,Nilkamal Ltd
HOM,Homre Ltd
NAHARPOLY,Nahar Polyfilms Ltd
3MINDIA,3M India Ltd
BOSCH-HCIL,Bosch Home Comfort India Ltd
JMFINANCIL,Jm Financial Ltd
ADCINDIA,Adc India Communications Ltd
TNTELE,Tamilnadu Telecommunications Ltd
SUNRAJDI,Sunraj Diamond Exports Ltd
RIIL,Reliance Industrial Infrastructure Ltd
SHARP,Sharp India Ltd
LINDEINDIA,Linde India Ltd
INDBNK,Ind Bank Housing Ltd
JAIMATAG,Jai Mata Glass Ltd
LOTUSCHO,Lotus Chocolate Company Ltd
PACIFICI,Pacific Industries Ltd
CMMHOSP,Chennai Meenakshi Multispeciality Hospital Ltd
UNIOFFICE,Universal Office Automation Ltd
APMIN,Apm Industries Ltd
PRECWIRE,Precision Wires India Ltd
KRYPTONQ,Krypton Industries Ltd
SWISSMLTRY,Swiss Military Consumer Goods Ltd
MARBU,Martin Burn Ltd
FEL,Future Enterprises Ltd
INDTONER,Indian Toners & Developers Ltd
KUNSTOFF,Kunststoffe Industries Ltd
SCI,Shipping Corporation Of India Ltd
SIKA,Sika Interplant Systems Ltd
ITI,Iti Ltd
DREDGECORP,Dredging Corporation Of India Ltd
PHRMASI,Phaarmasia Ltd
NFL,National Fertilizers Ltd
IPRINGLTD,Ip Rings Ltd
PIIND,Pi Industries Ltd
PLASTIBLEN,Plastiblends India Ltd
YASHINNO,Yash Innoventures Ltd
KKPLASTICK,Kkalpana Plastick Ltd
WATERBASE,Waterbase Ltd
FLEXFO,Flex Foods Ltd
GOLKUNDIA,Golkunda Diamonds & Jewellery Ltd
APCOTEXIND,Apcotex Industries Ltd
FORTISMLR,Fortis Malar Hospitals Ltd
MASTEK,Mastek Ltd
EIMCOELECO,Eimco Elecon (India) Ltd
SAYAJIHOTL,Sayaji Hotels Ltd
ASHIANA,Ashiana Housing Ltd
SVAMSOF,Svam Software Ltd
ECOBOAR,Ecoboard Industries Ltd
DVL,Dhunseri Ventures Ltd
TIHIL,Trans India House Impex Ltd
MAHEPC,Mahindra Epc Irrigation Ltd
MITSHI,Mitshi India Ltd
SHUKJEW,Shukra Jewellery Ltd
MAZDA,Mazda Ltd
VHLTD,Viceroy Hotels Ltd
SOVERDIA,Sovereign Diamonds Ltd
MENONBE,Menon Bearings Ltd
MUKATPIP,Mukat Pipes Ltd
GUJRAFFIA,Gujarat Raffia Industries Ltd
SIMPLEXINF,Simplex Infrastructures Ltd
INNOVTEC,Innovative Tech Pack Ltd
SUPTANERY,Super Tannery Ltd
CONSTRONIC,Constronics Infra Ltd
AXTEL,Axtel Industries Ltd
GRANDOAK,Grand Oak Canyons Distillery Ltd
EASTINDIA,East India Drums And Barrels Manufacturing Ltd
VRWODAR,Vr Woodart Ltd
POONAWALLA,Poonawalla Fincorp Ltd
KINGFA,Kingfa Science & Technology (India) Ltd
PATIDAR,Patidar Buildcon Ltd
RAMAPHO,Rama Phosphates Ltd
VENLONENT,Venlon Enterprises Ltd
PETPLST,Pet Plastics Ltd
POLYPLEX,Polyplex Corporation Ltd
PANIDPR,Panther Industrial Products Ltd
ALBERTDAVD,Albert David Ltd
HARLETH,Haryana Leather Chemicals Ltd
CARYSIL,Carysil Ltd
KABRAEXTRU,Kabra Extrusiontechnik Ltd
VINYLINDIA,Vinyl Chemicals (India) Ltd
PCCOSMA,Pee Cee Cosma Sope Ltd
TCMLMTD,Tcm Ltd
IOLCP,Iol Chemicals & Pharmaceuticals Ltd
KESARPE,Kesar Petroproducts Ltd
VINATIORGA,Vinati Organics Ltd
LACTOSE,Lactose India Ltd
TEEAI,Teesta Agro Industries Ltd
AARTIIND,Aarti Industries Ltd
PNTKYOR,Pentokey Organy India Ltd
WANBURY,Wanbury Ltd
RESONANCE,Resonance Specialties Ltd
GAEL,Gujarat Ambuja Exports Ltd
RCF,Rashtriya Chemicals And Fertilizers Ltd
GUJINJEC,Gujarat Inject Kerala Ltd
KOPRAN,Kopran Ltd
AIMCOPEST,Aimco Pesticides Ltd
GUJTERC,Gujarat Terce Laboratories Ltd
KABRADG,Kabra Drugs Ltd
SEYAIND,Seya Industries Ltd
JAYAGROGN,Jayant Agro Organics Ltd
BCLIND,Bcl Industries Ltd
SHHARICH,Shree Hari Chemicals Export Ltd
INDOBORAX,Indo Borax & Chemicals Ltd
AARTIDRUGS,Aarti Drugs Ltd
BODALCHEM,Bodal Chemicals Ltd
ORCHPHARMA,Orchid Pharma Ltd
VIMTALABS,Vimta Labs Ltd
BIOFILCHEM,Biofil Chemicals & Pharmaceuticals Ltd
ISHITADR,Ishita Drugs & Industries Ltd
MARKSANS,Marksans Pharma Ltd
UNIVSTAR,Universal Starch Chem Allied Ltd
AAREYDRUGS,Aarey Drugs & Pharmaceuticals Ltd
NORRIS,Norris Medicines Ltd
ASINPET,Asian Petroproducts & Exports Ltd
CAMEXLTD,Camex Ltd
EVEXIA,Evexia Lifecare Ltd
INDOEURO,Indo Euro Indchem Ltd
SYNCOMF,Syncom Formulations India Ltd
RIDDHI,Riddhi Siddhi Gluco Biols Ltd
SVCIND,Svc Industries Ltd
IPCALAB,Ipca Laboratories Ltd
KILITCH,Kilitch Drugs India Ltd
RAAJMEDI,Raaj Medisafe India Ltd
CORALAB,Coral Laboratories Ltd
TULASEEBIOE,Tulasee Bio Ethanol Ltd
BACPHAR,Bacil Pharma Ltd
KREBSBIO,Krebs Biochemicals & Industries Ltd
KMCSHIL,Kmc Speciality Hospitals (India) Ltd
LAFFANSQ,Laffans Petrochemicals Ltd
BHASKAGR,Bhaskar Agrochemicals Ltd
SUKHJITS,Sukhjit Starch & Chemicals Ltd
SHARMEH,Sharma East India Hospitals & Medical Research Ltd
NEULANDLAB,Neuland Laboratories Ltd
GAYATRIBI,Gayatri Bioorganics Ltd
PODDARMENT,Poddar Pigments Ltd
PHARMAID,Pharmaids Pharmaceuticals Ltd
VIVIDIND,Vivid Global Industries Ltd
PRIYALT,Priya Ltd
TIRUSTA,Tirupati Starch & Chemicals Ltd
HEMORGANIC,Hemo Organic Ltd
JAYSYNTH,Jaysynth Orgochem Ltd
AEONXDIGI,Aeonx Digital Technology Ltd
AKSHARCHEM,Aksharchem India Ltd
BANDARAM,Bandaram Pharma Packtech Ltd
ADLINE,Adline Chem Lab Ltd
BERLDRG,Beryl Drugs Ltd
INDXTRA,Iel Ltd
ISTRNETWK,Istreet Network Ltd
GAGAN,Gagan Gases Ltd
PARKERAC,Parker Agrochem Exports Ltd
SHUKRAPHAR,Shukra Pharmaceuticals Ltd
ALUFLUOR,Alufluoride Ltd
OXYGENTAPH,Oxygenta Pharmaceutical Ltd
ARCHITORG,Archit Organosys Ltd
SIKOZY,Sikozy Realtors Ltd
INDOAMIN,Indo Amines Ltd
NATCAPSUQ,Natural Capsules Ltd
WELCURE,Welcure Drugs & Pharmaceuticals Ltd
BIBCL,Bharat Immunologicals & Biologicals Corporation Ltd
SOTL,Savita Oil Technologies Ltd
HESTERBIO,Hester Biosciences Ltd
KABSON,Kabsons Industries Ltd
BASANTGL,Basant Agro Tech India Ltd
SANDUPHQ,Sandu Pharmaceuticals Ltd
NACLIND,Nacl Industries Ltd
VISTAPH,Vista Pharmaceuticals Ltd
SUNPHARMA,Sun Pharmaceutical Industries Ltd
TITANBIO,Titan Biotech Ltd
JENBURPH,Jenburkt Pharmaceuticals Ltd
HIKAL,Hikal Ltd
CAPLIPOINT,Caplin Point Laboratories Ltd
FISCHER,Fischer Medical Ventures Ltd
LINKPH,Link Pharma Chem Ltd
DECIPHER,Decipher Labs Ltd
EMMESSA,Emmessar Biotech & Nutrition Ltd
NGLFINE,Ngl Fine Chem Ltd
EVERESTO,Everest Organics Ltd
AUROPHARMA,Aurobindo Pharma Ltd
PHYTO,Phyto Chem India Ltd
NATCOPHARM,Natco Pharma Ltd
DYNAMIND,Dynamic Industries Ltd
PANAMAPET,Panama Petrochem Ltd
BALPHARMA,Bal Pharma Ltd
BDH,Bdh Industries Ltd
JAUSPOL,Jauss Polymers Ltd
GLOBUSCON,Globus Constructors & Developers Ltd
CUBEXTUB,Cubex Tubings Ltd
POLYCHMP,Polymechplast Machines Ltd
STELLANT,Stellant Securities (India) Ltd
GALXBRG,Galaxy Bearings Ltd
VINRKLB,Rekvina Laboratories Ltd
SCAGRO,Sc Agrotech Ltd
RALEGRA,Ravileela Granites Ltd
UNRYLMA,Uniroyal Marine Exports Ltd
KARANWO,Karan Woo Sin Ltd
SHERVANI,Shervani Industrial Syndicate Ltd
BNAGROCHEM,Bn Agrochem Ltd
SUPERTEX,Supertex Industries Ltd
SHETR,Shetron Ltd
TRABI,Transgene Biotek Ltd
MPL,Mpl Plastics Ltd
NIKHILAD,Nikhil Adhesives Ltd
SPENTA,Spenta International Ltd
MULTIBASE,Multibase India Ltd
ANDREWYU,Andrew Yule & Company Ltd
LUDLOWJUT,Ludlow Jute & Specialities Ltd
ASHRAM,Ashram Online.Com Ltd
ROYALCU,Royal Cushion Vinyl Products Ltd
SURJIND,Suraj Industries Ltd
HITECHCORP,Hitech Corporation Ltd
BLOOM,Bloom Dekor Ltd
FILATEX,Filatex India Ltd
STDSFAC,Standard Surfactants Ltd
MORGAN,Morgan Ventures Ltd
AMRAPLIN,Amrapali Industries Ltd
PREMEXPLN,Premier Explosives Ltd
MIDEASTP,Mid East Portfolio Management Ltd
MOLDTECH,Mold-Tek Technologies Ltd
CRSTCHM,Crestchem Ltd
MPHASIS,Mphasis Ltd
DIVSHKT,Divyashakti Ltd
ORIENTLTD,Orient Press Ltd
ADVMULT,Advance Multitech Ltd
SHREYASI,Shreyas Intermediates Ltd
PANJON,Panjon Ltd
NIRBHAYIND,Nirbhay Colours India Ltd
DUROPACK,Duro Pack Ltd
SWARNSAR,Swarnsarita Jewels India Ltd
GANESHHOU,Ganesh Housing Ltd
NMDC,Nmdc Ltd
CINDHO,Cindrella Hotels Ltd
PATINTLOG,Patel Integrated Logistics Ltd
ALPHAGEO,Alphageo (India) Ltd
HAMPTON,Hampton Sky Realty Ltd
KKALPANAIND,Kkalpana Industries (India) Ltd
OKPLA,Ok Play India Ltd
KRITI,Kriti Industries India Ltd
WELTI,Welterman International Ltd
ASMTEC,Asm Technologies Ltd
PERFEPA,Perfectpac Ltd
AMBIT,Ambitious Plastomac Company Ltd
VISIONCINE,Vision Cinemas Ltd
AEIM,Artificial Electronics Intelligent Material Ltd
INDRANIB,Indrayani Biotech Ltd
EUROLED,Euro Leder Fashion Ltd
WINSOMBR,Winsome Breweries Ltd
ELEFLOR,Elegant Floriculture & Agrotech India Ltd
SAENTER,South Asian Enterprises Ltd
SKYIND,Sky Industries Ltd
PHOENXINTL,Phoenix International Ltd
BHUDEVI,Bhudevi Infra Projects Ltd
PRATIK,Pratik Panels Ltd
RISHIROOP,Rishiroop Ltd
PROMACT,Promact Plastics Ltd
STRGRENWO,Sterling Green Woods Ltd
SYSTMTXC,Systematix Corporate Services Ltd
SHAHISHIP,Shahi Shipping Ltd
ALPINEHOU,Alpine Housing Development Corporation Ltd
WWALUM,Worldwide Aluminium Ltd
IIRM,Iirm Holdings India Ltd
SFPIL,Square Four Projects India Ltd
SGLRES,Sgl Resources Ltd
CHOKSILA,Choksi Laboratories Ltd
CCHHL,Country Club Hospitality & Holidays Ltd
SALGUTI,Salguti Industries Ltd
MIDWEST,Midwest Gold Ltd
ENTRINT,Enterprise International Ltd
TPLPLASTEH,Tpl Plastech Ltd
WIMPLAST,Wim Plast Ltd
PHOTOQUP,Photoquip India Ltd
LIBERTSHOE,Liberty Shoes Ltd
LIPPISYS,Lippi Systems Ltd
ELECTHERM,Electrotherm (India) Ltd
BLUEDART,Blue Dart Express Ltd
EXPOEAPL,Expo Engineering And Projects Ltd
NATPLAS,National Plastic Industries Ltd
MFLINDIA,Mfl India Ltd
AJWAFUN,Ajwa Fun World & Resort Ltd
TEXELIN,Texel Industries Ltd
RAYALEMA,Royale Manor Hotels & Industries Ltd
MIRZAINT,Mirza International Ltd
TFCILTD,Tourism Finance Corporation Of India Ltd
THAKDEV,Thakkers Developers Ltd
ARENTERP,Rajdarshan Industries Ltd
BIL,Bhartiya International Ltd
KAMATHOTEL,Kamat Hotels (India) Ltd
TIRTPLS,Tirth Plastic Ltd
KEEPLEARN,Dsj Keep Learning Ltd
ECOPLAST,Ecoplast Ltd
ELEMARB,Elegant Marbles & Grani Industries Ltd
BITS,Bits Ltd
ADARSHPL,Adarsh Plant Protect Ltd
HPBL,Hcp Plastene Bulkpack Ltd
NICCOPAR,Nicco Parks & Resorts Ltd
NTCIND,Ntc Industries Ltd
SANDESH,Sandesh Ltd
GARNET,Garnet Construction Ltd
GOLDIAM,Goldiam International Ltd
BRIGHTBR,Bright Brothers Ltd
SHAWGELTIN,Narmada Gelatines Ltd
PGFOILQ,Pg Foils Ltd
GRATEXI,Gratex Industries Ltd
VELHO,Velan Hotels Ltd
HOWARHO,Howard Hotels Ltd
VALIANT,Valiant Communications Ltd
DRAGARWQ,Dr Agarwals Eye Hospital Ltd
MHSGRMS,Mahasagar Travels Ltd
GREENPLY,Greenply Industries Ltd
SEAMECLTD,Seamec Ltd
RAGHUNAT,Raghunath International Ltd
CHEVIOT,Cheviot Company Ltd
DAICHI,Dai-Ichi Karkaria Ltd
RAJINFRA,Rajeswari Infrastructure Ltd
SPICEISLIN,Spice Islands Industries Ltd
CONFIPET,Confidence Petroleum India Ltd
SIPL,Shelter Infra Projects Ltd
SHAKTIPR,Shakti Press Ltd
ASHSI,Ashirwad Steels & Industries Ltd
BANARBEADS,Banaras Beads Ltd
AREXMIS,Arex Industries Ltd
BI,Bilcare Ltd
ISFL,Isf Ltd
RISHILASE,Rishi Laser Ltd
JAINCO,Jainco Projects India Ltd
KUMPFIN,Kumbhat Financial Services Ltd
INTECCAP,Intec Capital Ltd
RAJSEC,Rajasthan Securities Ltd
SIDDHEGA,Siddheswari Garments Ltd
63MOONS,63 Moons Technologies Ltd
SHIKHAR,Shikhar Consultants Ltd
SARLAPOLY,Sarla Performance Fibers Ltd
INDOCRED,Indo Credit Capital Ltd
MKTCREAT,Market Creators Ltd
HFIL,Himalaya Food International Ltd
SONALAD,Sonal Adhesives Ltd
PADMAIND,Padmanabh Industries Ltd
21STCENMGM,Twentyfirst Century Management Services Ltd
HRYNSHP,Hariyana Ship Breakers Ltd
KALIND,Kalind Ltd
VAICC,Vaishno Cement Company Ltd
TYROON,Tyroon Tea Company Ltd
LAOPALA,La Opala Rg Ltd
STYLAMIND,Stylam Industries Ltd
VENUSREM,Venus Remedies Ltd
LASTMILE,Last Mile Enterprises Ltd
GUJCRAFT,Gujarat Craft Industries Ltd
HEERAISP,Heera Ispat Ltd
DHOOTIN,Dhoot Industrial Finance Ltd
CRIMSON,Crimson Metal Engineering Company Ltd
SHBAJRG,Shri Bajrang Alliance Ltd
URJA,Urja Global Ltd
ASHAPURMIN,Ashapura Minechem Ltd
SHREEPAC,Shree Pacetronix Ltd
GUJALKALI,Gujarat Alkalies And Chemicals Ltd
INDIACEM,India Cements Ltd
JKTYRE,Jk Tyre & Industries Ltd
SIL,Standard Industries Ltd
JUBLPHARMA,Jubilant Pharmova Ltd
THEINVEST,The Investment Trust Of India Ltd
SAMYAKINT,Samyak International Ltd
AADIIND,Aadi Industries Ltd
SPARKLEGR,Sparkle Gold Rock Ltd
ACKNIT,Acknit Industries Ltd
TITANSEC,Titan Securities Ltd
REALECO,Real Eco-Energy Ltd
VIVANZA,Vivanza Biosciences Ltd
YASHRAJC,Yashraj Containeurs Ltd
LORDSHOTL,Lords Ishwar Hotels Ltd
CSLFINANCE,Csl Finance Ltd
SANGHVIMOV,Sanghvi Movers Ltd
ANTELOPUS,Antelopus Selan Energy Ltd
PURETROP,Puretrop Fruits  Ltd
FAZE3Q,Faze Three Ltd
ANUPAM,Anupam Finserv Ltd
RAJPACK,Raj Packaging Industries Ltd
PRIVISCL,Privi Speciality Chemicals Ltd
NATRAJPR,Natraj Proteins Ltd
SAMRATPH,Samrat Pharmachem Ltd
NPRFIN,Npr Finance Ltd
NILE,Nile Ltd
AMCOIND,Amco India Ltd
OPTIEMUS,Optiemus Infracom Ltd
KREONFIN,Kreon Finnancial Services Ltd
GYANDEV,Gyan Developers & Builders Ltd
KISAN,Kisan Mouldings Ltd
KERALAYUR,Kerala Ayurveda Ltd
MONGIPA,Moongipa Capital Finance Ltd
MOHITPPR,Mohit Paper Mills Ltd
DAULAT,Daulat Securities Ltd
ODYSSEY,Odyssey Technologies Ltd
RSCINT,Rsc International Ltd
SURATRAML,Surat Trade And Mercantile Ltd
ATHARVENT,Atharv Enterprises Ltd
FUNDVISER,Fundviser Capital (India) Ltd
THEMISMED,Themis Medicare Ltd
KALLAM,Kallam Textiles Ltd
BRAWN,Brawn Biotech Ltd
FORINTL,Fortune International Ltd
KINGSINFR,Kings Infra Ventures Ltd
SWOJAS,Swojas Foods Ltd
NUTRICIRCLE,Nutricircle Ltd
SUBSM,Subhash Silk Mills Ltd
AUROLAB,Auro Laboratories Ltd
KJMCFIN,Kjmc Financial Services Ltd
SUVEN,Suven Life Sciences Ltd
ARYAMAN,Aryaman Financial Services Ltd
BRIDGESE,Bridge Securities Ltd
RISAINTL,Risa International Ltd
RAJTUBE,Rajasthan Tube Manufacturing Company Ltd
KAYPOWR,Kay Power And Paper Ltd
INTSTOIL,Inter State Oil Carrier Ltd
GLOBALCA,Global Capital Markets Ltd
SAINIK,Sainik Finance & Industries Ltd
ARIGATO,Arigato Universe Ltd
RICHUNV,Rich Universe Network Ltd
QUANTDIA,Quantum Digital Vision India Ltd
SPCAPIT,Sp Capital Financing Ltd
PAOS,Paos Industries Ltd
SHRAJOI,Shree Rajiv Lochan Oil Extraction Ltd
KOTHARIPRO,Kothari Products Ltd
PICCADIL,Piccadily Agro Industries Ltd
CLSEL,Chaman Lal Setia Exports Ltd
CHANDRAP,Chandra Prabhu International Ltd
KIMIABL,Kimia Biosciences Ltd
HINDTIN,Hindustan Tin Works Ltd
GODAVARI,Godavari Drugs Ltd
PREMCO,Premco Global Ltd
MUKESHB,Mukesh Babu Financial Services Ltd
GENUSPOWER,Genus Power Infrastructures Ltd
ASIANENE,Asian Energy Services Ltd
KBSINDIA,Kbs India Ltd
PRABHHANS,Prabhhans Industries Ltd
UGARSUGAR,Ugar Sugar Works Ltd
ORIENTBELL,Orient Bell Ltd
NRBBEARING,Nrb Bearings Ltd
VAMSHIRU,Vamshi Rubber Ltd
NILAINFRA,Nila Infrastructures Ltd
DBSTOCKBRO,Db International Stock Brokers Ltd
VINYOFL,Vinyoflex Ltd
JINDCAP,Jindal Capital Ltd
EPIC,Epic Energy Ltd
SUMEDHA,Sumedha Fiscal Services Ltd
KUWERIN,Kuwer Industries Ltd
CHOKSI,Choksi Asia Ltd
ASHISHPO,Ashish Polyplast Ltd
SHIVAAGRO,Shiva Global Agro Industries Ltd
SIDDHA,Siddha Ventures Ltd
KIRANSY-B,Kiran Syntex Ltd
SUMERUIND,Sumeru Industries Ltd
RUNGTAIR,Rungta Irrigation Ltd
GTTDATA,Gtt Data Solutions Ltd
VALSONQ,Valson Industries Ltd
SABOOSOD,Saboo Sodium Chloro Ltd
GSLSEC,Gsl Securities Ltd
TINNARUBR,Tinna Rubber And Infrastructure Ltd
VIKRAMTH,Vikram Thermo India Ltd
STRATMONT,Stratmont Industries Ltd
AKCAPIT,Ak Capital Services Ltd
RELAXO,Relaxo Footwears Ltd
VIRAT,Virat Industries Ltd
RRETAIL,Rajnish Retail Ltd
TERAI,Terai Tea Company Ltd
MANRAJH,Manraj Housing Finance Ltd
COSCO,Cosco India Ltd
KENFIN,Ken Financial Services Ltd
SHILPAMED,Shilpa Medicare Ltd
PARACABLES,Paramount Communications Ltd
NCLRESE,Ncl Research & Financial Services Ltd
EXPLICITFIN,Explicit Finance Ltd
LADDERUP,Ladderup Finance Ltd
UYFINCORP,U. Y. Fincorp Ltd
EKAMLEA,Ekam Leasing & Finance Company Ltd
SWASTIKA,Swastika Investmart Ltd
PRIMAPLA,Prima Plastics Ltd
TELECANOR,Telecanor Global Ltd
JAGSONSER,Jagsonpal Services Ltd
GARGFUR,Garg Furnace Ltd
SAMPRE,Sampre Nutritions Ltd
AAIL,Akar Auto Industries Ltd
VIPULORG,Vipul Organics Ltd
ECORECO,Eco Recycling Ltd
GOODLUCK,Goodluck India Ltd
GOYALASS,Goyal Associates Ltd
ZENITHHE,Zenith Healthcare Ltd
YORKEXP,York Exports Ltd
SUPREME,Supreme Holdings & Hospitality (India) Ltd
LYKISLTD,Lykis Ltd
PRIMEPRO,Prime Property Development Corporation Ltd
ZENLABS,Zenlabs Ethica Ltd
RAJRILTD,Raj Rayon Industries Ltd
ANIRIT,Anirit Ventures Ltd
GOWRALE,Gowra Leasing & Finance Ltd
JAGANLAM,Jagan Lamps Ltd
ASITCFIN,Asit C Mehta Financial Services Ltd
ENCODE,Encode Packaging India Ltd
SUPERBAK,Super Bakers India Ltd
OVOBELE,Ovobel Foods Ltd
ACSTECH,Acs Technologies Ltd
CHALLANI,Challani Capital Ltd
CORNE,Coral Newsprints Ltd
SHENTRA,Shentracon Chemicals Ltd
STERTOOLS,Sterling Tools Ltd
AGARWAL,Agarwal Fortune India Ltd
DYNAMICP,Dynamic Portfolio Management & Services Ltd
INLANPR,Inland Printers Ltd
CEEJAY,Ceejay Finance Ltd
SUNCITYSY,Suncity Synthetics Ltd
SHGANEL,Shree Ganesh Elastoplast Ltd
ANNAINFRA,Anna Infrastructures Ltd
BHAGERIA,Bhageria Industries Ltd
OIVL,Onesource Industries And Ventures Ltd
BNRUDY,Bnr Udyog Ltd
KRBL,Krbl Ltd
SSPDL,Sspdl Ltd
DAIKAFFI,Daikaffil Chemicals India Ltd
CILSEC,Cil Securities Ltd
CLIOINFO,Clio Infotech Ltd
CUPID,Cupid Ltd
SUNSHIEL,Sunshield Chemicals Ltd
HIPOLIN,Hipolin Ltd
GDLLEAS,Gdl Leasing & Finance Ltd
CHEMBOND,Chembond Material Technologies Ltd
CIFL,Capital India Finance Ltd
ABVL,Arunjyoti Bio Ventures Ltd
SUCROSA,Super Crop Safe Ltd
NGIND,Ng Industries Ltd
ASIAPAK,Asia Pack Ltd
SICAPIT,Si Capital & Financial Services Ltd
ERPSOFT,Erp Soft Systems Ltd
RRSECUR,Rr Securities Ltd
REMSONSIND,Remsons Industries Ltd
INTETHR,Integrated Thermoplastics Ltd
RAMSONS,Ramsons Projects Ltd
HARAFIN,Haryana Financial Corporation Ltd
STANPACK,Stanpacks India Ltd
AQYLON,Aqylon Nexus Ltd
RAMINFO,Raminfo Ltd
SUNILAGR,Sunil Agro Foods Ltd
DIANATEA,Diana Tea Company Ltd
VIKASECO,Vikas Ecotech Ltd
IOC,Indian Oil Corporation Ltd
ALFAICA,Alfa Ica India Ltd
SKCIL,Shri Keshav Cements And Infra Ltd
INDIAHOME,India Home Loan Ltd
ROOPAIND,Roopa Industries Ltd
SARTHAKGL,Sarthak Global Ltd
UNIQUEO,Unique Organics Ltd
BALAMINES,Balaji Amines Ltd
SWRNASE,Swarna Securities Ltd
VENMAX,Venmax Drugs And Pharmaceuticals Ltd
ARISE,Arihants Securities Ltd
VISAGAR,Visagar Financial Services Ltd
LIBORD,Libord Securities Ltd
REGAL,Regal Entertainment & Consultants Ltd
EBIX,Eraaya Lifespaces Ltd
COMPEAU,Competent Automobiles Company Ltd
ZDHJERK,Dhanvantri Jeevan Rekha Ltd
NEELKAN,Neelkanth Rockminerals Ltd
VINTAGES,Vintage Securities Ltd
CONTILI,Contil India Ltd
VIJSOLX,Vijay Solvex Ltd
SHRIKRISH,Shri Krishna Devcon Ltd
ALANKIT,Alankit Ltd
NIHARINF,Nihar Info Global Ltd
UNITDCR,United Credit Ltd
OMINFRAL,Om Infra Ltd
CHECKPOINT,Checkpoint Trends Ltd
ISHANCH,Ishan Dyes And Chemicals Ltd
GOTHIPL,Gothi Plascon India Ltd
BALUFORGE,Balu Forge Industries Ltd
CEENIK,Ceenik Exports India Ltd
PATELENG,Patel Engineering Ltd
KATIPATANG,Kati Patang Lifestyle Ltd
INANI,Inani Marbles & Industries Ltd
GEMSI,Gemstone Investments Ltd
ELFORGE,El Forge Ltd
MEDICAMEQ,Medicamen Biotech Ltd
ALICON,Alicon Castalloy Ltd
DILIGENT,Diligent Industries Ltd
EPSOMPRO,Epsom Properties Ltd
ALFAVIO,Alfavision Overseas India Ltd
ORGCOAT,Organic Coatings Ltd
CATVISION,Catvision Ltd
ABMKNO,Abm Knowledgeware Ltd
EMAMILTD,Emami Ltd
KEMISTAR,Kemistar Corporation Ltd
ASSOCER,Associated Ceramics Ltd
SKPSEC,Skp Securities Ltd
SYSCHEM,Syschem India Ltd
MEFCOMCAP,Mefcom Capital Markets Ltd
HEMANG,Hemang Resources Ltd
ARMANFIN,Arman Financial Services Ltd
EFORU,Eforu Entertainment Ltd
GLANCE,Glance Finance Ltd
SHILCTECH,Shilchar Technologies Ltd
TRADEWELL,Tradewell Holdings Ltd
SPRIGHT,Spright Agro Ltd
NUCLEUS,Nucleus Software Exports Ltd
COLINZ,Colinz Laboratories Ltd
NLFL,Nalin Lease Finance Ltd
MANAPPURAM,Manappuram Finance Ltd
RTSPOWR,Rts Power Corporation Ltd
COMFINTE,Comfort Intech Ltd
SHYAMACOMP,Shyama Computronics And Services Ltd
MAYURFL,Mayur Floorings Ltd
ANJANI,Anjani Synthetics Ltd
XTGLOBAL,Xtglobal Infotech Ltd
DECOMIC,Deco Mica Ltd
RANDER,Rander Corporation Ltd
RASIELEC,Rasi Electrodes Ltd
SCOOBEEDAY,Scoobee Day Garments (India) Ltd
CITIPOR,Citi Port Financial Services Ltd
DHRUVCA,Dhruva Capital Services Ltd
LINC,Linc Ltd
PRIMAIN,Prima Industries Ltd
INDGELA,India Gelatine & Chemicals Ltd
OPTIFIN,Optimus Finance Ltd
PARAGONF,Paragon Finance Ltd
PRATIKSH,Pratiksha Chemicals Ltd
EQUILATERA,Equilateral Enterprises Ltd
VSTTILLERS,Vst Tillers Tractors Ltd
B2BSOFT,B2B Software Technologies Ltd
RADHEDE,Radhe Developers India Ltd
KINETRU,Kinetic Trust Ltd
ELIXIR,Elixir Capital Ltd
TRISHAKT,Trishakti Industries Ltd
PANKAJPO,Pankaj Polymers Ltd
MARBLE,Marble City India Ltd
CINDRELL,Cindrella Financial Services Ltd
ADHHATA,Adhata Global Ltd
NATPLASTI,National Plastic Technologies Ltd
LEADFIN,Lead Financial Services Ltd
NATFIT,National Fittings Ltd
ARTEFACT,Artefact Projects Ltd
TUSALDAH,Tusaldah Ltd
NUTECGLOB,Nutech Global Ltd
DHPIND,Dhp India Ltd
RRIL,Rril Ltd
AVAILFC,Available Finance Ltd
INTCAPL,Integra Capital  Ltd
MGIL,Maruti Global Industries Ltd
HAVISHA,Sri Havisha Hospitality And Infrastructure Ltd
JAYIND,Jayatma Industries Ltd
ROSELABS,Roselabs Finance Ltd
KRETTOSYS,Kretto Syscon Ltd
VIKALPS,Vikalp Securities Ltd
ZYDUSWELL,Zydus Wellness Ltd
MILESTONE,Milestone Global Ltd
BERVINL,Bervin Investment & Leasing Ltd
GUJINV,Gujarat Investa Ltd
CONCOR,Container Corporation Of India Ltd
EASTRED,Eastern Treads Ltd
PANACEABIO,Panacea Biotec Ltd
PEETISEC,Peeti Securities Ltd
MERCURYEV,Mercury Ev-Tech Ltd
CHOICEIN,Choice International Ltd
SRAMSET,Shriram Asset Management Company Ltd
GOLECHA,Golechha Global Finance Ltd
EKANSH,Ekansh Concepts Ltd
SPAR,Sparc Electrex Ltd
BYKE,The Byke Hospitality Ltd
CSURGSU,Centenial Surgical Suture Ltd
ARIHANT,Arihant Foundations & Housing Ltd
HASTIFIN,Hasti Finance Ltd
UPSURGE,Upsurge Investment & Finance Ltd
PADAMCO,Padam Cotton Yarns Ltd
WOMENNET,Women Networks Ltd
POLYCON,Polycon International Ltd
SOURCENTRL,Source Natural Foods And Herbal Supplements Ltd
GGAUTO,Gg Automotive Gears Ltd
ALMONDZ,Almondz Global Securities Ltd
LWSKNIT,Lws Knitwear Ltd
TUNITEX,Tuni Textile Mills Ltd
RADIXIND,Radix Industries (India) Ltd
KIRANPR,Kiran Print Pack Ltd
NARPROP,Narendra Properties Ltd
MEGACOR,Mega Corporation Ltd
TNPL,Tamil Nadu Newsprint & Papers Ltd
SHAKTIPUMP,Shakti Pumps India Ltd
SYTIXSE,Systematix Securities Ltd
SUNGOLD,Sungold Capital Ltd
SAFFRON,Saffron Industries Ltd
PWASML,Prakash Woollen & Synthetic Mills Ltd
GOLDTECH,Aion-Tech Solutions Ltd
LYONSCO,Lyons Corporate Market Ltd
GRMOVER,Grm Overseas Ltd
MOHITIND,Mohit Industries Ltd
POLYLINK,Polylink Polymers India Ltd
MINAXI,Minaxi Textiles Ltd
BOSTON,Boston Commerce Ltd
CONTICON,Continental Controls Ltd
GBLINFRA,Global Infratech & Finance Ltd
NOUVEAU,Nouveau Global Ventures Ltd
DUKEOFS,Duke Offshore Ltd
CYBELEIND,Cybele Industries Ltd
FILME,Filmcity Media Ltd
CGVAK,Cg Vak Software & Exports Ltd
NAVKARURB,Navkar Urbanstructure Ltd
BLUECOAST,Blue Coast Hotels Ltd
MADHUCON,Madhucon Projects Ltd
SYBLY,Sybly Industries Ltd
RAJESHEXPO,Rajesh Exports Ltd
ESARIND,Esaar India Ltd
MARIS,Maris Spinners Ltd
INDERGR,Indergiri Finance Ltd
SKRABUL,Shukra Bullions Ltd
EVEREADY,Eveready Industries India Ltd
STEP2COR,Step Two Corporation Ltd
ORIENTTR,Orient Tradelink Ltd
VIKASPROP,Vikas Proppant & Granite Ltd
DESHRAK,Desh Rakshak Aushdhalaya Ltd
ACESOFT,Ace Software Exports Ltd
SOFTRAKV,Softrak Venture Investment Ltd
HATSUN,Hatsun Agro Product Ltd
ACCEDERE,Accedere Ltd
MIZVEN,Mizzen Ventures Ltd
RISHDIGA,Rishabh Digha Steel & Allied Products Ltd
MAINFRA,Maruti Infrastructure Ltd
JINDWORLD,Jindal Worldwide Ltd
SOMANYCERA,Somany Ceramics Ltd
JHACC,Jhaveri Credits & Capital Ltd
RAGHUTOB,Raghunath Tobacco Company Ltd
DRL,Disha Resources Ltd
CORALFINAC,Coral India Finance & Housing Ltd
AMITSEC,Amit Securities Ltd
PUSHPIN,Pushpsons Industries Ltd
ASHUTPM,Ashutosh Paper Mills Ltd
SANJIVIN,Sanjivani Paranteral Ltd
RANJITSE,Ranjit Securities Ltd
VASINFRA,Vas Infrastructure Ltd
KMFBLDR,Kmf Builders & Developers Ltd
BERYLSE,Beryl Securities Ltd
RAP,Rap Corp Ltd
DEVINE,Devine Impex Ltd
BAMPSL,Bampsl Securities Ltd
GENPHARMA,Genpharmasec Ltd
INCON,Incon Engineers Ltd
CGCL,Capri Global Capital Ltd
MIDPOLY,Midland Polymers Ltd
FDC,Fdc Ltd
GOGIACAPGL,Gogia Capital Growth Ltd
GORANIN,Gorani Industries Ltd
KGPETRO,Kg Petrochem Ltd
UFMINDL,Ufm Industries Ltd
STARCOM,Starcom Information Technology Ltd
COUNCODOS,Country Condos Ltd
OROSMITHS,Orosil Smiths India Ltd
TEJASSVI,Tejassvi Aaharam Ltd
LINCOLN,Lincoln Pharmaceuticals Ltd
SILVOAK,Silver Oak India Ltd
PRAVEG,Praveg Ltd
SURAJLTD,Suraj Ltd
SICL,Suvidha Infraestate Corporation Ltd
MARICO,Marico Ltd
TOKYOFIN,Tokyo Finance Ltd
NATGENI,National General Industries Ltd
UVS,Uvs Hospitality And Services Ltd
ABATEAS,Abate As Industries Ltd
HITTCO,Hittco Tools Ltd
YUVRAAJHPL,Yuvraaj Hygiene Products Ltd
RRMETAL,Rr Metalmakers India Ltd
VISIONCO,Vision Corporation Ltd
KARNAWATI,Karnawati Innovation Ltd
INANISEC,Inani Securities Ltd
ANKIN,Anka India Ltd
EMROCK,Emrock Corporation Ltd
MAYUR,Mayur Leather Products Ltd
AMERISE,Amerise Biosciences Ltd
FRONTFN,Frontline Financial Services Ltd
PRITHVIEXCH,Prithvi Exchange (India) Ltd
KHYATI,Khyati Multimedia Entertainment Ltd
RAINBOWF,Rainbow Foundations Ltd
VSDCONF,Vsd Confin Ltd
TRICOMFRU,Tricom Fruit Products Ltd
VIDHIING,Vidhi Specialty Food Ingredients Ltd
BHAGCHEM,Bhagiradha Chemicals & Industries Ltd
GATECH,Gacm Technologies Ltd
PANCHSHEEL,Panchsheel Organics Ltd
MENNPIS,Menon Pistons Ltd
PRISMFN,Prism Finance Ltd
GREENCREST,Greencrest Financial Services Ltd
GENNEX,Gennex Laboratories Ltd
HIRAUTO,Hira Automobiles Ltd
GINISILK,Gini Silk Mills Ltd
PRAENG,Prajay Engineers Syndicate Ltd
BIOGEN,Biogen Pharmachem Industries Ltd
GKCONS,Gk Consultants Ltd
APOLLOPIPE,Apollo Pipes Ltd
UNJHAFOR,Unjha Formulations Ltd
POLYMED,Poly Medicure Ltd
PFLINFOTC,Pfl Infotech Ltd
SHRADDHA,Shraddha Prime Projects Ltd
KACHCHH,Kachchh Minerals Ltd
PADALPO,Padmanabh Alloys & Polymers Ltd
KACL,Kaiser Corporation Ltd
KCLINFRA,Kcl Infra Projects Ltd
ATULAUTO,Atul Auto Ltd
SCANPRO,Scan Projects Ltd
PRERINFRA,Prerna Infrabuild Ltd
METALCO,Metal Coatings India Ltd
SGNTE,Sgn Telecoms Ltd
GANGAPA,Ganga Papers India Ltd
TIRSARJ,Tirupati Sarjan Ltd
MUNOTHFI,Munoth Financial Services Ltd
RODIUM,Rodium Realty Ltd
NATHUEC,Natura Hue Chem Ltd
IECEDU,Iec Education Ltd
INDUSFINL,Indus Finance Ltd
LAHOTIOV,Lahoti Overseas Ltd
ZENITHSTL,Zenith Steel Pipes & Industries Ltd
TRINITYLEA,Trinity League India Ltd
ASTAR,Asian Star Company Ltd
ORIRAIL,Oriental Rail Infrastructure Ltd
JOINDRE,Joindre Capital Services Ltd
BHARATAGRI,Bharat Agri Fert & Realty Ltd
UNITINT,Unitech International Ltd
SACHEMT,Sacheta Metals Ltd
POPULARES,Popular Estate Management Ltd
ANJANIFIN,Anjani Finance Ltd
SVAINDIA,Sva India Ltd
REXNORD,Rexnord Electronics & Controls Ltd
NWIL,Nurture Well Industries Ltd
KHANDSE,Khandwala Securities Ltd
SAWACA,Sawaca Enterprises Ltd
CCLINTER,Ccl International Ltd
GALLOPENT,Gallops Enterprise Ltd
CROISSANCE,Croissance Ltd
JOJO,Jojo Ltd
GALAGEX,Galaxy Agrico Exports Ltd
GOPAIST,Gopal Iron & Steels Company Gujarat Ltd
HINDAPL,Hindustan Appliances Ltd
AGARIND,Agarwal Industrial Corporation Ltd
DHAMPURE,Dhampure Specialty Sugars Ltd
SHAQUAK,Shantanu Sheorey Aquakult Ltd
GOLCA,Golden Carpets Ltd
SARTHAKIND,Sarthak Industries Ltd
SAICAPI,Sai Capital Ltd
BLUECHIP,Blue Chip India Ltd
LEXORAA,Lexoraa Industries Ltd
CHADPAP,Chadha Papers Ltd
VERTEX,Vertex Securities Ltd
RIBATEX,Riba Textiles Ltd
NEWINFRA,Newtime Infrastructure Ltd
SHREMETAL,Shree Metalloys Ltd
IITLPROJ,Iitl Projects Ltd
HARIGOV,Hari Govind International Ltd
CHLOGIST,Chartered Logistics Ltd
AMBIKCO,Ambika Cotton Mills Ltd
HINDALUMI,Hind Aluminium Industries Ltd
SPECFOOD,Spectrum Foods Ltd
DECPO,Deccan Polypacks Ltd
AMRAAGRI,Amraworld Agrico Ltd
AUTOPINS,Auto Pins (India) Ltd
ODYCORP,Odyssey Corporation Ltd
IKOMA,Ikoma Technologies Ltd
INDCTST,Inducto Steel Ltd
SAMINDUS,Sam Industries Ltd
SHVFL,Shree Vatsaa Finance & Leasing Ltd
POOJAENT,Vashu Bhagnani Industries Ltd
GRAVITY,Gravity India Ltd
ESPIRE,Espire Hospitality Limited
LCCINFOTEC,Lcc Infotech Ltd
FILATFASH,Filatex Fashions Ltd
AARCON,Aarcon Facilities Ltd
SINDHUTRAD,Sindhu Trade Links Ltd
ZENOTECH,Zenotech Laboratories Ltd
HINDBIO,Hindustan Bio Sciences Ltd
FRONTCORP,Frontline Corporation Ltd
SWELECTES,Swelect Energy Systems Ltd
WALLFORT,Wallfort Financial Services Ltd
KDDL,Kddl Ltd
TRUSTEDGE,Trustedge Capital Ltd
ABHICAP,Abhinav Capital Services Ltd
3BBLACKBIO,3B Blackbio Dx Ltd
SUMUKA,Sumuka Agro Industries Ltd
MONIND,Monind Ltd
SHKALYN,Shri Kalyan Holdings Ltd
ATVOENT,Atvo Enterprises Ltd
EPUJA,Epuja Spiritech Ltd
INDOCITY,Indo City Infotech Ltd
SBECSUG,Sbec Sugar Ltd
BRIJLEAS,Brijlaxmi Leasing & Finance Ltd
BSELALGO,Bsel Algo Ltd
RELIABVEN,Reliable Ventures India Ltd
TRIUMPIN,Triumph International Finance India Ltd
BANKBARODA,Bank Of Baroda
SMCREDT,Smc Credits Ltd
MOHITE,Mohite Industries Ltd
ACL,Andhra Cements Ltd
SKMEGGPROD,Skm Egg Products Export (India) Ltd
WELCORP,Welspun Corp Ltd
HOTLSILV,H S India Ltd
BANKINDIA,Bank Of India
INDRAMEDCO,Indraprastha Medical Corporation Ltd
JOHNPHARMA,Johnson Pharmacare Ltd
GAIL,Gail (India) Ltd
VAIBHAVGBL,Vaibhav Global Ltd
TRESCON,Trescon Ltd
GUJSTATFIN,Gujarat State Financial Corporation
JKPAPER,Jk Paper Ltd
SAREGAMA,Saregama India Ltd
OMKARPH,Omkar Pharmachem Ltd
ADROITINFO,Adroit Infotech Ltd
CYBERTECH,Cybertech Systems And Software Ltd
ICICIBANK,Icici Bank Ltd
CYIENT,Cyient Ltd
ENGINERSIN,Engineers India Ltd
DHANBANK,Dhanlaxmi Bank Ltd
GMDCLTD,Gujarat Mineral Development Corporation Ltd
GAYATRI,Gayatri Sugars Ltd
INDUSINDBK,Indusind Bank Ltd
ITDC,India Tourism Development Corporation Ltd
J&KBANK,Jammu & Kashmir Bank Ltd
CUB,City Union Bank Ltd
ARCHIES,Archies Ltd
AXISBANK,Axis Bank Ltd
HBSL,Hb Stockholdings Ltd
CMXLTD,Cmx Holdings Ltd
SOUTHBANK,South Indian Bank Ltd
ENERGYDEV,Energy Development Company Ltd
SONATSOFTW,Sonata Software Ltd
BENGALT,Bengal Tea & Fabrics Ltd
NATIONALUM,National Aluminium Company Ltd
INDNIPPON,India Nippon Electricals Ltd
NSIL,Nalwa Sons Investments Ltd
APARINDS,Apar Industries Ltd
TCIIND,Tci Industries Ltd
ACCELYA,Accelya Solutions India Ltd
ORCHASP,Orchasp Ltd
LANDMARC,Landmarc Leisure Corporation Ltd
HCLTECH,Hcl Technologies Ltd
TCFCFINQ,Tcfc Finance Ltd
GEOJITFSL,Geojit Financial Services Ltd
JINDALSTEL,Jindal Steel Ltd
BLBLIMITED,Blb Ltd
GLENMARK,Glenmark Pharmaceuticals Ltd
WOCKPHARMA,Wockhardt Ltd
INTEGHIT,Integrated Hitech Ltd
KJMCCORP,Kjmc Corporate Advisors (India) Ltd
INDSWFTLAB,Ind-Swift Laboratories Ltd
GVPIL,Ge Power India Ltd
SHREERAMA,Shree Rama Multi-Tech Ltd
MAHLIFE,Mahindra Lifespace Developers Ltd
GROARC,Groarc Industries India Ltd
VAARAD,Vaarad Ventures Ltd
ZYDUSLIFE,Zydus Lifesciences Ltd
SHIVACEM,Shiva Cement Ltd
CINEVISTA,Cinevista Ltd
INTENTECH,Intense Technologies Ltd
DANLAW,Danlaw Technologies India Ltd
AJANTPHARM,Ajanta Pharma Ltd
CURAA,Cura Technologies Ltd
HBPOR,Hb Portfolio Ltd
HBESD,Hb Estate Developers Ltd
AMBICAAGAR,Ambica Agarbathies & Aroma Industries Ltd
COMPUSOFT,Compucom Software Ltd
OMNIAX,Omni Axs Software Ltd
IZMO,Izmo Ltd
TVSMOTOR,Tvs Motor Company Ltd
MADALA,Madala Holdings Ltd
SUBEXLTD,Subex Ltd
TCI,Transport Corporation Of India Ltd
PADMALAYAT,Padmalaya Telefilms Ltd
AKSHOPTFBR,Aksh Optifibre Ltd
VIRGOGLOB,Virgo Global Ltd
PICTUREHS,Picturehouse Media Ltd
TRIVENI,Triveni Engineering & Industries Ltd
MUKTAARTS,Mukta Arts Ltd
HITKITGLO,Hit Kit Global Solutions Ltd
NAGPI,Nagpur Power & Industries Ltd
DSSL,Dynacons Systems & Solutions Ltd
PNBGILTS,Pnb Gilts Ltd
BCG,Brightcom Group Ltd
RAMCOIND,Ramco Industries Ltd
RAMCOSYS,Ramco Systems Ltd
TTML,Tata Teleservices (Maharashtra) Ltd
VIRINCHI,Virinchi Ltd
WEPSOLN,Wep Solutions Ltd
STLTECH,Sterlite Technologies Ltd
TIPSMUSIC,Tips Music Ltd
UMIYA-MRO,Umiya Buildcon Ltd
UNIVARTS,Universal Arts Ltd
FIRSTFIN,First Fintec Ltd
BABA,Baba Arts Ltd
BALAJITELE,Balaji Telefilms Ltd
TYCHE,Tyche Industries Ltd
CALSOFT,California Software Company Ltd
PNC,Pritish Nandy Communications Ltd
IOB,Indian Overseas Bank
TAJGVK,Taj Gvk Hotels & Resorts Ltd
CREATIVEYE,Creative Eye Ltd
AXISCADES,Axiscades Technologies Ltd
KONNDOR,Konndor Industries Ltd
UMESLTD,Usha Martin Education & Solutions Ltd
BSOFT,Birlasoft Ltd
USGTECH,Usg Tech Solutions Ltd
7TEC,Saven Technologies Ltd
AVANTEL,Avantel Ltd
MOSCHIP,Moschip Technologies Ltd
SIGMAADV,Sigma Advanced Systems Ltd
TRANSCOR,Transcorp International Ltd
CEREBRAINT,Cerebra Integrated Technologies Ltd
NEXTMEDIA,Next Mediaworks Ltd
SMARTLINK,Smartlink Holdings Ltd
GODREJCP,Godrej Consumer Products Ltd
GENUSPRIME,Genus Prime Infra Ltd
BFUTILITIE,Bf Utilities Ltd
UNITDSPR,United Spirits Ltd
OLECTRA,Olectra Greentech Ltd
MPSLTD,Mps Ltd
CERA,Cera Sanitaryware Ltd
BHARTIARTL,Bharti Airtel Ltd
SHALIWIR,Shalimar Wires Industries Ltd
COMPINFO,Compuage Infocom Ltd
GULPOLY,Gulshan Polyols Ltd
PONNIERODE,Ponni Sugars (Erode) Ltd
PNB,Punjab National Bank
OFSS,Oracle Financial Services Software Ltd
HAZOOR,Hazoor Multi Projects Ltd
KAMAHOLD,Kama Holdings Ltd
MPFSL,Mpf Systems Ltd
APTECHT,Aptech Ltd
UNIONBANK,Union Bank Of India
UBL,United Breweries Ltd
NOIDATOLL,Noida Toll Bridge Company Ltd
GRANULES,Granules India Ltd
CANBK,Canara Bank
BLIL,Balmer Lawrie Investments Ltd
POKARNA,Pokarna Ltd
DIVISLAB,Divis Laboratories Ltd
ASTRAMICRO,Astra Microwave Products Ltd
RADICO,Radico Khaitan Ltd
MARUTI,Maruti Suzuki India Ltd
RAJPALAYAM,Rajapalayam Mills Ltd
NAVINFLUOR,Navin Fluorine International Ltd
UCOBANK,Uco Bank
BAGFILMS,B.A.G. Films And Media Ltd
JSL,Jindal Stainless Ltd
SUPRAJIT,Suprajit Engineering Ltd
TVSELECT,Tvs Electronics Ltd
IGL,Indraprastha Gas Ltd
TVTODAY,Tv Today Network Ltd
PALREDTEC,Palred Technologies Ltd
PETRONET,Petronet Lng Ltd
BIOCON,Biocon Ltd
PTC,Ptc India Ltd
MAHABANK,Bank Of Maharashtra
RKFORGE,Ramkrishna Forgings Ltd
DATAMATICS,Datamatics Global Services Ltd
NDTV,New Delhi Television Ltd
STAR,Strides Pharma Science Ltd
ULTRACEMCO,Ultratech Cement Ltd
UNOMINDA,Uno Minda Ltd
TCS,Tata Consultancy Services Ltd
COFORGE,Coforge Ltd
GULFPETRO,Gp Petroleums Ltd
CENTURYPLY,Century Plyboards (India) Ltd
WELENT,Welspun Enterprises Ltd
NTPC,Ntpc Ltd
SALSTEEL,S.A.L. Steel Ltd
JBMA,Jbm Auto Ltd
DWARKESH,Dwarikesh Sugar Industries Ltd
INDOCO,Indoco Remedies Ltd
VIPCLOTHNG,Vip Clothing Ltd
IMPEXFERRO,Impex Ferro Tech Ltd
XCHANGING,Xchanging Solutions Ltd
JINDALPHOT,Jindal Photo Ltd
POCL,Pondy Oxides & Chemicals Ltd
JPPOWER,Jaiprakash Power Ventures Ltd
3IINFOLTD,3I Infotech Ltd
GOKEX,Gokaldas Exports Ltd
ALLDIGI,Alldigi Tech Ltd
IIFL,Iifl Finance Ltd
MANGALAM,Mangalam Drugs & Organics Ltd
SHOPERSTOP,Shoppers Stop Ltd
CYBERMEDIA,Cyber Media India Ltd
NDL,Nandan Denim Ltd
JSWHL,Jsw Holdings Ltd
JKCEMENT,Jk Cement Ltd
BEEYU,Beeyu Overseas Ltd
YESBANK,Yes Bank Ltd
NECLIFE,Nectar Lifesciences Ltd
MSPL,Msp Steel & Power Ltd
SPLIL,Spl Industries Ltd
KTKBANK,Karnataka Bank Ltd
MCLEODRUSS,Mcleod Russel India Ltd
FACORALL,Facor Alloys Ltd
VIVIMEDLAB,Vivimed Labs Ltd
RML,Rane (Madras) Ltd
HTMEDIA,Ht Media Ltd
SASKEN,Sasken Technologies Ltd
FCSSOFT,Fcs Software Solutions Ltd
SUZLON,Suzlon Energy Ltd
AURIONPRO,Aurionpro Solutions Ltd
RENUKA,Shree Renuka Sugars Ltd
KMSUGAR,K M Sugar Mills Ltd
BASML,Bannari Amman Spinning Mills Ltd
PBAINFRA,Pba Infrastructure Ltd
AIAENG,Aia Engineering Ltd
EKC,Everest Kanto Cylinder Ltd
KERNEX,Kernex Microsystems India Ltd
REPRO,Repro India Ltd
PVRINOX,Pvr Inox Ltd
ASMS,Bartronics India Ltd
CELEBRITY,Celebrity Fashions Ltd
NITINSPIN,Nitin Spinners Ltd
ROHLTD,Royal Orchid Hotels Ltd
ENIL,Entertainment Network (India) Ltd
CELLA,Cella Space Ltd
GSPL,Gujarat State Petronet Ltd
JAGRAN,Jagran Prakashan Ltd
DYNPRO,Dynemic Products Ltd
GVKPIL,Gvk Power & Infrastructure Ltd
SADBHAV,Sadbhav Engineering Ltd
RCOM,Reliance Communications Ltd
SAKUMA,Sakuma Exports Ltd
KEC,Kec International Ltd
GILLANDERS,Gillanders Arbuthnot & Company Ltd
INDOTECH,Indo Tech Transformers Ltd
BLKASHYAP,B. L. Kashyap And Sons Ltd
M&MFIN,Mahindra & Mahindra Financial Services Ltd
VISASTEEL,Visa Steel Ltd
NITCO,Nitco Ltd
MPDL,Mpdl Ltd
SOLARINDS,Solar Industries India Ltd
GALLANTT,Gallantt Ispat Ltd
MALUPAPER,Malu Paper Mills Ltd
UTTAMSUGAR,Uttam Sugar Mills Ltd
SGL,Stl Global Ltd
KKCL,Kewal Kiran Clothing Ltd
SUNTV,Sun Tv Network Ltd
GPIL,Godawari Power And Ispat Ltd
RSYSTEMS,R Systems International Ltd
EMKAY,Emkay Global Financial Services Ltd
TICL,Twamev Construction And Infrastructure Ltd
LOKESHMACH,Lokesh Machines Ltd
KAMDHENU,Kamdhenu Ltd
PAUSHAKLTD,Paushak Ltd
GTNTEX,Gtn Textiles Ltd
PFOCUS,Prime Focus Ltd
ALLCARGO,Allcargo Logistics Ltd
GMRAIRPORT,Gmr Airports Ltd
TECHM,Tech Mahindra Ltd
CIEINDIA,Cie Automotive India Ltd
VOLTAMP,Voltamp Transformers Ltd
ATLANTAA,Atlantaa Ltd
HGM,Handson Global Management (Hgm)Ltd
ACE,Action Construction Equipment Ltd
GEECEE,Geecee Ventures Ltd
GAYAPROJ,Gayatri Projects Ltd
FIEMIND,Fiem Industries Ltd
JHS,Jhs Svendgaard Laboratories Ltd
DCBBANK,Dcb Bank Ltd
GLOBALVECT,Global Vectra Helicorp Ltd
INSPIRISYS,Inspirisys Solutions Ltd
GTLINFRA,Gtl Infrastructure Ltd
SHIVAMAUTO,Shivam Autotech Ltd
NAUKRI,Info Edge (India) Ltd
TORNTPOWER,Torrent Power Ltd
PARSVNATH,Parsvnath Developers Ltd
SUTLEJTEX,Sutlej Textiles And Industries Ltd
LTFOODS,Lt Foods Ltd
SOBHA,Sobha Ltd
RUCHIRA,Ruchira Papers Ltd
TANLA,Tanla Platforms Ltd
ZEEMEDIA,Zee Media Corporation Ltd
SITINET,Siti Networks Ltd
LUMAXTECH,Lumax Auto Technologies Ltd
AUTOIND,Autoline Industries Ltd
NETWORK18,Network 18 Media & Investments Ltd
HUBTOWN,Hubtown Ltd
CTE,Cambridge Technology Enterprises Ltd
TIIL,Technocraft Industries (India) Ltd
REDINGTON,Redington Ltd
AICHAMP,Ai Champdany Industries Ltd
CINELINE,Cineline India Ltd
PGIL,Pearl Global Industries Ltd
FSL,Firstsource Solutions Ltd
PFC,Power Finance Corporation Ltd
AHLUCONT,Ahluwalia Contracts (India) Ltd
TFL,Transwarranty Finance Ltd
INDIANB,Indian Bank
SMSPHARMA,Sms Pharmaceuticals Ltd
ORIENTALTL,Oriental Trimex Ltd
ELAND,E-Land Apparel Ltd
IDEA,Vodafone Idea Ltd
JAGJANANI,Jagjanani Textiles Ltd
RAJTV,Raj Television Network Ltd
PAGEIND,Page Industries Ltd
AMDIND,Amd Industries Ltd
LEHAR,Lehar Footwears Ltd
ASTRAL,Astral Ltd
CAMLINFINE,Camlin Fine Sciences Ltd
ICRA,Icra Ltd
DISHTV,Dish Tv India Ltd
SAHYADRI,Sahyadri Industries Ltd
SRHHYPOLTD,Sree Rayalaseema Hi-Strength Hypo Ltd
FORTIS,Fortis Healthcare Ltd
TGBHOTELS,Tgb Banquets And Hotels Ltd
HILTON,Hilton Metal Forging Ltd
DELTACORP,Delta Corp Ltd
MICEL,Mic Electronics Ltd
INSECTICID,Insecticides (India) Ltd
ASAHISONG,Asahi Songwon Colors Ltd
HARYNACAP,Haryana Capfin Ltd
TIMETECHNO,Time Technoplast Ltd
HGS,Hinduja Global Solutions Ltd
NELCAST,Nelcast Ltd
V2RETAIL,V2 Retail Ltd
DLF,Dlf Ltd
TARMAT,Tarmat Ltd
ANKITMETAL,Ankit Metal & Power Ltd
SPARC,Sun Pharma Advanced Research Company Ltd
HDIL,Housing Development And Infrastructure Ltd
ADSL,Allied Digital Services Ltd
ALPA,Alpa Laboratories Ltd
SSLEL,Sir Shadi Lal Enterprises Ltd
OMAXE,Omaxe Ltd
REFEX,Refex Industries Ltd
CENTRALBK,Central Bank Of India
SELMC,Sel Manufacturing Company Ltd
ASIANTILES,Asian Granito India Ltd
KPRMILL,K.P.R. Mill Limited
TAKE,Take Solutions Ltd
PURVA,Puravankara Ltd
MOTILALOFS,Motilal Oswal Financial Services Ltd
VTMLTD,Vtm Ltd
INDOWIND,Indowind Energy Ltd
NAGREEKCAP,Nagreeka Capital & Infrastructure Ltd
MAGNUM,Magnum Ventures Ltd
POWERGRID,Power Grid Corporation Of India Ltd
KSCL,Kaveri Seed Company Ltd
PAISALO,Paisalo Digital Ltd
CCCL,Consolidated Construction Consortium Ltd
SUPREMEINF,Supreme Infrastructure India Ltd
MAANALU,Maan Aluminium Ltd
IL&FSENGG,Il&Fs Engineering And Construction Company Ltd
PARLEIND,Parle Industries Ltd
RELIGARE,Religare Enterprises Ltd
BVCL,Barak Valley Cements Ltd
RATHIBAR,Rathi Bars Ltd
ADANIPORTS,Adani Ports And Special Economic Zone Ltd
EDELWEISS,Edelweiss Financial Services Ltd
RGL,Renaissance Global Ltd
KOLTEPATIL,Kolte-Patil Developers Ltd
KAUSHALYA,Kaushalya Infrastructure Development Corporation Ltd
JYOTHYLAB,Jyothy Labs Ltd
ECLERX,Eclerx Services Ltd
TARIL,Transformers And Rectifiers (India) Ltd
BRIGADE,Brigade Enterprises Ltd
BGRENERGY,Bgr Energy Systems Ltd
MANAKSIA,Manaksia Ltd
PORWAL,Porwal Auto Components Ltd
PPAP,Ppap Automotive Ltd
ARIES,Aries Agro Ltd
KUANTUM,Kuantum Papers Ltd
RPOWER,Reliance Power Ltd
JKIL,J. Kumar Infraprojects Ltd
CORDSCABLE,Cords Cable Industries Ltd
KNRCON,Knr Constructions Ltd
ONMOBILE,Onmobile Global Ltd
SEPC,Sepc Ltd
BANG,Bang Overseas Ltd
IRB,Irb Infrastructure Developers Ltd
GSS,Gss Infotech Ltd
NAHARCAP,Nahar Capital And Financial Services Ltd
VGUARD,V-Guard Industries Ltd
RECLTD,Rec Ltd
GOKAKTEX,Gokak Textiles Ltd
TITAGARH,Titagarh Rail Systems Ltd
KIRIINDUS,Kiri Industries Ltd
BIRLAMONEY,Aditya Birla Money Ltd
TELOGICA,Telogica Ltd
JAIBALAJI,Jai Balaji Industries Ltd
BAJAJ-AUTO,Bajaj Auto Ltd
BAJAJFINSV,Bajaj Finserv Ltd
GOKUL,Gokul Refoils & Solvent Ltd
RPGLIFE,Rpg Life Sciences Ltd
SENSEX1,Kotak S&P Bse Sensex Etf
NIRAJ,Niraj Cement Structurals Ltd
BAFNAPH,Bafna Pharmaceuticals Ltd
CHLLTD,Chl Ltd
SEJALLTD,Sejal Glass Ltd
ARCHIDPLY,Archidply Industries Ltd
LOTUSEYE,Lotus Eye Hospital And Institute Ltd
SOMICONVEY,Somi Conveyor Beltings Ltd
DWSFTS50AG,Deutsche Mutual Fund - Dws Fixed Term Series 50 - Plan A - Growth Option
DWSFTS50BG,Deutsche Mutual Fund - Dws Fixed Term Series 50 - Plan B - Growth Option
LGBFORGE,Lgb Forge Ltd
LPDC,Landmark Property Development Company Ltd
SICAGEN,Sicagen India Ltd
SIMPLXPAP,Simplex Papers Ltd
20MICRONS,20 Microns Ltd
ZFCVINDIA,Zf Commercial Vehicle Control Systems India Ltd
ALKALI,Alkali Metals Ltd
ISGEC,Isgec Heavy Engineering Ltd
IMFA,Indian Metals & Ferro Alloys Ltd
TPHQ,Teamo Productions Hq Ltd
VEDAVAAG,Vedavaag Systems Ltd
MOLDTKPAC,Mold-Tek Packaging Ltd
MHRIL,Mahindra Holidays & Resorts India Ltd
LANDSMILL,Landsmill Green Ltd
ROML,Raj Oil Mills Ltd
BENGALASM,Bengal & Assam Company Ltd
ADANIPOWER,Adani Power Ltd
NHPC,Nhpc Ltd
PEIL,Premier Energy And Infrastructure Ltd
SURYAAMBA,Suryaamba Spinning Mills Ltd
GLOBUSSPR,Globus Spirits Ltd
OIL,Oil India Ltd
SWANDEF,Swan Defence And Heavy Industries Ltd
BTTL,Bhilwara Technical Textiles Ltd
SPSL,Shree Precoated Steels Ltd
EXPLEOSOL,Expleo Solutions Ltd
RTNPOWER,Rattanindia Power Ltd
DEN,Den Networks Ltd
ASTEC,Astec Lifesciences Ltd
FFTF16BGR,Fortis Fixed Term Fund - Series 16B - Growth
FFTF16BCQ,Fortis Fixed Term Fund - Series 16B - Calendar Qrtly Dividend
FFTF16BCY,Fortis Fixed Term Fund - Series 16B - Calendar Yrly Dividend
FFTF16BDM,Fortis Fixed Term Fund - Series 16B - Dividend On Maturity
DLINKINDIA,D-Link (India) Ltd
JSWENERGY,Jsw Energy Ltd
YUNIKM,Yunik Managing Advisors Ltd
GODREJPROP,Godrej Properties Ltd
DBCORP,D. B. Corp Ltd
MBLINFRA,Mbl Infrastructure Ltd
JUBLFOOD,Jubilant Foodworks Ltd
VASCONEQ,Vascon Engineers Ltd
THANGAMAYL,Thangamayil Jewellery Ltd
DBREALTY,Valor Estate Ltd
EMMBI,Emmbi Industries Ltd
HATHWAY,Hathway Cable & Datacom Ltd
TEXMOPIPES,Texmo Pipes And Products Ltd
SUNDARAM,Sundaram Multi Pap Ltd
COROENGG,Coromandel Engineering Company Ltd
ROSSELLIND,Rossell India Ltd
MANINFRA,Man Infraconstruction Ltd
TAMBOLIIN,Tamboli Industries Ltd
IVZINGOLD,Invesco India Gold Exchange Traded Fund
IL&FSTRANS,Il&Fs Transportation Networks Ltd
PERSISTENT,Persistent Systems Ltd
ISFT,Intrasoft Technologies Ltd
KCPSUGIND,Kcp Sugar & Industries Corporation Ltd
KECL,Kirloskar Electric Company Ltd
SATCH,Satchmo Holdings Ltd
TARAPUR,Tarapur Transformers Ltd
SJVN,Sjvn Ltd
EMAMIPAP,Emami Paper Mills Ltd
KRITINUT,Kriti Nutrients Ltd
GKB,Gkb Ophthalmics Ltd
FFTF17BGR,Fortis Fixed Term Fund - Series 17 B - Growth
HMVL,Hindustan Media Ventures Ltd
EMAMIREAL,Emami Realty Ltd
AHLWEST,Asian Hotels (West) Ltd
AHLEAST,Asian Hotels (East) Ltd
BAJAJCON,Bajaj Consumer Care Ltd
HDFCGOLD,Hdfc Gold Etf
PRAKASHSTL,Prakash Steelage Ltd
GOLDIETF,Icici Prudential Gold Etf
GPPL,Gujarat Pipavav Port Ltd
WELINV,Welspun Investments And Commercials Ltd
WAAREEINDO,Indosolar Ltd
HEALTHX,Health X Platform Ltd
CPCAP,Cp Capital Ltd
RAMKY,Ramky Infrastructure Ltd
GREENPOWER,Orient Green Power Company Ltd
CANTABIL,Cantabil Retail India Ltd
SEATV,Sea Tv Network Ltd
WABAG,Va Tech Wabag Ltd
BEDMUTHA,Bedmutha Industries Ltd
ASHOKA,Ashoka Buildcon Ltd
JWL,Jupiter Wagons Ltd
OBEROIRLTY,Oberoi Realty Ltd
PRESTIGE,Prestige Estates Projects Ltd
SHAH,Shah Metacorp Ltd
COALINDIA,Coal India Ltd
GRAVITA,Gravita India Ltd
RPPINFRA,R P P Infra Projects Ltd
RDBIPL,Rdb Infrastructure And Power Ltd
MOIL,Moil Ltd
ZEELEARN,Zee Learn Ltd
KTIL,Kesar Terminals & Infrastructure Ltd
A2ZINFRA,A2Z Infra Engineering Ltd
KIRLOSENG,Kirloskar Oil Engines Ltd
RKDL,Ravi Kumar Distilleries Ltd
PSB,Punjab & Sind Bank
FMNL,Future Market Networks Ltd
SURANASOL,Surana Solar Ltd
SHEKHAWATI,Shekhawati Industries Ltd
KICL,Kalyani Investment Company Ltd
BFINVEST,Bf Investment Ltd
SUMMITSEC,Summit Securities Ltd
INOVSYNTH,Innovassynth Technologies (India) Ltd
STEL,Stel Holdings Ltd
TEXRAIL,Texmaco Rail & Engineering Ltd
INDTERRAIN,Indian Terrain Fashions Ltd
FCL,Fineotex Chemical Ltd
DHUNINV,Dhunseri Investments Ltd
ZENTEC,Zen Technologies Ltd
LOVABLE,Lovable Lingerie Ltd
PFS,Ptc India Financial Services Ltd
MON100,Motilal Oswal Nasdaq 100 Etf
MUTHOOTFIN,Muthoot Finance Ltd
TRUEGREEN,True Green Bio Energy Ltd
BSLGOLDETF,Birla Sun Life Mutual Fund - Birla Sun Life Gold Etf
KTKFMP46G,Kotak Mahindra Mutual Fund - Kotak Fmp Series 46 - Growth Option
KTKFMP46D,Kotak Mahindra Mutual Fund - Kotak Fmp Series 46 - Dividend Option
VMS,Vms Industries Ltd
KTKFMP48G,Kotak Mahindra Mutual Fund - Kotak Fmp Series 48 - Growth Option
KTKFMP48D,Kotak Mahindra Mutual Fund - Kotak Fmp Series 48 - Dividend Option
KARMAENG,Karma Energy Ltd
DELPHIFX,Delphi World Money Ltd
RUSHIL,Rushil Decor Ltd
ENKEIWHEL,Enkei Wheels (India) Ltd
KTKFMP52G,Kotak Mahindra Mutual Fund - Kotak Fmp Series 52 - Growth Option
KTKFMP52D,Kotak Mahindra Mutual Fund - Kotak Fmp Series 52 - Dividend Option
KRIDHANINF,Kridhan Infra Ltd
INVENTURE,Inventure Growth & Securities Ltd
LTF,L&T Finance Ltd
IBULLSLTD,Indiabulls Ltd
KTKFMP55G,Kotak Mahindra Mutual Fund - Kotak Fmp  Series 55 - Growth Option
KTKFMP55D,Kotak Mahindra Mutual Fund - Kotak Fmp  Series 55 - Dividend Option
TREEHOUSE,Tree House Education & Accessories Ltd
BROOKS,Brooks Laboratories Ltd
RUPA,Rupa & Company Ltd
TDPOWERSYS,Td Power Systems Ltd
AXISGOLD,Axis Mutual Fund - Axis Gold Exchange Traded Fund
APLLTD,Alembic Pharmaceuticals Ltd
VASWANI,Vaswani Industries Ltd
PGEL,Pg Electroplast Ltd
LESHAIND,Lesha Industries Ltd
RDBRL,Rdb Rasayans Ltd
TIJARIA,Tijaria Polypipes Ltd
ONELIFECAP,Onelife Capital Advisors Ltd
FLEXITUFF,Flexituff Ventures International Ltd
UEL,Ujaas Energy Ltd
TRITURBINE,Triveni Turbine Ltd
INDOTHAI,Indo Thai Securities Ltd
ESSARSHPNG,Essar Shipping Ltd
LICMFGOLD,Lic Mf Gold Etf
APLAPOLLO,Apl Apollo Tubes Ltd
GPTINFRA,Gpt Infraprojects Ltd
FERVENTSYN,Fervent Synergies Ltd
THOMASCOTT,Thomas Scott (India) Ltd
TERASOFT,Tera Software Ltd
PMCFIN,Pmc Fincorp Ltd
FUTSOL,Futuristic Solutions Ltd
AIML,Alliance Integrated Metaliks Ltd
RHIM,Rhi Magnesita India Ltd
MCX,Multi Commodity Exchange Of India Ltd
PYXISFIN,Pyxis Finvest Ltd
SCHNEIDER,Schneider Electric Infrastructure Ltd
OLPCL,Olympic Cards Ltd
NBCC,Nbcc (India) Ltd
MTEDUCARE,Mt Educare Ltd
HEXATRADEX,Hexa Tradex Ltd
MAXHEIGHTS,Max Heights Infrastucture Ltd
TBZ,Tribhovandas Bhimji Zaveri Ltd
VSSL,Vardhman Special Steels Ltd
LOOKS,Looks Health Services Ltd
SPECIALITY,Speciality Restaurants Ltd
LYPSAGEMS,Lypsa Gems & Jewellery Ltd
RTNINDIA,Rattanindia Enterprises Ltd
SAMPANN,Sampann Utpadan India Ltd
JTLIND,Jtl Industries Ltd
AMTL,Advance Metering Technology Ltd
NECCLTD,North Eastern Carrying Corporation Ltd
WAAREERTL,Waaree Renewable Technologies Ltd
JUPITERIN,Jupiter Infomedia Ltd
VINAYAKPOL,Vinayak Polycon International Ltd
JOINTECAED,Jointeca Education Solutions Ltd
DUCON,Ducon Infratechnologies Ltd
PROZONER,Prozone Realty Ltd
SRGHFL,Srg Housing Finance Ltd
COMCL,Comfort Commotrade Ltd
SHANTIGURU,Shanti Guru Industries Ltd
CASPIAN,Caspian Corporate Services Ltd
AERPACE,Aerpace Industries Ltd
VIRTUALG,Virtual Global Education Ltd
ZUARI,Zuari Agro Chemicals Ltd
STEELXIND,Steel Exchange India Ltd
TRIOMERC,Trio Mercantile & Trading Ltd
CIGNITITEC,Cigniti Technologies Ltd
CDG,Cdg Petchem Ltd
CARERATING,Care Ratings Ltd
PCJEWELLER,Pc Jeweller Ltd
INDUSTOWER,Indus Towers Ltd
COVIDH,Covidh Technologies Ltd
VMART,V-Mart Retail Ltd
NIBE,Nibe Ltd
MUKTA,Mukta Agriculture Ltd
MYSTICELE,Mystic Electronics Ltd
COMFINCAP,Comfort Fincap Ltd
SBISENSEX,Sbi Mutual Fund - Sbi Sensex Etf
BMAL,Bothra Metals & Alloys Ltd
REPCOHOME,Repco Home Finance Ltd
KTKFMP100G,Kotak Mahindra Mutual Fund - Kotak Fmp  Series  100 - Regular Plan (Growth Option)
KTKFMP100D,Kotak Mahindra Mutual Fund - Kotak Fmp Series 100 - Regular Plan (Dividend Option)
KTKFMP100GD,Kotak Mahindra Mutual Fund - Kotak Fmp  Series  100 - Direct Plan (Growth Option)
LAKHOTIA,Lakhotia Polyesters (India) Ltd
GCMSECU,Gcm Securities Ltd
KTKFMP101G,Kotak Mahindra Mutual Fund - Kotak Fmp  Series  101-371 Days - Regular Plan (Growth Option)
KTKFMP101D,Kotak Mahindra Mutual Fund - Kotak Fmp Series 101-371 Days - Regular Plan (Dividend Option)
KTKFMP101GD,Kotak Mahindra Mutual Fund - Kotak Fmp  Series  101- 371 Days - Direct Plan (Growth Option)
NIBL,Nrb Industrial Bearings Ltd
PRIMECAPM,Prime Capital Market Ltd
KIFS,Kifs Financial Services Ltd
SREEL,Sreeleathers Ltd
SHARDAMOTR,Sharda Motor Industries Ltd
BINNYMILLS,Binny Mills Ltd
SVGLOBAL,S V Global Mill Ltd
SDC,Sdc Techmedia Ltd
JUSTDIAL,Just Dial Ltd
OONE,Objectone Information Systems Ltd
IFINSEC,India Finsec Ltd
BRAHMINFRA,Brahmaputra Infrastructure Ltd
AMPVOLTS,Ampvolts Ltd
KHOOBSURAT,Khoobsurat Ltd
ORIENTCEM,Orient Cement Ltd
ABFRL,Aditya Birla Fashion And Retail Ltd
SAMMAANCAP,Sammaan Capital Ltd
MMLF,Money Masters Leasing & Finance Ltd
ALSL,Alacrity Securities Ltd
GCMCOMM,Gcm Commodity & Derivatives Ltd
ESSENTIA,Integra Essentia Ltd
KTKFMP110G,Kotak Mahindra Mutual Fund - Kotak Fmp  Series 110 - 370 Days Non Direct Plan- Growth Option
KTKFMP110D,Kotak Mahindra Mutual Fund - Kotak Fmp 110 - 370 Days Non Direct Plan- Dividend Option
KTKFMP110GD,Kotak Mahindra Mutual Fund - Kotak Fmp Series 110 - 370 Days Direct Plan- Growth Option
KTKFMP111G,Kotak Mahindra Mutual Fund - Kotak Fmp  Series 111 - 370 Days Non Direct Plan- Growth Option
KTKFMP111GD,Kotak Mahindra Mutual Fund - Kotak Fmp Series 111 - 370 Days Direct Plan- Growth Option
JULIEN,Julien Agro Infratech Ltd
TIGERLOGS,Tiger Logistics (India) Ltd
JKAGRI,Jk Agri Genetics Ltd
FLFL,Future Lifestyle Fashions Ltd
NOVELIX,Novelix Pharmaceuticals Ltd
PVVINFRA,Pvv Infra Ltd
VCU,Vcu Data Management Ltd
INDRENEW,Ind Renewable Energy Ltd
SRGFFL,Srg Fingrow Finance Ltd
ACFSL,Amrapali Capital And Finance Services Ltd
STELLAR,Stellar Capital Services Ltd
JPOLYINVST,Jindal Poly Investment And Finance Company Ltd
MOM100,Motilal Oswal Nifty Midcap 100 Etf
CPL,Captain Polyplast Ltd
NIFTYIETF,Icici Prudential Nifty 50 Etf
NIF100IETF,Icici Prudential Nifty 100 Etf
ARNOLD,Arnold Holdings Ltd
SUNLOC,Sunil Healthcare Ltd
JTLDEFENCE,Jtl Defence Ltd
SUYOG,Suyog Telematics Ltd
NATHBIOGEN,Nath Bio-Genes (India) Ltd
AGRITECH,Agri- Tech (India) Ltd
CHEMTECH,Chemtech Industrial Valves Ltd
NIF100BEES,Nippon India Etf Nifty 100
DENISCHEM,Denis Chem Lab Ltd
NFXXV20DD,Nippon India Mutual Fund -Nippon India Mutual Fund  Fixed Horizon Fund- Xxv Series 20 - Direct Plan Dividend Payout Option
NFXXV20DG,Nippon India Mutual Fund - Nippon India Mutual Fund  Fixed Horizon Fund- Xxv Series 20 - Direct Plan Growth Option
NFHXXV20D,Nippon India Mutual Fund - Nippon India Mutual Fund  Fixed Horizon Fund- Xxv Series 20 - Dividend Payout Plan
NFHXXV20G,Nippon India Mutual Fund - Nippon India Mutual Fund  Fixed Horizon Fund- Xxv Series 20 - Growth Option
POLYMAC,Polymac Thermoformers Ltd
UNISHIRE,Unishire Urban Infra Ltd
LAXMIPATI,Laxmipati Engineering Works Ltd
LADDU,Laddu Gopal Online Services Ltd
NIFTY1,Kotak Nifty 50 Etf
HANSUGAR,Shree Hanuman Sugar & Industries Ltd
KIRANVYPAR,Kiran Vyapar Ltd
BCP,B.C. Power Controls Ltd
KCSL,Karnimata Cold Storage Ltd
RACE,Race Eco Chain Ltd
MANGIND,Mangalam Industrial Finance Ltd
VIJIFIN,Viji Finance Ltd
HBGHOTELS,Hbg Hotels Ltd
RAUNAQ,Raunaq International Ltd
NFXXVI01DD,Nippon India Mutual Fund  Fixed Horizon Fd Xxvi Sr 1 Dir Divpay 16Ag18
NFXXVI01DG,Nippon India Mutual Fund - Nippon India Mutual Fund  Fixed Horizon Fund- Xxvi Series 1- Direct Plan Growth Option
NFHXXVI01D,Nippon India Mutual Fund - Nippon India Mutual Fund  Fixed Horizon Fund- Xxvi Series 1- Dividend Payout Option
NFHXXVI01G,Nippon India Mutual Fund - Nippon India Mutual Fund  Fixed Horizon Fund- Xxvi Series 1- Growth Option
INFRONICS,Infronics Systems Ltd
CPSEETF,Cpse Etf
HARIAAPL,Haria Apparels Ltd
VASUPRADA,Shri Vasuprada Plantations Ltd
RNBDENIMS,R&B Denims Ltd
SHARPINV,Sharp Investments Ltd
WONDERLA,Wonderla Holidays Ltd
NFXXVI14DG,Nippon India Mutual Fund - Nippon India Mutual Fund  Fixed Horizon Fund- Xxvi Series 14 - Direct Plan Growth Option
NFHXXVI14D,Nippon India Mutual Fund - Nippon India Mutual Fund  Fixed Horizon Fund- Xxvi Series 14 - Direct Plan Growth Option
NFHXXVI14G,Nippon India Mutual Fund - Nippon India Mutual Fund  Fixed Horizon Fund- Xxvi Series 14 - Dividend Payout Option
RESPONSINF,Response Informatics Ltd
GCMCAPI,Gcm Capital Advisors Ltd
SDFSA24GD,Sbi Debt Fund Series A-24- Direct Plan -Growth
AFEL,A.F. Enterprises Ltd
INCREDIBLE,Incredible Industries Ltd
WESTLEIRES,West Leisure Resorts Ltd
NAM,Nam Securities Ltd
METSL,Maestros Electronics & Telecommunications Systems Ltd
JACKSON,Jackson Investments Ltd
RFXXVI23DD,Reliance Fixed Horizon Fund- Xxvi Series 23- Direct Plan Dividend Payout Option
RFXXVI23DG,Reliance Fixed Horizon Fund- Xxvi Series 23- Direct Plan Growth Option
RFHXXVI23D,Reliance Fixed Horizon Fund- Xxvi Series 23- Dividend Payout  Option
RFHXXVI23G,Reliance Fixed Horizon Fund- Xxvi Series 23- Growth Option
MONEYBOXX,Moneyboxx Finance Ltd
WORTH,Worth Investment & Trading Co Ltd
TPROJECT,Thirani Projects Ltd
AMARSEC,Amarnath Securities Ltd
CTL,Capital Trade Links Ltd
TARINI,Tarini International Ltd
SBL,Shivamshree Businesses Ltd
YAANENT,Yaan Enterprises Ltd
NFXXVI30DD,Nippon India Mutual Fund - Nippon India Mutual Fund  Fixed Horizon Fund- Xxvi Series 30 - Direct Plan - Dividend P
NFXXVI30DG,Nippon India Mutual Fund - Nippon India Mutual Fund  Fixed Horizon Fund- Xxvi Series 30 - Direct Plan Growth Option
NFHXXVI30D,Nippon India Mutual Fund - Nippon India Mutual Fund  Fixed Horizon Fund- Xxvi Series 30 - Dividend Payout Optio
NFHXXVI30G,Nippon India Mutual Fund - Nippon India Mutual Fund  Fixed Horizon Fund- Xxvi Series 30 - Growth Option
ANVRDHI,Annvrridhhi  Ventures Ltd
RLFL,Ramchandra Leasing & Finance Ltd
BRPL,Bansal Roofing Products Ltd
ARMAN,Arman Holdings Ltd
SKIPPER,Skipper Ltd
SMTEL,Smt Engineering Ltd
JAMESWARREN,James Warren Tea Ltd
VISTARAMAR,Vistar Amar Ltd
GULFOILLUB,Gulf Oil Lubricants India Ltd
FRUTION,Fruition Venture Ltd
TRIVENIENT,Triveni Enterprises Ltd
BHANDERI,Bhanderi Infracon Ltd
ZINEMA,Zinema Media And Entertainment Ltd
CEMAINFRA,Cemantic Infra-Tech Ltd
TTIENT,Tti Enterprise Ltd
VISHAL,Vishal Fabrics Ltd
TOYAMSL,Toyam Sports Ltd
GAJANANSEC,Gajanan Securities Services Ltd
UNISON,Unison Metals Ltd
RTFL,Real Touch Finance Ltd
VRL,Vasundhara Rasayans Ltd
SNOWMAN,Snowman Logistics Ltd
QGO,Qgo Finance Ltd
PURSHOTTAM,Purshottam Investofin Ltd
HCLTD,Hind Commerce Ltd
SHARDACROP,Sharda Cropchem Ltd
SIROHIA,Sirohia & Sons Ltd
MIIL,Meghna Infracon Infrastructure Ltd
CITYONLINE,City Online Services Ltd
SENSEXBEES,Nippon India Etf S&P Bse Sensex
SHEMAROO,Shemaroo Entertainment Ltd
ULTRACAB,Ultracab (India) Ltd
RCCL,Rajasthan Cylinders & Containers Ltd
ETIL,Econo Trade (India) Ltd
ATISHAY,Atishay Ltd
SANGAMFIN,Sangam Finserv Ltd
DHABRIYA,Dhabriya Polywood Ltd
ARYACAPM,Aryaman Capital Markets Ltd
PDSL,Pds Ltd
HANMAN,Hanman Fit Ltd
VGCL,Vibrant Global Capital Ltd
CEINSYS,Ceinsys Tech Ltd
PANABYTE,Panabyte Technologies Ltd
MUDUNURU,Mudunuru Ltd
JSHL,Jla Infraville Shoppers Ltd
CRANEINFRA,Crane Infrastructure Ltd
NIYOGIN,Niyogin Fintech Ltd
ASIACAP,Asia Capital Ltd
KALYANCAP,Kalyan Capitals Ltd
GBFL,Goenka Business & Finance Ltd
GILADAFINS,Gilada Finance & Investments Ltd
JETSOLAR,Jet Solar Ltd
SAPPL,Shree Ajit Pulp And Paper Ltd
CAPPIPES,Captain Pipes Ltd
KAIZENAGRO,Kaizen Agro Infrabuild Ltd
JMJFIN,Jmj Fintech Ltd
INTELLECT,Intellect Design Arena Ltd
MONTECARLO,Monte Carlo Fashions Ltd
JSTL,Jeevan Scientific Technology Ltd
ICL,Indo Cotspin Ltd
SCC,Scintilla Commercial & Credit Ltd
PANAFIC,Panafic Industrials Ltd
MYMONEY,My Money Securities Ltd
AMARNATH,Sri Amarnath Finance Ltd
CSL,Continental Securities Ltd
NEXUSSURGL,Nexus Surgical And Medicare Ltd
SELLWIN,Sellwin Traders Ltd
GALADAFIN,Galada Finance Ltd
EMERALD,Emerald Finance Ltd
MKEXIM,M.K. Exim (India) Ltd
MCLOUD,Magellanic Cloud Ltd
OCTAL,Octal Credit Capital Ltd
MIHIKA,Mihika Industries Ltd
KANCHI,Kanchi Karpooram Ltd
DTIL,Dhunseri Tea & Industries Ltd
VANICOM,Vani Commercials Ltd
SKILVEN,Skyline Ventures India Ltd
VINCOFE,Vintage Coffee And Beverages Ltd
RAFL,Raghuvansh Agrofarms Ltd
COSYN,Cosyn Ltd
SOFCOM,Sofcom Systems Ltd
NAPL,Naturite Agro Products Ltd
KARNAVATI,Karnavati Finance Ltd
ABHIFIN,Abhishek Finlease Ltd
MERCANTILE,Mercantile Ventures Ltd
SONAL,Sonal Mercantile Ltd
ALFL,Abhinav Leasing & Finance Ltd
GENUSPAPER,Genus Paper & Boards Ltd
MINDACORP,Minda Corporation Ltd
MERCURYLAB,Mercury Laboratories Ltd
CONCORD,Concord Drugs Ltd
WARDINMOBI,Wardwizard Innovations & Mobility Ltd
SHREESEC,Shree Securities Ltd
GREENLAM,Greenlam Industries Ltd
TALBROSENG,Talbros Engineering Ltd
SAPL,Sar Auto Products Ltd
JAYATMA,Jayatma Enterprises Ltd
PTCIL,Ptc Industries Ltd
CHENFERRO,Chennai Ferrous Industries Ltd
MEGRISOFT,Megri Soft Ltd
GITARENEW,Gita Renewable Energy Ltd
KALPACOMME,Kalpa Commercial Ltd
ORTEL,Ortel Communications Ltd
NEIL,Neil Industries Ltd
STARHFL,Star Housing Finance Ltd
BEEKAY,Beekay Steel Industries Ltd
SSPNFIN,Sspn Finance Ltd
SETFBSE100,Sbi Mutual Fund - Sbi - Etf Bse 100
TIRUPATIIN,Tirupati Innovar Ltd
GANVERSE,Ganesha Ecoverse Ltd
AGIIL,Agi Infra Ltd
MANAKSTEEL,Manaksia Steels Ltd
MANAKALUCO,Manaksia Aluminium Company Ltd
MANAKCOAT,Manaksia Coated Metals & Industries Ltd
IMAGICAA,Imagicaaworld Entertainment Ltd
INOXWIND,Inox Wind Ltd
RAJPUTANA,Rajputana Investment And Finance Ltd
CCDL,Consecutive Commodities Ltd
URSUGAR,Ur Sugar Industries Ltd
FILTRA,Filtra Consultants And Engineers Ltd
ATHCON,Athena Constructions Ltd
NORTHLINK,Northlink Fiscal And Capital Services Ltd
SHESHAINDS,Sheshadri Industries Ltd
SAB,Sab Industries Ltd
PML,Paul Merchants Ltd
ALANSCOTT,Alan Scott Enterprises Ltd
OPCHAINS,O. P. Chains Ltd
SUJALA,Sujala Trading & Holdings Ltd
VRLLOG,Vrl Logistics Ltd
JAINMARMO,Jain Marmo Industries Ltd
GRAMEVA,Grameva Ltd
PALCO,Palco Metals Ltd
BODHTREE,Bodhtree Consulting Ltd
VBIND,V B Industries Ltd
SARVOTTAM,Sarvottam Finvest Ltd
MEP,Mep Infrastructure Developers Ltd
WARDWIZFBL,Wardwizard Foods And Beverages Ltd
UFO,Ufo Moviez India Ltd
PANTH,Panth Infinity Ltd
SHIVALIK,Shivalik Rasayan Ltd
ICSL,Integrated Capital Services Ltd
PNCINFRA,Pnc Infratech Ltd
ARFIN,Arfin India Ltd
VLL,Virat Leasing Ltd
HELPAGE,Helpage Finlease Ltd
BLUEGOD,Bluegod Entertainment Ltd
HAWAENG,Hawa Engineers Ltd
AIIL,Authum Investment & Infrastructure Ltd
ADHBHUTIN,Adhbhut Infrastructure Ltd
DFL,Decillion Finance Ltd
POEL,Pocl Enterprises Ltd
AEL,Amba Enterprises Ltd
SGFIN,Sg Finserve Ltd
NOBPOL,Noble Polymers Ltd
SATIA,Satia Industries Ltd
GVBL,Genomic Valley Biotech Ltd
GARMNTMNTR,Garment Mantra Lifestyle Ltd
SRESTHA,Srestha Finvest Ltd
SAUMYA,Saumya Consultants Ltd
MUL,Mauria Udyog Ltd
MISHKA,Mishka Exim Ltd
SPORTKING,Sportking India Ltd
GROWINGTON,Growington Ventures India Ltd
RUDRA,Rudra Global Infra Products Ltd
LOYAL,Loyal Equipments Ltd
GGPL,Gala Global Products Ltd
CHEMIESYNT,Chemiesynth (Vapi) Ltd
BALKRISHNA,Balkrishna Paper Mills Ltd
SHYAMCENT,Shyam Century Ferrous Ltd
SURYAINDIA,Surya India Ltd
ADANIENSOL,Adani Energy Solutions Ltd
STARDELTA,Star Delta Transformers Ltd
AMRAFIN,Amrapali Fincap Ltd
SAMSRITA,Samsrita Labs Ltd
SYNGENE,Syngene International Ltd
NXXIX1X,Nippon India Mutual Fund  Fhf Xxix Series 1- Direct Plan Dividend Payout Option
NXXIX1Z,Nippon India Mutual Fund  Fhf Xxix Series 1- Direct Plan Growth Option
NXXIX1D,Nippon India Mutual Fund  Fhf Xxix Series 1- Dividend Payout Option
NXXIX1G,Nippon India Mutual Fund  Fhf Xxix Series 1- Growth Option
PECOS,Pecos Hotels And Pubs Ltd
MSL,Mangalam Seeds Ltd
KAYA,Kaya Ltd
ALSTONE,Alstone Textiles (India) Ltd
SYMBIOX,Symbiox Investment & Trading Company Ltd
ORTINGLOBE,Ortin Global Ltd
AVI,Avi Polymers Ltd
AURUM,Aurum Proptech Ltd
OSWALGREEN,Oswal Greentech Ltd
SUNRAKSHAK,Sunrakshakk Industries India Ltd
ARVSMART,Arvind Smartspaces Ltd
POWERMECH,Power Mech Projects Ltd
RAMASTEEL,Rama Steel Tubes Ltd
THINKINK,Thinkink Picturez Ltd
SENSEXBETA,Uti Bse Sensex Etf
NIFTYBETA,Uti Nifty 50 Etf
UNIAUTO,Universal Autofoundry Ltd
VETO,Veto Switchgears And Cables Ltd
NAVKARCORP,Navkar Corporation Ltd
SHREEPUSHK,Shree Pushkar Chemicals & Fertilisers Ltd
CALLISTA,Callista Industries Ltd
GUJGASLTD,Gujarat Gas Ltd
WAAREE,Waaree Technologies Ltd
SADBHIN,Sadbhav Infrastructure Project Ltd
PBFL,P. B. Films Ltd
SALAUTO,Sal Automotive Ltd
POLYSPIN,Polyspin Exports Ltd
PRITIKAUTO,Pritika Auto Industries Ltd
MAHAVEER,Mahaveer Infoway Ltd
ACME,Acme Resources Ltd
KCL,Kabra Commercial Ltd
VISHALBL,Vishal Bearings Ltd
BELLACASA,Bella Casa Fashion & Retail Ltd
MALLCOM,Mallcom (India) Ltd
PJL,Patdiam Jewellery Ltd
NAKSH,Naksh Precious Metals Ltd
SATIN,Satin Creditcare Network Ltd
DITCO,Decorous Investment & Trading Co Ltd
SWAGTAM,Swagtam Trading & Services Ltd
GENCON,Generic Engineering Construction And Projects Ltd
KUBERJI,Kuber Udyog Ltd
NEERAJ,Neeraj Paper Marketing Ltd
TEJNAKSH,Tejnaksh Healthcare Ltd
BRIPORT,Brilliant Portfolios Ltd
RFSL,Richfield Financial Services Ltd
COFFEEDAY,Coffee Day Enterprises Ltd
IDFCFIRSTB,Idfc First Bank Ltd
INDIGO,Interglobe Aviation Ltd
IGCIL,Igc Industries Ltd
SHK,S H Kelkar And Company Ltd
ARYAVAN,Aryavan Enterprise Ltd
TFSL,Typhoon Financial Services Ltd
PANORAMA,Panorama Studios International Ltd
SHREEGANES,Shree Ganesh Biotech (India) Ltd
GTV,Gtv Engineering Ltd
LICNETFN50,Lic Mf Exchange Traded Fund- Nifty 50
LICNETFSEN,Lic Mf Exchange Traded Fund- Sensex
TFLL,Tirupati Finlease Ltd
GARBIFIN,Garbi Finvest Ltd
SMARTFIN,Smart Finsec Ltd
RAJKOTINV,Rajkot Investment Trust Ltd
ADCON,Adcon Capital Services Ltd
QUINT,Quint Digital Ltd
HDFCNIFTY,Hdfc Nifty 50 Etf
HDFCSENSEX,Hdfc Bse Sensex Etf
UDAYJEW,Uday Jewellery Industries Ltd
SATTVASUKU,Sattva Sukun Lifecare Ltd
NAVIGANT,Navigant Corporate Advisors Ltd
GROVY,Grovy India Ltd
ALKEM,Alkem Laboratories Ltd
LALPATHLAB,Dr. Lal Pathlabs Ltd
SCTL,Suncare Traders Ltd
CREATIVE,Creative Castings Ltd
AAYUSH,Aayush Wellness Ltd
ELITECON,Elitecon International Ltd
LUXIND,Lux Industries Ltd
VALLEY,Valley Magnesite Company Ltd
ABHIINFRA,Abhishek Infraventures Ltd
APOORVA,Apoorva Leasing Finance And Investment Company Ltd
AGRIBIO,Agribio Spirits Ltd
NH,Narayana Hrudayalaya Ltd
FMEC,F Mec International Financial Services Ltd
DEEPAI,Deep Health Ai India Ltd
ABHIJIT,Abhijit Trading Company Ltd
AARNAV,Aarnav Fashions Ltd
SHIVA,Shivansh Finserve Ltd
MISHTANN,Mishtann Foods Ltd
DELTA,Delta Industrial Resources Ltd
CGFL,Credent Global Finance Ltd
KEL,Kotia Enterprises Ltd
BLUECLOUDS,Blue Cloud Softech Solutions Ltd
KEIL,Kanoria Energy & Infrastructure Ltd
PRECAM,Precision Camshafts Ltd
TEAMLEASE,Teamlease Services Ltd
KAMATS,Vikram Kamats Hospitality Ltd
BESTAGRO,Best Agrolife Ltd
ACEMEN,Ace Men Engg Works Ltd
BFLAFL,Bfl Asset Finvest Ltd
RGF,Rgf Capital Markets Ltd
QUICKHEAL,Quick Heal Technologies Ltd
KAPILRAJ,Kapil Raj Finance Ltd
GANGAPHARM,Ganga Pharmaceuticals Ltd
DAL,Dynamic Archistructures Ltd
MOBAVENUE,Mobavenue Ai Tech Ltd
SHIVKAMAL,Shivkamal Impex Ltd
KPEL,K.P. Energy Ltd
RGCORP,Real Growth Corporation Ltd
IFINSER,Interactive Financial Services Ltd
HILIKS,Hiliks Technologies Ltd
HYPERSOFT,Hypersoft Technologies Ltd
GOKULAGRO,Gokul Agro Resources Ltd
FREDUN,Fredun Pharmaceuticals Ltd
RELICAB,Relicab Cable Manufacturing Ltd
VKAL,Vantage Knowledge Academy Ltd
MEAPL,Modern Engineering And Projects Ltd
MNIL,Mega Nirman And Industries Ltd
DARJEELING,Darjeeling Industriies Ltd
ADVIKCA,Advik Capital Ltd
LICNFNHGP,Lic Mf Exchange Traded Fund- Nifty 100
PDMJEPAPER,Pudumjee Paper Products Ltd
HCG,Healthcare Global Enterprises Ltd
KDML,Khemani Distributors & Marketing Ltd
UMIYA,Umiya Tubes Ltd
BHARATWIRE,Bharat Wire Ropes Ltd
CHDCHEM,Chd Chemicals Ltd
CCAVENUE,Avenuesai Ltd
LELAVOIR,Le Lavoir Ltd
MUDRA,Mudra Financial Services Ltd
BALGOPAL,Balgopal Commercial Ltd
SUPERIOR,Superior Finlease Ltd
RPEL,Raghav Productivity Enhancers Ltd
FRANKLIN,Franklin Leasing And Finance Ltd
LANCER,Lancer Container Lines Ltd
NINSYS,Nintec Systems Ltd
HALDER,Halder Venture Ltd
GHUSHINE,Ghushine Fintrrade Ocean Ltd
THYROCARE,Thyrocare Technologies Ltd
BAJAJHCARE,Bajaj Healthcare Ltd
RSDFIN,Rsd Finance Ltd
CROMPTON,Crompton Greaves Consumer Electricals Ltd
PILANIINVS,Pilani Investment And Industries Corporation Ltd
DARSHANORNA,Darshan Orna Ltd
PARAGMILK,Parag Milk Foods Ltd
MADHAVIPL,Madhav Infra Projects Ltd
SPICELOUNG,Spice Lounge Food Works Ltd
DIDL,Dalmia Industrial Development Ltd
SNIM,Svarnim Trade Udyog Ltd
NAGAFERT,Nagarjuna Fertilizers And Chemicals Ltd
SEIL,Shanti Educational Initiatives Ltd
RGIL,Rotographics (India) Ltd
LIKHAMI,Likhami Consulting Ltd
MIL,Medico Intercontinental Ltd
YASHCHEM,Yash Chemex Ltd
NV20IETF,Icici Prudential Nifty50 Value 20 Etf
BAZELINTER,Bazel International Ltd
TAALTECH,Taal Tech Ltd
MGL,Mahanagar Gas Ltd
ZEAL,Zeal Aqua Ltd
QUESS,Quess Corp Ltd
DIGJAMLMTD,Digjam Ltd
MIDSELIETF,Icici Prudential Bse Midcap Select Etf
SIDH,Sidh Automobiles Ltd
HIIL,Hindusthan Insulators & Industries Ltd
TITAANIUM,Titaanium Ten Enterprise Ltd
COMSYN,Commercial Syn Bags Ltd
CFEL,Confidence Futuristic Energetech Ltd
LLOYDSENGG,Lloyds Engineering Works Ltd
KPL,Kwality Pharmaceuticals Ltd
LTM,Ltm Ltd
EASTWEST,East West Freight Carriers Ltd
BSLSENETFG,Aditya Birla Sun Life Bse Sensex Etf
COLORCHIPS,Colorchips New Media Ltd
ADVENZYMES,Advanced Enzyme Technologies Ltd
LAHL,Ladam Affordable Housing Ltd
DBL,Dilip Buildcon Ltd
SPAL,S.P. Apparels Ltd
BIGBLOC,Bigbloc Construction Ltd
GOLDENCREST,Golden Crest Education & Services Ltd
ECS,Ecs Biztech Ltd
RBLBANK,Rbl Bank Ltd
AMS,Ams Polymers Ltd
SHIVAEXPO,Shiva Granito Export Ltd
BLS,Bls International Services Ltd
MITSU,Mitsu Chem Plast Ltd
SPRAYKING,Sprayking Ltd
DHATRE,Dhatre Udyog Ltd
RSTL,Riddhi Steel And Tube Ltd
TVVISION,Tv Vision Ltd
GAMCO,Gamco Ltd
LTTS,L&T Technology Services Ltd
GNA,G N A Axles Ltd
RADHIKAJWE,Radhika Jeweltech Ltd
SIIL,Sabrimala Industries India Ltd
ICICIPRULI,Icici Prudential Life Insurance Company Ltd
IISL,Ishaan Infrastructures And Shelters Ltd
ARCFIN,Arc Finance Ltd
HPL,Hpl Electric & Power Ltd
SAGARSOFT,Sagarsoft (India) Ltd
DRA,Dra Consultants Ltd
VALIANTORG,Valiant Organics Ltd
ACML,Aditya Consumer Marketing Ltd
SHASHIJIT,Shashijit Infraprojects Ltd
BINDALEXPO,Bindal Exports Ltd
MHEL,Mewar Hi-Tech Engineering Ltd
DIKSAT,Diksat Transworld Ltd
ENDURANCE,Endurance Technologies Ltd
IDFSENSEXE,Bandhan S&P Bse Sensex Etf
PURPLE,Purple Agrotech Industries Ltd
SUPRAPFSL,Supra Pacific Financial Services Ltd
PNBHOUSING,Pnb Housing Finance Ltd
SOUTHERNIN,Southern Infoconsultants Ltd
REGENCY,Regency Fincorp Ltd
VBL,Varun Beverages Ltd
SALEM,Salem Erode Investments Ltd
UPROTECH,Unipro Technologies Ltd
FRANKLININD,Franklin Industries Ltd
LKPSEC,Lkp Securities Ltd
OSIAJEE,Osiajee Texfab Ltd
CMBL,Corporate Merchant Bankers Ltd
SFL,Sheela Foam Ltd
EIKO,Eiko Lifesciences Ltd
AVL,Aditya Vision Ltd
HEADSUP,Heads Up Ventures Ltd
TCIEXP,Tci Express Ltd
SHASHANK,Shashank Traders Ltd
LAURUSLABS,Laurus Labs Ltd
SDAFXVIIIGR,Sbi Dual Advantage Fund-Series Xviii-Regular Plan-Growth
SDAFXVIIIDR,Sbi Dual Advantage Fund-Series Xviii-Regular Plan-Dividend Payout
SDAFXVIIIGD,Sbi Dual Advantage Fund-Series Xviii-Direct Plan-Growth
SDAFXVIIIDD,Sbi Dual Advantage Fund-Series Xviii-Direct Plan-Dividend Payout
NEWLIGHT,New Light Industries Ltd
VSL,Viram Suvarn Ltd
MTPL,Marg Techno Projects Ltd
SHANGAR,Shangar Decor Ltd
GLCL,Globe Commercials Ltd
FLORACORP,Flora Corporation Ltd
TRU,Trucap Finance Ltd
SKL,Super Fine Knitters Ltd
RAIDEEPIND,Raideep Industries Ltd
PRICOLLTD,Pricol Ltd
JITFINFRA,Jitf Infralogistics Ltd
SUERYAAKNI,Sueryaa Knitwear Ltd
TANVI,Tanvi Foods (India) Ltd
RMC,Rmc Switchgears Ltd
PARMAX,Parmax Pharma Ltd
LLFICL,Leading Leasing Finance And Investment Company Ltd
DANUBE,Danube Industries Ltd
RADIOCITY,Music Broadcast Ltd
DMART,Avenue Supermarts Ltd
IFL,Ifl Enterprises Ltd
ONTIC,Ontic Finserve Ltd
SMLT,Sarthak Metals Ltd
CHEMCRUX,Chemcrux Enterprises Ltd
MANOMAY,Manomay Tex India Ltd
MAXIMUS,Maximus International Ltd
MANAS,Manas Properties Ltd
CLEDUCATE,Cl Educate Ltd
PRIMEFRESH,Prime Fresh Ltd
OCEANIC,Oceanic Foods Ltd
OCTAWARE,Octaware Technologies Ltd
SHANKARA,Shankara Building Products Ltd
ESCORP,Escorp Asset Management Ltd
PARMSILK,Parmeshwari Silk Mills Ltd
KMSMEDI,Kms Medisurgi Ltd
CLFL,Classic Leasing & Finance Ltd
STARLENT,Starlineps Enterprises Ltd
SCHAND,S Chand And Company Ltd
KANUNGO,Kanungo Financiers Ltd
MEERA,Meera Industries Ltd
IRBINVIT,Irb Invit Fund
HUDCO,Housing & Urban Development Corporation Ltd
PSPPROJECT,Psp Projects Ltd
GKL,Guru Krupa Gems And Jewellery Ltd
YUG,Yug Decor Ltd
INDIGRID,Indigrid Infrastructure Trust
VARIMAN,Variman Global Enterprises Ltd
STARCEMENT,Star Cement Ltd
RIDDHICORP,Riddhi Corporate Services Ltd
TEJASNET,Tejas Networks Ltd
ERIS,Eris Lifesciences Ltd
CONTAINER,Containerway International Ltd
GTPL,Gtpl Hathway Ltd
AUBANK,Au Small Finance Bank Ltd
LOWVOLIETF,Icici Prudential Nifty 100 Low Volatility 30 Etf
GEL,Gautam Exim Ltd
GGENG,G G Engineering Ltd
7NR,7Nr Retail Ltd
SALASAR,Salasar Techno Engineering Ltd
GANGESSECU,Ganges Securities Ltd
PALASHSECU,Palash Securities Ltd
AVADHSUGAR,Avadh Sugar & Energy Ltd
MAGADSUGAR,Magadh Sugar & Energy Ltd
JIGAR,Jigar Cables Ltd
CTCL,Captain Technocast Ltd
GSTL,Globalspace Technologies Ltd
NEXT50BETA,Uti Nifty Next 50 Etf
SIS,Sis Ltd
COCHINSHIP,Cochin Shipyard Ltd
HALEOSLABS,Haleos Labs Ltd
KIOCL,Kiocl Ltd
CHOTHANI,Chothani Foods Ltd
SMRUTHIORG,Smruthi Organics Ltd
ABCAPITAL,Aditya Birla Capital Ltd
APEX,Apex Frozen Foods Ltd
SHISHIND,Shish Industries Ltd
ANG,Ang Lifesciences India Ltd
KCDGROUP,Kcd Industries India Ltd
DIXON,Dixon Technologies (India) Ltd
BRNL,Bharat Road Network Ltd
DCAL,Dishman Carbogen Amcis Ltd
LASA,Lasa Supergenerics Ltd
PROCLB,Pro Clb Global Ltd
MATRIMONY,Matrimony.Com Ltd
CAPACITE,Capacite Infraprojects Ltd
ICICIGI,Icici Lombard General Insurance Company Ltd
PQIF,Polo Queen Industrial And Fintech Ltd
AAYUSHBULL,Aayush Art And Bullion Ltd
SBILIFE,Sbi Life Insurance Company Ltd
DIAMONDYD,Prataap Snacks Ltd
SHAREINDIA,Share India Securities Ltd
TTFL,Trident Texofab Ltd
POOJA,Poojawestern Metaliks Ltd
SAYAJIIND,Sayaji Industries Ltd
VANTABIO,Vanta Bioscience Ltd
MEHAI,Mehai Technology Ltd
IRIS,Iris Regtech Solutions Ltd
SGRL,Shree Ganesh Remedies Ltd
STL,Shreeji Translogistics Ltd
GODREJAGRO,Godrej Agrovet Ltd
MASFIN,Mas Financial Services Ltd
IEX,Indian Energy Exchange Ltd
GICRE,General Insurance Corporation Of India
KAARYAFSL,Kaarya Facilities And Services Ltd
SCPL,Sheetal Cool Products Ltd
TIINDIA,Tube Investments Of India Ltd
NAM-INDIA,Nippon Life India Asset Management Ltd
MAHLOG,Mahindra Logistics Ltd
NIACL,The New India Assurance Company Ltd
IFGLEXPOR,Ifgl Refractories Ltd
KHADIM,Khadim India Ltd
5PAISA,5Paisa Capital Ltd
HDFCLIFE,Hdfc Life Insurance Company Ltd
SBRANDS,Sanghvi Brands Ltd
SHARIKA,Sharika Enterprises Ltd
ICICIB22,Bharat 22 Etf - Icici Prudential Amc
ASPIRA,Aspira Pathlab & Diagnostics Ltd
DNAMEDIA,Diligent Media Corporation Ltd
DYCL,Dynamic Cables Ltd
RATNABHUMI,Ratnabhumi Developers Ltd
SHALBY,Shalby Ltd
MRCAGRO,Mrc Agrotech Ltd
DML,Diggi Multitrade Ltd
CRYSTAL,Crystal Business System Ltd
ASTRON,Astron Paper & Board Mill Ltd
CHANDRIMA,Chandrima Mercantiles Ltd
RITHWIKFMS,Rithwik Facility Management Services Ltd
JFL,Jhandewalas Foods Ltd
7SEASL,7Seas Entertainment Ltd
APOLLO,Apollo Micro Systems Ltd
NEWGEN,Newgen Software Technologies Ltd
PRAXIS,Praxis Home Retail Ltd
AMBER,Amber Enterprises India Ltd
TIRUFOAM,Tirupati Foam Ltd
SRUSTEELS,Sru Steels Ltd
ASHOKAMET,Ashoka Metcast Ltd
GALAXYSURF,Galaxy Surfactants Ltd
GGL,Gautam Gems Ltd
MEDICO,Medico Remedies Ltd
GUJHYSPIN,Gujarat Hy-Spin Ltd
LAL,Lorenzini Apparels Ltd
KENVI,Kenvi Jewels Ltd
IWP,The Indian Wood Products Company Ltd
BHATIA,Bhatia Communications & Retail (India) Ltd
SHIVAMILLS,Shiva Mills Ltd
ASTERDM,Aster Dm Healthcare Ltd
YSL,The Yamuna Syndicate Ltd
KANCOTEA,Kanco Tea & Industries Ltd
ANGEL,Angel Fibers Ltd
HGINFRA,H.G. Infra Engineering Ltd
INFLAME,Inflame Appliances Ltd
BPLPHARMA,Bharat Parenterals Ltd
LIQUIDETF,Dsp Nifty 1D Rate Liquid Etf
SHREESHAY,Shreeshay Engineers Ltd
ACFL,Apex Capital And Finance Ltd
BDL,Bharat Dynamics Ltd
ACTIVE,Active Clothing Co Ltd
GOYALALUM,Goyal Aluminiums Ltd
BANDHANBNK,Bandhan Bank Ltd
HAL,Hindustan Aeronautics Ltd
SANDHAR,Sandhar Technologies Ltd
YASHO,Yasho Industries Ltd
BENARA,Benara Bearings And Pistons Ltd
MIDHANI,Mishra Dhatu Nigam Ltd
LEX,Lex Nimble Solutions Ltd
OBCL,Orissa Bengal Carrier Ltd
TRL,Taylormade Renewables Ltd
LEMONTREE,Lemon Tree Hotels Ltd
CHEMFAB,Chemfab Alkalis Ltd
HARDWYN,Hardwyn India Ltd
DLCL,Dr Lalchandani Labs Ltd
INTERISE,Interise Trust
ORIENTELEC,Orient Electric Ltd
DHRUV,Dhruv Consultancy Services Ltd
AKSHAR,Akshar Spintex Ltd
INDOUS,Indo Us Bio-Tech Ltd
BSE500IETF,Icici Prudential Bse 500 Etf
INDOSTAR,Indostar Capital Finance Ltd
MILEFUR,Milestone Furniture Ltd
UHZAVERI,U. H. Zaveri Ltd
PARVATI,Parvati Sweetners And Power Ltd
MEGASTAR,Megastar Foods Ltd
INNOVATORS,Innovators Facade Systems Ltd
UCIL,Unifinz Capital India Ltd
ZIMLAB,Zim Laboratories Ltd
AFFORDABLE,Affordable Robotic & Automation Ltd
DOLLAR,Dollar Industries Ltd
NGIL,Nakoda Group Of Industries Ltd
PALMJEWELS,Palm Jewels Ltd
WAA,Waa Solar Ltd
ADANIGREEN,Adani Green Energy Ltd
UNICK,Unick Fix-A-Form And Printers Ltd
SOLARA,Solara Active Pharma Sciences Ltd
GAYAHWS,Gayatri Highways Ltd
RITES,Rites Ltd
FINEORG,Fine Organic Industries Ltd
VARROC,Varroc Engineering Ltd
RAJNISH,Rajnish Wellness Ltd
GUJWIND,Gujarat Winding Systems Ltd
STRAEXPO,Sophia Traexpo Ltd
RAWEDGE,Raw Edge Industrial Solutions Ltd
SUPERSHAKT,Supershakti Metaliks Ltd
ASHNI,Ashnisha Industries Ltd
RACONTEUR,Raconteur Global Resources Ltd
HDFCAMC,Hdfc Asset Management Company Ltd
VIVANTA,Vivanta Industries Ltd
FRATELLI,Fratelli Vineyards Ltd
CREDITACC,Creditaccess Grameen Ltd
AMINTAN,Amin Tannery Ltd
DEEP,Deep Polymers Ltd
SMEL,Sungold Media And Entertainment Ltd
NEXT50IETF,Icici Prudential Nifty Next 50 Etf
ASRL,Add-Shop Eretail Ltd
SPACEINCUBA,Space Incubatrics Technologies Ltd
SGIL,Synergy Green Industries Ltd
RANJEET,Ranjeet Mechatronics Ltd
LIQUIDIETF,Icici Prudential Bse Liquid Rate Etf - Idcw
IRCON,Ircon International Ltd
SKYGOLD,Sky Gold And Diamonds Ltd
SETFSN50,Sbi - Etf - Sensex Next 50
MACH,Mac Hotels Ltd
MANORAMA,Manorama Industries Ltd
INNOVATIVE,Innovative Ideals And Services (India) Ltd
AAVAS,Aavas Financiers Ltd
GRSE,Garden Reach Shipbuilders & Engineers Ltd
A1L,A-1 Ltd
DOLFIN,Dolfin Rubbers Ltd
SHUBHAM,Shubham Polyspin Ltd
AKI,Aki India Ltd
SUNRETAIL,Sun Retail Ltd
SMGOLD,S. M. Gold Ltd
VIVIDM,Vivid Mercantile Ltd
BCPL,Bcpl Railway Infrastructure Ltd
ATGL,Adani Total Gas Ltd
PHOSPHATE,The Phosphate Company Ltd
NIFTYETF,Mirae Asset Nifty 50 Etf (Man50Etf)
TECHNOE,Techno Electric & Engineering Company Ltd
RONI,Roni Households Ltd
SKIFL,Shree Krishna Infrastructure Ltd
DGL,Diksha Greens Ltd
ARYAN,Aryan Share And Stock Brokers Ltd
NIVAKA,Nivaka Fashions Ltd
DALBHARAT,Dalmia Bharat Ltd
ABSLNN50ET,Aditya Birla Sun Life Nifty Next 50 Etf
NILASPACES,Nila Spaces Ltd
SRD,Shankar Lal Rampal Dye-Chem Ltd
TREJHARA,Trejhara Solutions Ltd
DECCAN,Deccan Health Care Ltd
AXITA,Axita Cotton Ltd
KPIGREEN,Kpi Green Energy Ltd
HIKLASS,Hi-Klass Trading And Investment Ltd
RPSGVENT,Rpsg Ventures Ltd
SPENCERS,Spencers Retail Ltd
GLOSTERLTD,Gloster Ltd
XELPMOC,Xelpmoc Design And Tech Ltd
SPACAPS,Spa Capital Services Ltd
RITCO,Ritco Logistics Ltd
CHALET,Chalet Hotels Ltd
ANMOL,Anmol India Ltd
JONJUA,Jonjua Overseas Ltd
KRANTI,Kranti Industries Ltd
ANUP,The Anup Engineering Ltd
GLAAMUP,Glaam Up Jwel Ltd
ARVINDFASN,Arvind Fashions Ltd
MAHIP,Mahip Industries Ltd
SNXT50BETA,Uti Bse Sensex Next 50 Etf
IDFTP179RG,Bandhan Fixed Term Plan - Series 179 - Regular Plan - Growth Option
IDFTP179RP,Bandhan Fixed Term Plan - Series 179 - Regular Plan - Periodic Idcw Option
IDFTP179DG,Bandhan Fixed Term Plan - Series 179 - Direct Plan - Growth Option
IDFTP179DH,Bandhan Fixed Term Plan - Series 179 - Direct Plan - Half Yearly Idcw Option
ENERGYINF,Energy Infrastructure Trust
JYOTIN,Jyot International Marketing Ltd
IPRU3315,Icici Prudential Fixed Maturity Plan - Series 85 - 10 Years - Plan I - Cumulative Option
IPRU3316,Icici Prudential Fixed Maturity Plan - Series 85 - 10 Years - Plan I - Quarterly Dividend Payout Op
IPRU9517,Icici Prudential Fixed Maturity Plan - Series 85 - 10 Years - Plan I - Direct Plan - Cumulative Opt
AGOL,Ashapuri Gold Ornament Ltd
AARTECH,Aartech Solonics Ltd
HBEL,Humming Bird Education Ltd
MSTCLTD,Mstc Ltd
ROOPSHRI,Roopshri Resorts Ltd
EMBASSY,Embassy Office Parks Reit
CHANDNIMACH,Chandni Machines Ltd
NSL,Northern Spirits Ltd
RVNL,Rail Vikas Nigam Ltd
METROPOLIS,Metropolis Healthcare Ltd
KPITTECH,Kpit Technologies Ltd
POLYCAB,Polycab India Ltd
VRFILMS,V R Films & Studios Ltd
VIKASLIFE,Vikas Lifecare Ltd
NXLI8X,Nippon India Mutual Fund  Fxd Hrz Fdxli -Series 8 Dr Dvp 27Ap29
NXLI8Z,Nippon India Mutual Fund  Fxd Hrz Fdxli -Series 8 Dr Gwth 27Ap29
NXLI8D,Nippon India Mutual Fund  Fxd Hrz Fdxli -Series 8 Rg Dvp 27Ap29
NXLI8G,Nippon India Mutual Fund  Fxd Hrz Fdxli -Series 8 Rg Gwth 27Ap29
NEOGEN,Neogen Chemicals Ltd
GKP,G. K. P. Printing & Packaging Ltd
EVANS,Evans Electric Ltd
BMW,Bmw Industries Ltd
AEPL,Artemis Electricals And Projects Ltd
CHCL,Cian Healthcare Ltd
DEL,Dhanashree Electronics Ltd
HARISH,Harish Textile Engineers Ltd
PPL,Prakash Pipes Ltd
DGCONTENT,Digicontent Ltd
PARSHVA,Parshva Enterprises Ltd
ARL,Anand Rayons Ltd
SBC,Sbc Exports Ltd
INDIAMART,Indiamart Intermesh Ltd
CPML,City Pulse Multiventures Ltd
SKIEL,Sk International Export Ltd
DCMNVL,Dcm Nouvelle Ltd
BANKIETF,Icici Prudential Nifty Bank Etf
SNXT50BEES,Nippon India Etf S&P Bse Sensex Next 50
AFFLE,Affle 3I Ltd
PVTBANIETF,Icici Prudential Nifty Private Bank Etf
SPANDANA,Spandana Sphoorty Financial Ltd
SWSOLAR,Sterling And Wilson Renewable Energy Ltd
TRANSPACT,Transpact Enterprises Ltd
ALPHALOGIC,Alphalogic Techsys Ltd
NOVATEOR,Novateor Research Laboratories Ltd
360ONE,360 One Wam Ltd
IIFLCAPS,Iifl Capital Services Ltd
MUFIN,Mufin Green Finance Ltd
MISQUITA,Misquita Engineering Ltd
GALACTICO,Galactico Corporate Services Ltd
VEL,Vaxfab Enterprises Ltd
FLUOROCHEM,Gujarat Fluorochemicals Ltd
IRCTC,Indian Railway Catering And Tourism Corporation Ltd
GOBLIN,Goblin India Ltd
VISHWARAJ,Vishwaraj Sugar Industries Ltd
GREENPANEL,Greenpanel Industries Ltd
SHAHLON,Shahlon Silk Industries Ltd
ABSLBANETF,Aditya Birla Sun Life Nifty Bank Etf
MOUNT,Mount Housing And Infrastructure Ltd
ANUROOP,Anuroop Packaging Ltd
CSBBANK,Csb Bank Ltd
UJJIVANSFB,Ujjivan Small Finance Bank Ltd
HINDWAREAP,Hindware Home Innovation Ltd
EASUN,Easun Capital Markets Ltd
PRINCEPIPE,Prince Pipes And Fittings Ltd
EBBETF0430,Bharat Bond Etf - April 2030
VALENCIA,Valencia Nutrition Ltd
ASSAMENT,Assam Entrade Ltd
GIANLIFE,Gian Life Care Ltd
ARTEMISMED,Artemis Medicare Services Ltd
SUMICHEM,Sumitomo Chemical India Ltd
MIDCAPIETF,Icici Prudential Nifty Midcap 150 Etf
NEXT50,Mirae Asset Nifty Next 50 Etf (Manxt50Etf)
TRANWAY21,Tranway21 Technologies Ltd
VARDHANCFL,Vardhan Capital & Finance Ltd
UNIVPHOTO,Universus Photo Imagings Ltd
CBPL,Chandra Bhagat Pharma Ltd
OCTAVIUSPL,Octavius Plantations Ltd
COHANCE,Cohance Lifesciences Ltd
SMAUTO,Sm Auto Stamping Ltd
SBICARD,Sbi Cards And Payment Services Ltd
07AGG,Nippon India Strategic Debt Fund -  Segregated Portfolio 2 - Direct Growth Plan(Issue Price:Rs.0.01)
07BPB,Nippon India Strategic Debt Fund -  Segregated Portfolio 2 - Bonus Plan(Issue Price:Rs.0.01)
07DPD,Nippon India Strategic Debt Fund -  Segregated Portfolio 2 - Dividend Plan(Issue Price:Rs.0.01)
07DPR,Nippon India Strategic Debt Fund -  Segregated Portfolio 2 - Dividend Plan(Issue Price:Rs.0.01)
07QPD,Nippon India Strategic Debt Fund -  Segregated Portfolio 2 - Quarterly Dividend Plan(Issue Price:Rs.0.01)
07ABB,Nippon India Strategic Debt Fund -  Segregated Portfolio 2 - Direct Bonus Plan(Issue Price:Rs.0.01)
07QPR,Nippon India Strategic Debt Fund -  Segregated Portfolio 2 - Quarterly Dividend Plan(Issue Price:Rs.0.01)
07ADD,Nippon India Strategic Debt Fund -  Segregated Portfolio 2 - Direct Dividend Plan(Issue Price:Rs.0.01)
07GPG,Nippon India Strategic Debt Fund -  Segregated Portfolio 2 - Growth Plan(Issue Price:Rs.0.01)
07ADR,Nippon India Strategic Debt Fund -  Segregated Portfolio 2 - Direct Dividend Plan(Issue Price:Rs.0.01)
07AQD,Nippon India Strategic Debt Fund -  Segregated Portfolio 2 - Direct Quarterly Dividend Plan(Issue Price:Rs.0.01)
07AQR,Nippon India Strategic Debt Fund -  Segregated Portfolio 2 - Direct Quarterly Dividend Plan(Issue Price:Rs.0.01)
09MPD,Nippon India Hybrid Bond Fund -  Segregated Portfolio 2 - Monthly Dividend Plan(Issue Price : Rs.0.01)
09MPR,Nippon India Hybrid Bond Fund -  Segregated Portfolio 2 - Monthly Dividend Plan(Issue Price : Rs.0.01)
09QPD,Nippon India Hybrid Bond Fund -  Segregated Portfolio 2 - Quarterly Dividend Plan(Issue Price : Rs.0.01)
09QPR,Nippon India Hybrid Bond Fund -  Segregated Portfolio 2 - Quarterly Dividend Plan(Issue Price : Rs.0.01)
09AGG,Nippon India Hybrid Bond Fund -  Segregated Portfolio 2 - Direct Growth Plan Growth Option(Issue Price : Rs.0.01)
09AMD,Nippon India Hybrid Bond Fund -  Segregated Portfolio 2 - Direct Monthly Dividend Plan(Issue Price : Rs.0.01)
09AMR,Nippon India Hybrid Bond Fund -  Segregated Portfolio 2 - Direct Monthly Dividend Plan(Issue Price : Rs.0.01)
09AQD,Nippon India Hybrid Bond Fund -  Segregated Portfolio 2 - Direct Quarterly Dividend Plan(Issue Price : Rs.0.01)
09AQR,Nippon India Hybrid Bond Fund -  Segregated Portfolio 2 - Direct Quarterly Dividend Plan(Issue Price : Rs.0.01)
09GPG,Nippon India Hybrid Bond Fund -  Segregated Portfolio 2 - Growth Plan Growth Option(Issue Price : Rs.0.01)
UTCRFS2DQP,Uti Credit Risk Fund (Segregated-06032020)-Direct Quarterly Dividend Payout(Issue Price : Rs.0.01)
UTCRFS2DQR,Uti Credit Risk Fund (Segregated-06032020)-Direct Quarterly Dividend Payout(Issue Price : Rs.0.01)
UTCRFS2DGR,Uti Credit Risk Fund (Segregated-06032020)-Direct Quarterly Dividend Payout(Issue Price : Rs.0.01)
UTCRFS2DAP,Uti Credit Risk Fund (Segregated-06032020)-Direct Quarterly Dividend Payout(Issue Price : Rs.0.01)
UTCRFS2DAR,Uti Credit Risk Fund (Segregated-06032020)-Direct Quarterly Dividend Payout(Issue Price : Rs.0.01)
UTCRFS2DHP,Uti Credit Risk Fund (Segregated-06032020)-Direct Quarterly Dividend Payout(Issue Price : Rs.0.01)
UTCRFS2DHR,Uti Credit Risk Fund (Segregated-06032020)-Direct Quarterly Dividend Payout(Issue Price : Rs.0.01)
UTCRFS2DFP,Uti Credit Risk Fund (Segregated-06032020)-Direct Quarterly Dividend Payout(Issue Price : Rs.0.01)
UTCRFS2DFR,Uti Credit Risk Fund (Segregated-06032020)-Direct Quarterly Dividend Payout(Issue Price : Rs.0.01)
UTCRFS2DMP,Uti Credit Risk Fund (Segregated-06032020)-Direct Quarterly Dividend Payout(Issue Price : Rs.0.01)
UTCRFS2DMR,Uti Credit Risk Fund (Segregated-06032020)-Direct Quarterly Dividend Payout(Issue Price : Rs.0.01)
UTCRFS2RQP,Uti Credit Risk Fund (Segregated-06032020)-Direct Quarterly Dividend Payout(Issue Price : Rs.0.01)
UTCRFS2RQR,Uti Credit Risk Fund (Segregated-06032020)-Direct Quarterly Dividend Payout(Issue Price : Rs.0.01)
UTCRFS2RGR,Uti Credit Risk Fund (Segregated-06032020)-Direct Quarterly Dividend Payout(Issue Price : Rs.0.01)
UTCRFS2RAP,Uti Credit Risk Fund (Segregated-06032020)-Direct Quarterly Dividend Payout(Issue Price : Rs.0.01)
UTCRFS2RAR,Uti Credit Risk Fund (Segregated-06032020)-Direct Quarterly Dividend Payout(Issue Price : Rs.0.01)
UTCRFS2RHP,Uti Credit Risk Fund (Segregated-06032020)-Direct Quarterly Dividend Payout(Issue Price : Rs.0.01)
UTCRFS2RHR,Uti Credit Risk Fund (Segregated-06032020)-Direct Quarterly Dividend Payout(Issue Price : Rs.0.01)
UTCRFS2RFP,Uti Credit Risk Fund (Segregated-06032020)-Direct Quarterly Dividend Payout(Issue Price : Rs.0.01)
UTCRFS2RFR,Uti Credit Risk Fund (Segregated-06032020)-Direct Quarterly Dividend Payout(Issue Price : Rs.0.01)
UTCRFS2RMP,Uti Credit Risk Fund (Segregated-06032020)-Direct Quarterly Dividend Payout(Issue Price : Rs.0.01)
UTCRFS2RMR,Uti Credit Risk Fund (Segregated-06032020)-Direct Quarterly Dividend Payout(Issue Price : Rs.0.01)
UTMTFS2DQP,Uti Medium Term Fund (Segregated 06032020)-Direct Quarterly Dividend Payout(Issue Price : Rs. 0.01)
UTMTFS2DQR,Uti Medium Term Fund (Segregated 06032020)-Direct Quarterly Dividend Reinvestement(Issue Price : Rs. 0.01)
UTMTFS2DGR,Uti Medium Term Fund (Segregated 06032020)-Direct Growth Plan(Issue Price : Rs. 0.01)
UTMTFS2DAP,Uti Medium Term Fund (Segregated 06032020)-Direct Annual Dividend Payout(Issue Price : Rs. 0.01)
UTMTFS2DAR,Uti Medium Term Fund (Segregated 06032020)-Direct Annual Dividend Reinvestement(Issue Price : Rs. 0.01)
UTMTFS2DHP,Uti Medium Term Fund (Segregated 06032020)-Direct Half Yearly Dividend Payout(Issue Price : Rs. 0.01)
UTMTFS2DHR,Uti Medium Term Fund (Segregated 06032020)-Direct Half Yearly Dividend Reinvestement(Issue Price : Rs. 0.01)
UTMTFS2DFP,Uti Medium Term Fund (Segregated 06032020)-Direct Flexi Dividend Payout(Issue Price : Rs. 0.01)
UTMTFS2DFR,Uti Medium Term Fund (Segregated 06032020)-Direct Flexi Dividend Reinvestement(Issue Price : Rs. 0.01)
UTMTFS2DMP,Uti Medium Term Fund (Segregated 06032020)-Direct Monthly Dividend Payout(Issue Price : Rs. 0.01)
UTMTFS2DMR,Uti Medium Term Fund (Segregated 06032020)-Direct Monthly Dividend Reinvestement(Issue Price : Rs. 0.01)
UTMTFS2RQP,Uti Medium Term Fund (Segregated 06032020)-Regular Quarterly Dividend Payout(Issue Price : Rs. 0.01)
UTMTFS2RQR,Uti Medium Term Fund (Segregated 06032020)-Regular Quarterly Dividend Reinvestement(Issue Price : Rs. 0.01)
UTMTFS2RGR,Uti Medium Term Fund (Segregated 06032020)-Regular Growth Plan(Issue Price : Rs. 0.01)
UTMTFS2RAP,Uti Medium Term Fund (Segregated 06032020)-Regular Annual Dividend Payout(Issue Price : Rs. 0.01)
UTMTFS2RAR,Uti Medium Term Fund (Segregated 06032020)-Regular Annual Dividend Reinvestement(Issue Price : Rs. 0.01)
UTMTFS2RHP,Uti Medium Term Fund (Segregated 06032020)-Regular Half Yearly Dividend Payout(Issue Price : Rs. 0.01)
UTMTFS2RHR,Uti Medium Term Fund (Segregated 06032020)-Regular Half Yearly Dividend Reinvestement(Issue Price : Rs. 0.01)
UTMTFS2RFP,Uti Medium Term Fund (Segregated 06032020)-Regular Flexi Dividend Payout(Issue Price : Rs. 0.01)
UTMTFS2RFR,Uti Medium Term Fund (Segregated 06032020)-Regular Flexi Dividend Reinvestement(Issue Price : Rs. 0.01)
UTMTFS2RMP,Uti Medium Term Fund (Segregated 06032020)-Regular Monthly Dividend Payout(Issue Price : Rs. 0.01)
UTMTFS2RMR,Uti Medium Term Fund (Segregated 06032020)-Regular Monthly Dividend Reinvestement(Issue Price : Rs. 0.01)
08MPD,Nippon India Equity Savings Fund -  Segregated Portfolio 2 - Monthly Dividend Plan(Issue Price: 0.01)
08ADR,Nippon India Equity Savings Fund -  Segregated Portfolio 2 - Direct Dividend Plan(Issue Price: 0.01)
08MPR,Nippon India Equity Savings Fund -  Segregated Portfolio 2 - Monthly Dividend Plan(Issue Price: 0.01)
08AMD,Nippon India Equity Savings Fund -  Segregated Portfolio 2 - Direct Monthly Dividend Plan(Issue Price: 0.01)
08AMR,Nippon India Equity Savings Fund -  Segregated Portfolio 2 - Direct Monthly Dividend Plan(Issue Price: 0.01)
08BPB,Nippon India Equity Savings Fund -  Segregated Portfolio 2 - Bonus Plan(Issue Price: 0.01)
08GPG,Nippon India Equity Savings Fund -  Segregated Portfolio 2 - Growth Plan(Issue Price: 0.01)
08ABB,Nippon India Equity Savings Fund -  Segregated Portfolio 2 - Direct Bonus Plan(Issue Price: 0.01)
08QPD,Nippon India Equity Savings Fund -  Segregated Portfolio 2 - Quarterly Dividend Plan(Issue Price: 0.01)
08AGG,Nippon India Equity Savings Fund -  Segregated Portfolio 2 - Direct Growth Plan(Issue Price: 0.01)
08QPR,Nippon India Equity Savings Fund -  Segregated Portfolio 2 - Quarterly Dividend Plan(Issue Price: 0.01)
08AQD,Nippon India Equity Savings Fund -  Segregated Portfolio 2 - Direct Quarterly Dividend Plan(Issue Price: 0.01)
08DPD,Nippon India Equity Savings Fund -  Segregated Portfolio 2 - Dividend Plan(Issue Price: 0.01)
10IGG,Nippon India Credit Risk Fund -  Segregated Portfolio 2 - Institutional Growth Plan(Issue Price: 0.01)
10DPD,Nippon India Credit Risk Fund -  Segregated Portfolio 2 - Quarterly Dividend Plan(Issue Price: 0.01)
10DPR,Nippon India Credit Risk Fund -  Segregated Portfolio 2 - Quarterly Dividend Plan(Issue Price: 0.01)
10DRD,Nippon India Credit Risk Fund -  Segregated Portfolio 2 - Dividend Plan(Issue Price: 0.01)
10AGG,Nippon India Credit Risk Fund -  Segregated Portfolio 2 - Direct Growth Plan Growth Option(Issue Price: 0.01)
10DRR,Nippon India Credit Risk Fund -  Segregated Portfolio 2 - Dividend Plan(Issue Price: 0.01)
10ADD,Nippon India Credit Risk Fund -  Segregated Portfolio 2 - Direct Quarterly Dividend Plan(Issue Price: 0.01)
10ADR,Nippon India Credit Risk Fund -  Segregated Portfolio 2 - Direct Quarterly Dividend Plan(Issue Price: 0.01)
10ARD,Nippon India Credit Risk Fund -  Segregated Portfolio 2 - Direct Dividend Plan(Issue Price: 0.01)
10ARR,Nippon India Credit Risk Fund -  Segregated Portfolio 2 - Direct Dividend Plan(Issue Price: 0.01)
10GPG,Nippon India Credit Risk Fund -  Segregated Portfolio 2 - Growth Plan Growth Option(Issue Price: 0.01)
08AQR,Nippon India Equity Savings Fund -  Segregated Portfolio 2 - Direct Quarterly Dividend Plan(Issue Price: 0.01)
08DPR,Nippon India Equity Savings Fund -  Segregated Portfolio 2 - Dividend Plan(Issue Price: 0.01)
08ADD,Nippon India Equity Savings Fund -  Segregated Portfolio 2 - Direct Dividend Plan(Issue Price: 0.01)
ROJL,Ro Jewels Ltd
COSPOWER,Cospower Engineering Ltd
11DPR,Nippon India Equity Hybrid Fund -  Segregated Portfolio 2Dividend Plandividend Reinvestment
11GPG,Nippon India Equity Hybrid Fund -  Segregated Portfolio 2Growth Plan Growth Optiongrowth
11MPD,Nippon India Equity Hybrid Fund -  Segregated Portfolio 2Monthly Dividend Plandividend Payout
11MPR,Nippon India Equity Hybrid Fund -  Segregated Portfolio 2Monthly Dividend Planreinvestment
11QPD,Nippon India Equity Hybrid Fund -  Segregated Portfolio 2Quarterly Dividend Plandividend Payout
11QPR,Nippon India Equity Hybrid Fund -  Segregated Portfolio 2Quarterly Dividend Planreinvestment
11ADD,Nippon India Equity Hybrid Fund -  Segregated Portfolio 2Direct Plan Dividend Plandividend Payout
11ADR,Nippon India Equity Hybrid Fund -  Segregated Portfolio 2Direct Plan Dividend Plandividend Reinvestment
11AGG,Nippon India Equity Hybrid Fund -  Segregated Portfolio 2Direct Growth Plan Growth Optiongrowth
11AMD,Nippon India Equity Hybrid Fund -  Segregated Portfolio 2Direct Monthly Dividend Plandividend Payout
11AMR,Nippon India Equity Hybrid Fund -  Segregated Portfolio 2Direct Monthly Dividend Planreinvestment
11AQD,Nippon India Equity Hybrid Fund -  Segregated Portfolio 2Direct Quarterly Dividend Plandividend Payout
11AQR,Nippon India Equity Hybrid Fund -  Segregated Portfolio 2Direct Quarterly Dividend Planreinvestment
11DPD,Nippon India Equity Hybrid Fund -  Segregated Portfolio 2Dividend Plandividend Payout
POWERINDIA,Hitachi Energy India Ltd
DJML,Dj Mediaprint & Logistics Ltd
NIRMITEE,Nirmitee Robotics India Ltd
SFMP34GR,Sbi Fixed Maturity Plan (Fmp) - Series 34 (3682 Days)- Regular Plan - Growth
SFMP34DR,Sbi Fixed Maturity Plan (Fmp) Series 34 (3682 Days) - Regular Plan - Dividend Payout
SFMP34GD,Sbi Fixed Maturity Plan (Fmp) Series 34 (3682 Days)-  Direct Plan - Growth
SFMP34DD,Sbi Fixed Maturity Plan (Fmp) Series 34 (3682 Days) - Direct Plan - Dividend Payout
NATURAL,Natural Biocon (India) Ltd
REGIS,Regis Industries Ltd
BILLWIN,Billwin Industries Ltd
AARTISURF,Aarti Surfactants Ltd
BONLON,Bonlon Industries Ltd
BOROLTD,Borosil Ltd
ROSSARI,Rossari Biotech Ltd
NDRAUTO,Ndr Auto Components Ltd
EBBETF0431,Bharat Bond Etf April 2031
MINDSPACE,Mindspace Business Parks Reit
SBGLP,Suratwwala Business Group Ltd
ALPL30IETF,Icici Prudential Nifty Alpha Low- Volatility 30 Etf
MAXHEALTH,Max Healthcare Institute Ltd
ITIETF,Icici Prudential Nifty It Etf
MAXIND,Max India Ltd
HDFCNIFBAN,Hdfc Nifty Banking Etf
ALTIUSINVIT,Altius Telecom Infrastructure Trust
BANKBETA,Uti Nifty Bank Etf
HAPPSTMNDS,Happiest Minds Technologies Ltd
ROUTE,Route Mobile Ltd
SAMRATFORG,Samrat Forgings Ltd
ADVAIT,Advait Energy Transitions Ltd
ADL,Archidply Decor Ltd
CAMS,Computer Age Management Services Ltd
CHEMCON,Chemcon Speciality Chemicals Ltd
SECMARK,Secmark Consultancy Ltd
ANGELONE,Angel One Ltd
ATAM,Atam Valves Ltd
MAZDOCK,Mazagon Dock Shipbuilders Ltd
UTIAMC,Uti Asset Management Company Ltd
GMPL,G M Polyplast Ltd
LIKHITHA,Likhitha Infrastructure Ltd
VGIL,Veer Global Infraconstruction Ltd
HEMIPROP,Hemisphere Properties India Ltd
EQUITASBNK,Equitas Small Finance Bank Ltd
SHINEFASH,Shine Fashions (India) Ltd
GLAND,Gland Pharma Ltd
ESG,Mirae Asset Nifty 100 Esg Sector Leaders Etf
NETPIX,Net Pix Shorts Digital Media Ltd
RBA,Restaurant Brands Asia Ltd
TARC,Tarc Ltd
MOGSEC,Motilal Oswal Nifty 5 Yr Benchmark G Sec Etf
RVHL,Ravinder Heights Ltd
FAIRCHEMOR,Fairchem Organics Ltd
BECTORFOOD,Mrs. Bectors Food Specialities Ltd
AWHCL,Antony Waste Handling Cell Ltd
INFRABEES,Nippon India Etf Nifty Infrastructure Bees
RFLL,Rita Finance And Leasing Ltd
IRFC,Indian Railway Finance Corporation Ltd
INDIGOPNTS,Indigo Paints Ltd
HOMEFIRST,Home First Finance Company India Ltd
STOVEKRAFT,Stove Kraft Ltd
BIRET,Brookfield India Real Estate Trust Reit
MRP,Mrp Agro Ltd
SMCGLOBAL,Smc Global Securities Ltd
NURECA,Nureca Ltd
RAILTEL,Railtel Corporation Of India Ltd
HERANBA,Heranba Industries Ltd
DAVANGERE,Davangere Sugar Company Ltd
DRCSYSTEMS,Drc Systems India Ltd
MTARTECH,Mtar Technologies Ltd
JUBLINGREA,Jubilant Ingrevia Ltd
EASEMYTRIP,Easy Trip Planners Ltd
KMEW,Knowledge Marine & Engineering Works Ltd
ANURAS,Anupam Rasayan India Ltd
CRAFTSMAN,Craftsman Automation Ltd
LXCHEM,Laxmi Organic Industries Ltd
KALYANKJIL,Kalyan Jewellers India Ltd
SURYODAY,Suryoday Small Finance Bank Ltd
NAZARA,Nazara Technologies Ltd
SUVIDHAA,Suvidhaa Infoserve Ltd
NIKSTECH,Niks Technology Ltd
UFBL,United Foodbrands Ltd
EKI,Eki Energy Services Ltd
RCAN,Rajeshwari Cans Ltd
JETMALL,Jetmall Spices And Masala Ltd
LODHA,Lodha Developers Ltd
DEEPINDS,Deep Industries Ltd
KGES,Kuberan Global Edu Solutions Ltd
PGINVIT,Powergrid Infrastructure Investment Trust
MAFANG,Mirae Asset Nyse Fang+ Etf
HEALTHIETF,Icici Prudential Nifty Healthcare Etf
SFMP44GR,Sbi Fixed Maturity Plan (Fmp) - Series 44 (1855 Days) - Regular Plan - Growth
SFMP44DR,Sbi Fixed Maturity Plan (Fmp) - Series 44 (1855 Days) - Regular Plan - Dividend Payout
SFMP44GD,Sbi Fixed Maturity Plan (Fmp) - Series 44 (1855 Days) - Direct Plan - Growth
SFMP44DD,Sbi Fixed Maturity Plan (Fmp) - Series 44 (1855 Days) - Direct Plan - Dividend Payout
VINEETLAB,Vineet Laboratories Ltd
SHYAMMETL,Shyam Metalics And Energy Ltd
SONACOMS,Sona Blw Precision Forgings Ltd
SFMP45GR,Sbi Fixed Maturity Plan (Fmp) - Series 45 (1840 Days) -  Regular Plan - Growth
SFMP45DR,Sbi Fixed Maturity Plan (Fmp) - Series 45 (1840 Days) - Regular Plan - Idcw Payout
SFMP45GD,Sbi Fixed Maturity Plan (Fmp) - Series 45 (1840 Days) -  Direct Plan - Growth
SFMP45DD,Sbi Fixed Maturity Plan (Fmp) - Series 45 (1840 Days) - Direct Plan - Idcw Payout
DODLA,Dodla Dairy Ltd
KIMS,Krishna Institute Of Medical Sciences Ltd
ADESHWAR,Adeshwar Meditex Ltd
TIMESGREEN,Times Green Energy (India) Ltd
IPL,India Pesticides Ltd
FOCUS,Focus Business Solution Ltd
SFMP46GR,Sbi Fixed Maturity Plan (Fmp) - Series 46 (1850 Days) - Regular Plan - Growth
SFMP46DR,Sbi Fixed Maturity Plan (Fmp) - Series 46 (1850 Days) - Regular Plan - Idcw Payout
SFMP46GD,Sbi Fixed Maturity Plan (Fmp) - Series 46 (1850 Days) - Direct Plan - Growth
SFMP46DD,Sbi Fixed Maturity Plan (Fmp) - Series 46 (1850 Days) - Direct Plan - Idcw Payout
GRINFRA,G R Infraprojects Ltd
CLEAN,Clean Science And Technology Ltd
AAPLUSTRAD,Aa Plus Tradelink Ltd
ETERNAL,Eternal Ltd
TATVA,Tatva Chintan Pharma Chem Ltd
ALIVUS,Alivus Life Sciences Ltd
BFSI,Mirae Asset Nifty Financial Services Etf
GCSL,Gretex Corporate Services Ltd
ROLEXRINGS,Rolex Rings Ltd
FMCGIETF,Icici Prudential Nifty Fmcg Etf
EXXARO,Exxaro Tiles Ltd
KRSNAA,Krsnaa Diagnostics Ltd
WINDLAS,Windlas Biotech Ltd
DEVYANI,Devyani International Ltd
MOL,Meghmani Organics Ltd
EPIGRAL,Epigral Ltd
CARTRADE,Cartrade Tech Ltd
NUVOCO,Nuvoco Vistas Corporation Ltd
APTUS,Aptus Value Housing Finance India Ltd
CHEMPLASTS,Chemplast Sanmar Ltd
KTKFMP292RG,Kotak Fmp Series 292 - Regular Plan - Growth Option
KTKFMP292RI,Kotak Fmp Series 292 - Regular Plan - Idcw Payout Option
KTKFMP292DG,Kotak Fmp Series 292 - Direct Plan - Growth Option
KTKFMP292DI,Kotak Fmp Series 292 - Direct Plan - Idcw Payout Option
SHARPLINE,Sharpline Broadcast Ltd
NIMFHGAP,Nippon India Fixed Horizon Fund - Xliii - Series 1 - Direct Idcw Plan
NIMFHGAR,Nippon India Fixed Horizon Fund - Xliii - Series 1 - Direct Plan Growth Option
NIMFHGDP,Nippon India Fixed Horizon Fund - Xliii - Series 1 -Idcw Plan
NIMFHGRG,Nippon India Fixed Horizon Fund - Xliii - Series 1 -  Growth Option
AASHKA,Aashka Hospitals Ltd
AXISTECETF,Axis Nifty It Etf
AXISHCETF,Axis Nifty Healthcare Etf
ACUTAAS,Acutaas Chemicals Ltd
VIJAYA,Vijaya Diagnostic Centre Ltd
NBL,Naapbooks Ltd
POBS,Platinumone Business Services Ltd
D60MS264RG,Dsp Fmp - Series 264-60M-17D - Reg - Growth Mat Dt 29-09-2026
D60MS264RP,Dsp Fmp - Series 264-60M-17D - Reg - Idcw - Reg Pay Mat Dt 29-09-2026
D60MS264DG,Dsp Fmp - Series 264-60M-17D - Dir - Growth Mat Dt 29-09-2026
D60MS264DP,Dsp Fmp - Series 264-60M-17D - Dir - Idcw - Reg Pay Mat Dt 29-09-2026
AXISCETF,Axis Nifty India Consumption Etf
SANSERA,Sansera Engineering Ltd
SFMP51GR,Sbi Fixed Maturity Plan (Fmp) -Series 51-(1846 Days)- Regular Plan -Growth
SFMP51DR,Sbi Fixed Maturity Plan (Fmp) -Series 51-(1846 Days)- Regular Plan -Idcw Payout
SFMP51GD,Sbi Fixed Maturity Plan (Fmp) -Series 51-(1846 Days)- Direct Plan -Growth
SFMP51DD,Sbi Fixed Maturity Plan (Fmp) -Series 51-(1846 Days)- Direct Plan -Idcw Payout
PREVEST,Prevest Denpro Ltd
MARKOLINES,Markolines Pavement Technologies Ltd
MASPTOP50,Mirae Asset S&P 500 Top 50 Etf
SBLI,Sbl Infratech Ltd
PARAS,Paras Defence And Space Technologies Ltd
SFMP52GR,Sbi Fixed Maturity Plan (Fmp) -Series 52 (1848 Days) - Regular Plan - Growth
SFMP52DR,Sbi Fixed Maturity Plan (Fmp) -Series 52 (1848 Days) - Regular Plan - Idcw Payout
SFMP52GD,Sbi Fixed Maturity Plan (Fmp)-Series 52-(1848 Days) - Direct Plan - Growth
SFMP52DD,Sbi-Fixed Maturity Plan - (Fmp) - Series 52 - (1848 Days) - Direct Plan - Idcw Payout
GETALONG,Getalong Enterprise Ltd
SVRL,Shri Venkatesh Refineries Ltd
ABSLAMC,Aditya Birla Sun Life Amc Ltd
PROMAX,Promax Power Ltd
SAMOR,Samor Reality Ltd
ADISHAKTI,Adishakti Loha And Ispat Ltd
CWD,Cwd Ltd
SFMP53GR,Sbi Fixed Maturity Plan (Fmp) - Series 53 (1839 Days)- Regular Plan- Growth
SFMP53DR,Sbi Fixed Maturity Plan (Fmp) - Series 53 (1839 Days)- Regular Plan- Idcw Payout
SFMP53GD,Sbi Fixed Maturity Plan (Fmp) - Series 53 (1839 Days) - Direct Plan - Growth
SFMP53DD,Sbi Fixed Maturity Plan (Fmp) - Series 53 (1839 Days) - Direct Plan - Idcw Payout
CONSUMIETF,Icici Prudential Nifty India Consumption Etf
NYKAA,Fsn E-Commerce Ventures Ltd
NHIT,National Highways Infra Trust
FINOPB,Fino Payments Bank Ltd
SJS,S.J.S. Enterprises Ltd
EQUAL50ADD,Dsp Nifty 50 Equal Weight Etf
SIGACHI,Sigachi Industries Ltd
POLICYBZR,Pb Fintech Ltd
SGFRL,Suyog Gurbaxani Funicular Ropeways Ltd
SFMP54GR,Sbi Fixed Maturity Plan (Fmp) - Series 54 (1842 Days) - Regular Plan - Growth
SFMP54DR,Sbi Fixed Maturity Plan (Fmp) -Series 54 (1842 Days) - Regular Plan  - Idcw Payout
SFMP54GD,Sbi Fixed Maturity Plan (Fmp) - Series 54 (1842 Days) - Direct Plan - Growth
SFMP54DD,Sbi Fixed Maturity Plan (Fmp) - Series 54 (1842 Days)-Direct Plan-Idcw Payout
PAYTM,One 97 Communications Ltd
SAPPHIRE,Sapphire Foods India Ltd
LATENTVIEW,Latent View Analytics Ltd
TARSONS,Tarsons Products Ltd
OMNIPOTENT,Omnipotent Industries Ltd
GOCOLORS,Go Fashion (India) Ltd
SFMP55GR,Sbi Fixed Maturity Plan (Fmp) - Series 55 (1849 Days) - Regular Plan - Growth
SFMP55DR,Sbi Fixed Maturity Plan (Fmp) - Series 55 (1849 Days) - Regular Plan - Idcw Payout
SFMP55GD,Sbi Fixed Maturity Plan (Fmp) - Series 55 (1849 Days) - Direct Plan - Growth
SFMP55DD,Sbi Fixed Maturity Plan (Fmp) - Series 55 (1849 Days) - Direct Plan - Idcw Payout
DMR,Dmr Engineering Ltd
HITECH,Hi-Tech Pipes Ltd
STARHEALTH,Star Health And Allied Insurance Company Ltd
TEGA,Tega Industries Ltd
MAHKTECH,Mirae Asset Hang Seng Tech Etf
ANANDRATHI,Anand Rathi Wealth Ltd
ZODIAC,Zodiac Energy Ltd
RATEGAIN,Rategain Travel Technologies Ltd
BBETF0432,Bharat Bond Etf - April 2032
SHRIRAMPPS,Shriram Properties Ltd
JETFREIGHT,Jet Freight Logistics Ltd
SFMP57GR,Sbi Fixed Maturity Plan (Fmp) - Series 57 (1835 Days) - Regular Plan - Growth
SFMP57DR,Sbi Fixed Maturity Plan (Fmp) - Series 57 (1835 Days) - Regular Plan - Idcw Payout
SFMP57GD,Sbi Fixed Maturity Plan (Fmp) - Series 57 (1835 Days) – Direct Plan - Growth
SFMP57DD,Sbi Fixed Maturity Plan (Fmp) - Series 57 (1835 Days) - Direct Plan - Idcw Payout
MAPMYINDIA,C.E. Info Systems Ltd
METROBRAND,Metro Brands Ltd
MEDPLUS,Medplus Health Services Ltd
DATAPATTNS,Data Patterns (India) Ltd
HPAL,Hp Adhesives Ltd
SUPRIYA,Supriya Lifescience Ltd
CLARA,Clara Industries Ltd
WITS,Wherrelz It Solutions Ltd
MONQ50,Motilal Oswal Nasdaq Q 50 Etf
MIDQ50ADD,Dsp Nifty Midcap 150 Quality 50 Etf
NIFTYADD,Dsp Nifty 50 Etf
CMSINFO,Cms Info Systems Ltd
BCONCEPTS,Brand Concepts Ltd
ASCENSIVE,Ascensive Educare Ltd
FABINO,Fabino Enterprises Ltd
SFMP58GR,Sbi Fixed Maturity Plan (Fmp) - Series 58 (1842 Days) - Regular Plan - Growth
SFMP58DR,Sbi Fixed Maturity Plan (Fmp) - Series 58 (1842 Days) - Regular Plan - Idcw Payout
SFMP58GD,Sbi Fixed Maturity Plan (Fmp) - Series 58 (1842 Days)- Direct Plan - Growth
SFMP58DD,Sbi Fixed Maturity Plan (Fmp) - Series 58 (1842 Days) - Direct Plan - Idcw Payout
WEL,Wonder Electricals Ltd
AUTOIETF,Icici Prudential Nifty Auto Etf
SILVERIETF,Icici Prudential Silver Etf
ALKOSIGN,Alkosign Ltd
MAKEINDIA,Mirae Asset Nifty India Manufacturing Etf
SFMP59GR,Sbi Fixed Maturity Plan (Fmp) - Series 59 (1618 Days)- Regular Plan - Growth
SFMP59DR,Sbi Fixed Maturity Plan (Fmp) - Series 59 (1618 Days)- Regular Plan - Idcw Payout
SFMP59GD,Sbi Fixed Maturity Plan (Fmp) - Series 59 (1618 Days) - Direct Plan - Growth
AWL,Awl Agri Business Ltd
SFMP59DD,Sbi Fixed Maturity Plan (Fmp) - Series 59 (1618 Days) - Direct Plan - Idcw Payout
QRIL,Quality Ro Industries Ltd
SSTL,Safa Systems & Technologies Ltd
DEVIT,Dev Information Technology Ltd
MANYAVAR,Vedant Fashions Ltd
SPITZE,Maruti Interior Products Ltd
MOMOMENTUM,Motilal Oswal Nifty 200 Momentum 30 Etf
SFMP60GR,Sbi Fixed Maturity Plan (Fmp) - Series 60 (1878 Days) – Regular Plan - Growth
SFMP60DR,Sbi Fixed Maturity Plan (Fmp) - Series 60 (1878 Days)- Regular Plan - Idcw Payout
SFMP60GD,Sbi Fixed Maturity Plan (Fmp) - Series 60 (1878 Days)- Direct Plan - Growth
SFMP60DD,Sbi Fixed Maturity Plan (Fmp) - Series 60 (1878 Days) - Direct Plan - Idcw Payout
SOFTTECH,Softtech Engineers Ltd
SILVER,Aditya Birla Sun Life Silver Etf
TECH,Aditya Birla Sunlife Nifty It Etf
HEALTHY,Aditya Birla Sun Life Nifty Healthcare Etf
BSLNIFTY,Aditya Birla Sun Life Nifty 50 Etf
EKENNIS,Ekennis Software Service Ltd
NIMFHKAD,Nippon India Fixed Horizon Fund - Xliii - Series 5 - Direct Idcw Plan
NIMFHKAG,Nippon India Fixed Horizon Fund - Xliii - Series 5 - Direct Plan Growth Option
NIMFHKDP,Nippon India Fixed Horizon Fund - Xliii - Series 5 - Idcw Plan
NIMFHKGP,Nippon India Fixed Horizon Fund - Xliii - Series 5 - Growth Option
GSEC5IETF,Icici Prudential Nifty 5 Yr Benchmark G-Sec Etf
MIDCAPETF,Mirae Asset Nifty Midcap 150 Etf
EUREKAFORB,Eureka Forbes Ltd
H1861D46DG,Hdfc Fmp 1861D March 2022 (1) - Series 46- Direct Option- Growth Option
H1861D46DD,Hdfc Fmp 1861D March 2022 (1) - Series 46- Direct -Normal Dividend Option
H1861D46DQ,Hdfc Fmp 1861D March 2022 (1) Series 46 - Direct - Quarterly Dividend Option
H1861D46RG,Hdfc Fmp 1861D March 2022 (1)- Series 46-  Regular Option- Growth Option
H1861D46RD,Hdfc Fmp 1861D March 2022(1) - Series 46 -  Regular-Normal Dividend Option
H1861D46RQ,Hdfc Fmp 1861D March 2022(1) - Series 46 -  Regular - Quarterly Dividend Option
GATEWAY,Gateway Distriparks Ltd
GMRP&UI,Gmr Power And Urban Infra Ltd
BCCL,Bhatia Colour Chem Ltd
MSUMI,Motherson Sumi Wiring India Ltd
ACHYUT,Achyut Healthcare Ltd
EVOQ,Evoq Remedies Ltd
MOLOWVOL,Motilal Oswal Bse Low Volatility Etf
H1876D46DG,Hdfc Fmp 1876D March 2022(3) - Series 46 - Direct Option - Growth Option
H1876D46DD,Hdfc Fmp 1876D March 2022 (3) - Series 46  -  Direct Option - Normal Dividend Option
H1876D46DQ,Hdfc Fmp 1876D March 2022 (3) - Series 46 - Direct Option - Quarterly Dividend Option
H187646RG,Hdfc Fmp 1876D March 2022 (3) - Series 46 - Regular Option- Growth Option
H1876D46RD,Hdfc Fmp 1876D March 2022 (3) - Series 46 - Regular Option- Normal Dividend Option
H1876D46RQ,Hdfc Fmp 1876D March 2022 (3) - Series 46 - Regular Option-  Quarterly Dividend Option
AVROIND,Avro India Ltd
UMAEXPORTS,Uma Exports Ltd
VERANDA,Veranda Learning Solutions Ltd
SEML,Sunrise Efficient Marketing Ltd
DHYAANITR,Dhyaani Tradeventtures Ltd
HARIOMPIPE,Hariom Pipe Industries Ltd
EIGHTY,Eighty Jewellers Ltd
SFSL,Shashwat Furnishing Solutions Ltd
GLHRL,Global Longlife Hospital And Research Ltd
FONE4,Fone4 Communications (India) Ltd
NVENTURES,Nanavati Ventures Ltd
CAMPUS,Campus Activewear Ltd
RAINBOW,Rainbow Children'S Medicare Ltd
SILVERTUC,Silver Touch Technologies Ltd
LICI,Life Insurance Corporation Of India
PRUDENT,Prudent Corporate Advisory Services Ltd
VENUSPIPES,Venus Pipes & Tubes Ltd
DELHIVERY,Delhivery Ltd
PARADEEP,Paradeep Phosphates Ltd
TIERRA,Tierra Agrotech Ltd
ETHOSLTD,Ethos Ltd
EMUDHRA,Emudhra Ltd
AETHER,Aether Industries Ltd
WEWIN,We Win Ltd
SILVERPRL,Silver Pearl Hospitality & Luxury Spaces Ltd
SCARNOSE,Scarnose International Ltd
GOEL,Goel Food Products Ltd
MODIS,Modis Navnirman Ltd
PGCRL,Pearl Green Clubs And Resorts Ltd
SAILANI,Sailani Tours N Travels Ltd
KESAR,Kesar India Ltd
BRRL,B-Right Realestate Ltd
JAYANT,Jayant Infratech Ltd
VEERKRUPA,Veerkrupa Jewellers Ltd
HEALTHYLIFE,Healthy Life Agritec Ltd
DDEVPLSTIK,Ddev Plastiks Industries Ltd
MOHEALTH,Motilal Oswal Bse Healthcare Etf
SFMP67GR,Sbi Fixed Maturity Plan (Fmp) - Series 67 (1467 Days)- Regular Plan - Growth
SFMP67DR,Sbi Fixed Maturity Plan (Fmp) - Series 67 (1467 Days) - Regular Plan - Idcw Payout
SFMP67GD,Sbi Fixed Maturity Plan (Fmp) - Series 67 (1467 Days) - Direct Plan - Growth
SFMP67DD,Sbi Fixed Maturity Plan (Fmp) - Series 67 (1467 Days) - Direct Plan - Idcw Payout
MOM30IETF,Icici Prudential Nifty 200 Momentum 30 Etf
HDFCNIF100,Hdfc Nifty 100 Etf
HDFCNEXT50,Hdfc Mutual Fund
INFRAIETF,Icici Prudential Nifty Infrastructure Etf
SILVERADD,Dsp Silver Etf
SYRMA,Syrma Sgs Technology Ltd
NIFTYQLITY,Aditya Birla Sun Life Nifty 200 Quality 30 Etf
MOMENTUM,Aditya Birla Sun Life Nifty 200 Momentum 30 Etf
MOVALUE,Motilal Oswal Bse Enhanced Value Etf
MOQUALITY,Motilal Oswal Bse Quality Etf
OLATECH,Olatech Solutions Ltd
HDFC1406DG,Hdfc Fmp 1406D August 2022 - Series 46 - Direct Option- Growth Option
HDFC1406DD,Hdfc Fmp 1406D August 2022 - Series 46 - Direct Option- Normal Dividend Option
HDFC1406DQ,Hdfc Fmp 1406D August 2022 - Series 46 - Direct Option- Quarterly Dividend Option
HDFC1406RG,Hdfc Fmp 1406D August 2022 - Series 46 - Regular Option- Growth Option
HDFC1406RD,Hdfc Fmp 1406D August 2022 - Series 46 - Regular Option- Normal Dividend Option
HDFC1406RQ,Hdfc Fmp 1406D August 2022 - Series 46 - Regular Option- Quarterly Dividend Option
RHETAN,Rhetan Tmt Ltd
DREAMFOLKS,Dreamfolks Services Ltd
HDFCSILVER,Hdfc Silver Etf
DBOL,Dhampur Bio Organics Ltd
DPL,Dipna Pharmachem Ltd
EPBIO,Ep Biocomposites Ltd
TMB,Tamilnad Mercantile Bank Ltd
VOEPL,Virtuoso Optoelectronics Ltd
SISL,Shantidoot Infra Services Ltd
KSOLVES,Ksolves India Ltd
HARSHA,Harsha Engineers International Ltd
W5GP,Nippon India Fixed Horizon Fund Xliv Series 1-Regular Plan-Growth
W5DP,Nippon India Fixed Horizon Fund Xliv Series 1-Regular Plan -Idcw Payout
W5AG,Nippon India Fixed Horizon Fund Xliv Series 1-Direct Plan-Growth
W5AD,Nippon India Fixed Horizon Fund Xliv Series 1-Direct Plan Idcw Payout
HDFCQUAL,Hdfc Nifty100 Quality 30 Etf
CONTAINE,Containe Technologies Ltd
HDFCGROWTH,Hdfc Nifty Growth Sectors 15 Etf
HDFCVALUE,Hdfc Nifty50 Value 20 Etf
MAFIA,Mafia Trends Ltd
TIPSFILMS,Tips Films Ltd
SRSOLTD,Silicon Rental Solutions Ltd
TLL,Trident Lifeline Ltd
REETECH,Reetech International Ltd
CARGOTRANS,Cargotrans Maritime Ltd
CNCRD,Concord Control Systems Ltd
INA,Insolation Energy Ltd
CARGOSOL,Cargosol Logistics Ltd
STML,Steelman Telecom Ltd
VEDANTASSET,Vedant Asset Ltd
EMIL,Electronics Mart India Ltd
HDFCLOWVOL,Hdfc Nifty100 Low Volatility 30 Etf
HDFCMOMENT,Hdfc Nifty200 Momentum 30 Etf
HDFC1359DG,Hdfc Fmp 1359D September 2022 - Series 46 - Direct Option- Growth Option
HDFC1359DD,Hdfc Fmp 1359D September 2022 - Series 46 - Direct Option- Normal Dividend Option
HDFC1359DQ,Hdfc Fmp 1359D September 2022 - Series 46 - Direct Option- Quarterly Dividend Option
HDFC1359RG,Hdfc Fmp 1359D September 2022 - Series 46 - Regular Option- Growth Option
HDFC1359RD,Hdfc Fmp 1359D September 2022 - Series 46 - Regular Option- Normal Dividend Option
HDFC1359RQ,Hdfc Fmp 1359D September 2022 -Series 46 -  Regular Option- Quarterly Dividend Option
PPLPHARMA,Piramal Pharma Ltd
DCI,Dc Infotech And Communication Ltd
PACE,Pace E-Commerce Ventures Ltd
TRACXN,Tracxn Technologies Ltd
NARMADA,Narmada Agrobase Ltd
INFOBEAN,Infobeans Technologies Ltd
HPIL,Hindprakash Industries Ltd
DCXINDIA,Dcx Systems Ltd
DAPS,Daps Advertising Ltd
FUSION,Fusion Finance Ltd
BIKAJI,Bikaji Foods International Ltd
MEDANTA,Global Health Ltd
ANZEN,Anzen India Energy Yield Plus Trust
TECHNOPACK,Technopack Polymers Ltd
ACI,Archean Chemical Industries Ltd
D1246267RG,Dsp Fmp - Series 267 - 1172 Days
D1246267DG,Dsp Fmp - Series 267 - 1172 Days
FIVESTAR,Five-Star Business Finance Ltd
KAYNES,Kaynes Technology India Ltd
HDFCNIFIT,Hdfc Nifty It Etf
HDFCPVTBAN,Hdfc Nifty Private Bank Etf
INOXGREEN,Inox Green Energy Services Ltd
BBTCL,B&B Triplewall Containers Ltd
RUSTOMJEE,Keystone Realtors Ltd
VINNY,Vinny Overseas Ltd
AAATECH,Aaa Technologies Ltd
D1281268RG,Dsp Fmp - Series 268 - 1281 Days - Regular - Growth
D1281268RR,Dsp Fmp - Series 268 - 1281 Days - Regular - Idcw Reinvest
D1281268RP,Dsp Fmp - Series 268 - 1281 Days - Regular - Idcw
D1281268DG,Dsp Fmp - Series 268 - 1281 Days - Direct - Growth
D1281268DP,Dsp Fmp - Series 268 - 1281 Days - Direct - Idcw
FINIETF,Icici Prudential Nifty Financial Services Ex-Bank Etf
AMBOAGRI,Ambo Agritec Ltd
SIRCA,Sirca Paints India Ltd
DHARMAJ,Dharmaj Crop Guard Ltd
SARVESHWAR,Sarveshwar Foods Ltd
UNIPARTS,Uniparts India Ltd
EBBETF0433,Bharat Bond Etf - April 2033
GSEC10IETF,Icici Prudential Nifty 10 Yr Benchmark G-Sec Etf
GARGI,Pngs Gargi Fashion Jewellery Ltd
COMMOIETF,Icici Prudential Nifty Commodities Etf
SULA,Sula Vineyards Ltd
AFSL,Abans Financial Services Ltd
DRONACHRYA,Droneacharya Aerial Innovations Ltd
LANDMARK,Landmark Cars Ltd
KFINTECH,Kfin Technologies Ltd
ELIN,Elin Electronics Ltd
RADIANTCMS,Radiant Cash Management Services Ltd
AVEER,Aveer Foods Ltd
BANKADD,Dsp Nifty Bank Etf
KTKFMP304RG,Kotak Fmp Series 304 - 3119 Days - Regular Plan - Growth Option
KTKFMP304RI,Kotak Fmp Series 304 - 3119 Days - Regular Plan - Idcw Payout Option
KTKFMP304DG,Kotak Fmp Series 304 - 3119 Days - Direct Plan - Growth Option
KTKFMP304DI,Kotak Fmp Series 304 - 3119 Days - Direct Plan - Idcw Payout Option
AERONEU,Aeroflex Neu Ltd
REXSEAL,Rex Sealing And Packing Industries Ltd
SVS,Svs Ventures Ltd
LOGICA,Logica Infoway Ltd
KAMOPAINTS,Kamdhenu Ventures Ltd
AARTIPHARM,Aarti Pharmalabs Ltd
DHARNI,Dharni Capital Services Ltd
TRANSVOY,Transvoy Logistics India Ltd
SFMP76GR,Sbi Fixed Maturity Plan (Fmp) - Series 76 (1221 Days) - Regular Plan - Growth
SFMP76DR,Sbi Fixed Maturity Plan (Fmp) - Series 76 (1221 Days) - Regular Plan - Idcw Payout
SFMP76GD,Sbi Fixed Maturity Plan (Fmp) - Series 76 (1221 Days) - Direct Plan - Growth
SFMP76DD,Sbi Fixed Maturity Plan (Fmp) - Series 76 (1221 Days)  - Direct Plan - Idcw Payout
EARTH,Earthstahl & Alloys Ltd
ASHIKA,Ashika Credit Capital Ltd
BTML,Bodhi Tree Multimedia Ltd
NSLNISP,Nmdc Steel Ltd
INDONG,Indong Tea Company Ltd
HDFCBSE500,Hdfc Bse 500 Etf
HDFCSML250,Hdfc Nifty Smallcap 250 Etf
HDFCMID150,Hdfc Nifty Midcap 150 Etf
GOLDETF,Mirae Asset Gold Etf
SEALMATIC,Sealmatic India Ltd
SFMP78GR,Sbi Fixed Maturity Plan (Fmp) - Series 78 (1170 Days) - Regular Plan - Growth
SFMP78DR,Sbi Fixed Maturity Plan (Fmp) - Series 78 (1170 Days) - Regular Plan - Idcw Payout
SFMP78GD,Sbi Fixed Maturity Plan (Fmp) - Series 78 (1170 Days) - Direct Plan - Growth
SFMP78DD,Sbi Fixed Maturity Plan (Fmp) - Series 78 (1170 Days) - Direct Plan - Idcw Payout
ROBU,Macfos Ltd
D1144270RG,Dsp Fmp - Series 270 - 1172 Days
D1144270DG,Dsp Fmp - Series 270 - 1172 Days
D1144270DP,Dsp Fmp - Series 270 - 1172 Days
HDFC2638DG,Hdfc Fixed Maturity Plan 2638D February 2023 Series 47 - Direct Plan - Growth Option
HDFC2638DQ,Hdfc Fixed Maturity Plan 2638D February 2023 Series 47 - Direct Plan - Quarterly Idcw Payout Option
HDFC2638RG,Hdfc Fixed Maturity Plan 2638D February 2023 Series 47 - Regular Plan - Growth Option
HDFC2638RD,Hdfc Fixed Maturity Plan 2638D February 2023 Series 47 - Regular Plan - Normal Idcw Payout Option
HDFC2638RQ,Hdfc Fixed Maturity Plan 2638D February 2023 Series 47 - Regular Plan - Quarterly Idcw Payout Option
PATRON,Patron Exim Ltd
SVJ,S. V. J. Enterprises Ltd
AMANAYA,Amanaya Ventures Ltd
RESGEN,Resgen Ltd
ITCONS,Itcons E-Solutions Ltd
AIRAN,Airan Ltd
DIVGIITTS,Divgi Torqtransfer Systems Ltd
ABSLLIQUID,Aditya Birla Sun Life Crisil Liquid Overnight Etf
PCL,Prospect Consumer Products Ltd
IPRU3533,Icici Prudential Fixed Maturity Plan  Series 88  1303 Days Plan S  Growth
IPRU3534,Icici Prudential Fixed Maturity Plan  Series 88  1303 Days Plan S  Idcw Payout
IPRU9735,Icici Prudential Fixed Maturity Plan  Series 88  1303 Days Plan S  Direct Plan Growth
IPRU9736,Icici Prudential Fixed Maturity Plan  Series 88  1303 Days Plan S  Direct Plan Idcw Payout
PSUBNKIETF,Icici Prudential Nifty Psu Bank Etf
SUDARSHAN,Sudarshan Pharma Industries Ltd
GSLSU,Global Surfaces Ltd
LABELKRAFT,Labelkraft Technologies Ltd
BRIGHT,Bright Outdoor Media Ltd
AXISWSDG,Axis Fixed Term Plan - Series 113 (1228 Days) - Direct Plan - Growth Option
AXISWSDQ,Axis Fixed Term Plan - Series 113 (1228 Days) - Direct Plan - Quarterly Idcw  Payout Option
AXISWSGP,Axis Fixed Term Plan - Series 113 (1228 Days) - Regular Plan - Growth Option
AXISWSQD,Axis Fixed Term Plan - Series 113 (1228 Days) - Regular Plan - Quarterly Idcw Payout Option
AXISWSHD,Axis Fixed Term Plan - Series 113 (1228 Days) - Regular Plan - Half Yearly Idcw Payout Option
HFMPM23DGR,Hdfc Fmp 1269D March 2023 - Series 47 - Direct Plan- Growth Option
HFMPM23DND,Hdfc Fmp 1269D March 2023 - Series 47 - Direct Plan - Normal Idcw Option
HFMPM23DQD,Hdfc Fmp 1269D March 2023- Series 47- Direct Plan- Quarterly Idcw Option
HFMPM23RGR,Hdfc Fmp 1269D March 2023 - Series 47 - Regular Plan- Growth Option
HFMPM23RND,Hdfc Fmp 1269D March 2023 - Series 47 - Regular Plan- Normal Idcw Option
HFMPM23RQD,Hdfc Fmp 1269D March 2023 - Series 47 - Regular Plan- Quarterly Idcw Option
COMMAND,Command Polymers Ltd
DEVLAB,Dev Labtech Venture Ltd
AXSENSEX,Axis S&P Bse Sensex Etf
LOWVOL,Mirae Asset Nifty 100 Low Volatility 30 Etf
DIGIFIBRE,Digital Fibre Infrastructure Trust
JAFINANCE,J.A. Finance Ltd
USK,Udayshivakumar Infra Ltd
MAIDEN,Maiden Forgings Ltd
GSEC10YEAR,Mirae Asset Nifty 8-13 Yr G-Sec Etf
185F2DGG,Trustmf Fixed Maturity Plan Series Ii (1196 - Direct Plan--Growth
185F2GPG,Trustmf Fixed Maturity Plan - Series Ii (1196 Days) - Regular Plan - Growth
185F2RPD,Trustmf Fixed Maturity Plan- Series Ii (1196 Days) - Regular - Idcw Payout
SFMP81GR,Sbi Fixed Maturity Plan (Fmp) - Series 81 (1157 Days) - Regular Plan - Growth
SFMP81DR,Sbi Fixed Maturity Plan (Fmp) - Series 81 (1157 Days) - Regular Plan - Idcw Payout
SFMP81GD,Sbi Fixed Maturity Plan (Fmp) - Series 81 (1157 Days) - Direct Plan - Growth
SFMP81DD,Sbi Fixed Maturity Plan (Fmp) - Series 81 (1157 Days) - Direct Plan - Idcw Payout
U8GP,Nippon India Fixed Horizon Fund Xlv Series 5-Regular Plan-Growth Option
U8DP,Nippon India Fixed Horizon Fund Xlv Series 5-Regular  Plan- Idcw Payout Option
U8AG,Nippon India Fixed Horizon Fund Xlv Series 5-Direct  Plan-Growth Option
EXHICON,Exhicon Events Media Solutions Ltd
AVALON,Avalon Technologies Ltd
SANCODE,Sancode Technologies Ltd
BLAL,Beml Land Assets Ltd
CUBEINVIT,Cube Highways Trust
SILVERBETA,Uti Silver Etf
RHL,Robust Hotels Ltd
RETINA,Retina Paints Ltd
GOLDADD,Dsp Gold Etf
MANKIND,Mankind Pharma Ltd
INNOKAIZ,Innokaiz India Ltd
AVG,Avg Logistics Ltd
ATALREAL,Atal Realtech Ltd
PIGL,Power And Instrumentation (Gujarat) Ltd
NXST,Nexus Select Trust
SWATIPRO,Swati Projects Ltd
PAVNAIND,Pavna Industries Ltd
HSIL,Hemant Surgical Industries Ltd
SIGMA,Sigma Solve Ltd
GHCLTEXTIL,Ghcl Textiles Ltd
MKPL,M. K. Proteins Ltd
CFF,Cff Fluid Control Ltd
COMRADE,Comrade Appliances Ltd
SILVERAG,Mirae Asset Silver Etf
IKIO,Ikio Technologies Ltd
SONALIS,Sonalis Consumer Products Ltd
MIT,Maple Infrastructure Trust
BIZOTIC,Bizotic Commercial Ltd
ASIAN,Asian Warehousing Ltd
COSMICCRF,Cosmic Crf Ltd
HMAAGRO,Hma Agro Industries Ltd
URAVIDEF,Uravi Defence And Technology Ltd
VEEFIN,Veefin Solutions Ltd
IDEAFORGE,Ideaforge Technology Ltd
CYIENTDLM,Cyient Dlm Ltd
MACIND,Machhar Industries Ltd
ITADD,Dsp Nifty It Etf
SENCO,Senco Gold Ltd
ALPHAIND,Alphalogic Industries Ltd
ACCELERATE,Acceleratebs India Ltd
KAKA,Kaka Industries Ltd
JIOFIN,Jio Financial Services Ltd
AHASOLAR,Ahasolar Technologies Ltd
UTKARSHBNK,Utkarsh Small Finance Bank Ltd
ASARFI,Asarfi Hospital Ltd
BANKETF,Mirae Asset Nifty Bank Etf
NETWEB,Netweb Technologies India Ltd
LIQUID,Mirae Asset Nifty 1 D Rate Liquid Etf
SENSEXADD,Dsp Bse Sensex Etf
PSUBANKADD,Dsp Nifty Psu Bank Etf
PVTBANKADD,Dsp Private Bank Etf
YATHARTH,Yatharth Hospital & Trauma Care Services Ltd
NIITMTS,Niit Learning Systems Ltd
KHAZANCHI,Khazanchi Jewellers Ltd
ATL,Allcargo Terminals Ltd
TREL,Transindia Real Estate Ltd
QUAL30IETF,Icici Prudential Nifty 200 Quality 30 Etf
REDTAPE,Redtape Ltd
VLEGOV,Vl E-Governance & It Solutions Ltd
SBFC,Sbfc Finance Ltd
CONCORDBIO,Concord Biotech Ltd
DPWIRES,D.P. Wires Ltd
SHELTER,Shelter Pharma Ltd
HFMPCC50DD,Hdfc Charity Fund For Cancer Cure - Direct - 50% Idcw Donation Option
TVSSCS,Tvs Supply Chain Solutions Ltd
HFMPCC75DD,Hdfc Charity Fund For Cancer Cure - Direct - 75% Idcw Donation Option
HFMPCC50RD,Hdfc Charity Fund For Cancer Cure - Regular - 50% Idcw Donation Option
HFMPCC75RD,Hdfc Charity Fund For Cancer Cure - Regular - 75% Idcw Donation Option
PYRAMID,Pyramid Technoplast Ltd
SHOORA,Shoora Designs Ltd
BONDADA,Bondada Engineering Ltd
AEROFLEX,Aeroflex Industries Ltd
HDFCLIQUID,Hdfc Nifty 1D Rate Liquid Etf-  Growth
VPRPL,Vishnu Prakash R Punglia Ltd
MIDCAPBETA,Uti Nifty Midcap 150 Etf
SHRAAITECH,Shradha Ai Technologies Ltd
RISHABH,Rishabh Instruments Ltd
RATNAVEER,Ratnaveer Precision Engineering Ltd
KAHAN,Kahan Packaging Ltd
JLHL,Jupiter Life Line Hospitals Ltd
RRKABEL,R R Kabel Ltd
QUESTFLOW,Quest Flow Controls Ltd
EMSLIMITED,Ems Ltd
SAMHI,Samhi Hotels Ltd
ZAGGLE,Zaggle Prepaid Ocean Services Ltd
SOUTHWEST,South West Pinnacle Exploration Ltd
NUVAMA,Nuvama Wealth Management Ltd
KALAMANDIR,Sai Silks (Kalamandir) Ltd
SIGNATURE,Signatureglobal (India) Ltd
TECHKGREEN,Techknowgreen Solutions Ltd
YATRA,Yatra Online Ltd
ARCL,Arcl Organics Ltd
JSWINFRA,Jsw Infrastructure Ltd
MVGJL,Manoj Vaibhav Gems N Jewellers Ltd
UDS,Updater Services Ltd
ORGANICREC,Organic Recycling Systems Ltd
VALIANTLAB,Valiant Laboratories Ltd
SENSEXETF,Mirae Asset S&P Bse Sensex Etf
CCAL,City Crops Agro Ltd
SUNITATOOL,Sunita Tools Ltd
VIVAA,Vivaa Tradecom Ltd
PLAZACABLE,Plaza Wires Ltd
IRMENERGY,Irm Energy Ltd
ISCITRUST,Intelligent Supply Chain Infrastructure Trust
ITETF,Mirae Asset Nifty It Etf
ALPHAETF,Mirae Asset Nifty 200 Alpha 30 Etf
MAXESTATES,Max Estates Ltd
BLUEJET,Blue Jet Healthcare Ltd
LIQUIDSBI,Sbi Nifty 1D Rate Etf
VPL,Vrundavan Plantation Ltd
CELLO,Cello World Ltd
KKSHL,Kk Shah Hospitals Ltd
HONASA,Honasa Consumer Ltd
MISHDESIGN,Mish Designs Ltd
ESAFSFB,Esaf Small Finance Bank Ltd
PROTEAN,Protean Egov Technologies Ltd
ASKAUTOLTD,Ask Automotive Ltd
KALYANI,Kalyani Cast-Tech Ltd
ARROWHEAD,Arrowhead Seperation Engineering Ltd
IREDA,Indian Renewable Energy Development Agency Ltd
FEDFINA,Fedbank Financial Services Ltd
TATATECH,Tata Technologies Ltd
GANDHAR,Gandhar Oil Refinery (India) Ltd
FLAIR,Flair Writing Industries Ltd
SPL,Swashthik Plascon Ltd
DEEPAKCHEM,Deepak Chemtex Ltd
AMIC,Amic Forging Ltd
BAJEL,Bajel Projects Ltd
BBNPPGOLD,Baroda Bnp Paribas Gold Etf
INDIASHLTR,India Shelter Finance Corporation Ltd
DOMS,Doms Industries Ltd
INOXINDIA,Inox India Ltd
SIYARAM,Siyaram Recycling Industries Ltd
BENCHMARK,Benchmark Computer Solutions Ltd
MOTISONS,Motisons Jewellers Ltd
SURAJEST,Suraj Estate Developers Ltd
MUTHOOTMF,Muthoot Microfin Ltd
SMARITIME,Sahara Maritime Ltd
HAPPYFORGE,Happy Forgings Ltd
MUFTI,Credo Brands Marketing Ltd
SHANTIDENM,Shanti Spintex Ltd
RBZJEWEL,Rbz Jewellers Ltd
AZAD,Azad Engineering Ltd
SUNCLAY,Sundaram-Clayton Ltd
INNOVACAP,Innova Captab Ltd
AIKPIPES,Aik Pipes And Polymers Ltd
MCPL,Manoj Ceramic Ltd
SBVCL,Shri Balaji Valve Components Ltd
DIGIDRIVE,Digidrive Distributors Ltd
SHILINDORE,Sayaji Hotels (Indore) Ltd
JYOTICNC,Jyoti Cnc Automation Ltd
SWANAGRO,New Swan Multitech Ltd
SHREE,Shree Marutinandan Tubes Ltd
MEDIASSIST,Medi Assist Healthcare Services Ltd
LIQUIDCASE,Zerodha Nifty 1D Rate Liquid Etf
SHPLPUNE,Sayaji Hotels (Pune) Ltd
QLL,Qualitek Labs Ltd
NIFTYBETF,Bajaj Finserv Nifty 50 Etf
BANKBETF,Bajaj Finserv Nifty Bank Etf
EUPHORIAIT,Euphoria Infotech (India) Ltd
EPACK,Epack Durable Ltd
NOVAAGRI,Nova Agritech Ltd
BRISK,Brisk Technovision Ltd
ITBETA,Uti Nifty It Etf
GILT5BETA,Uti Nifty 5 Yr Benchmark G-Sec Etf
GILT10BETA,Uti Nifty 10 Yr Benchmark G-Sec Etf
HARSHDEEP,Harshdeep Hortico Ltd
MCFL,Mayank Cattle Food Ltd
BLSE,Bls E-Services Ltd
GPSL,Gabriel Pet Straps Ltd
HEALTHADD,Dsp Nifty Healthcare Etf
HDFCPSUBK,Hdfc Nifty Psu Bank Etf
PARKHOTELS,Apeejay Surrendra Park Hotels Ltd
JGTL,Jasch Gauging Technologies Ltd
SIGNPOST,Signpost India Ltd
JSFB,Jana Small Finance Bank Ltd
RPTECH,Rashi Peripherals Ltd
CAPITALSFB,Capital Small Finance Bank Ltd
RUDRAGAS,Rudra Gas Enterprise Ltd
ENTERO,Entero Healthcare Solutions Ltd
LICNMID100,Lic Mf Nifty Midcap 100 Etf
VSTL,Vibhor Steel Tubes Ltd
JUNIPER,Juniper Hotels Ltd
SMALLCAP,Mirae Asset Nifty Smallcap 250 Momentum Quality 100 Etf
GPTHEALTH,Gpt Healthcare Ltd
GOLDCASE,Zerodha Gold Etf
EXICOM,Exicom Tele-Systems Ltd
PLATIND,Platinum Industries Ltd
MUKKA,Mukka Proteins Ltd
RKSWAMY,R K Swamy Ltd
INDUSINVIT,Indus Infra Trust
JGCHEM,J.G.Chemicals Ltd
KOURA,Koura Fine Diamond Jewelry Ltd
GOPAL,Gopal Snacks Ltd
PESB,Pune E - Stock Broking Ltd
SCILAL,Shipping Corporation Of India Land And Assets Ltd
ROYAL,Royal Sense Ltd
PVSL,Popular Vehicles And Services Ltd
KRYSTAL,Krystal Integrated Services Ltd
KPGEL,Kp Green Engineering Ltd
CHATHA,Chatha Foods Ltd
GCONNECT,Gconnect Logitech And Supply Chain Ltd
VRUDDHI,Vruddhi Engineering Works Ltd
SRM,Srm Contractors Ltd
LIQUIDADD,Dsp Bse Liquid Rate Etf
JAYKAILASH,Jay Kailash Namkeen Ltd
DPABHUSHAN,D.P. Abhushan Ltd
BHARTIHEXA,Bharti Hexacom Ltd
GVL,Greenhitech Ventures Ltd
FAALCON,Faalcon Concepts Ltd
SHIVAM,Shivam Chemicals Ltd
EMMFORCE,Emmforce Autotech Ltd
JNKINDIA,Jnk India Ltd
VARYAA,Varyaa Creations Ltd
AMKAY,Amkay Products Ltd
DKUAL,Dolphin Kitchen Utensils And Appliances Ltd
STAL,Storage Technologies And Automation Ltd
INDGN,Indegene Ltd
FTL,Finelistings Technologies Ltd
TBOTEK,Tbo Tek Ltd
TGIF,Tgif Agribusiness Ltd
AADHARHFC,Aadhar Housing Finance Ltd
AZTEC,Aztec Fluids & Machinery Ltd
PIOTEX,Piotex Industries Ltd
GODIGIT,Go Digit General Insurance Ltd
MIDSMALL,Mirae Asset Nifty Midsmallcap400 Momentum Quality 100 Etf
AWFIS,Awfis Space Solutions Ltd
LIQUIDBETF,Bajaj Finserve Nifty1D Rate Liquid Etf - Growth
ASSOCIATED,Associated Coaters Ltd
BOROSCI,Borosil Scientific Ltd
ADTECH,Adtech Systems Ltd
TOTEM,Forbes Precision Tools And Machine Parts Ltd
KRONOX,Kronox Lab Sciences Ltd
MAGENTA,Magenta Lifecare Ltd
SATTRIX,Sattrix Information Security Ltd
3CIT,3C It Solutions And Telecoms (India) Ltd
PURPLEFIN,Purple Finance Ltd
IXIGO,Le Travenues Technology Ltd
MID150CASE,Zerodha Nifty Midcap 150 Etf
TOP100CASE,Zerodha Nifty 100 Etf
COTFAB,United Cotfab Ltd
BBNPNBETF,Baroda Bnp Paribas Nifty Bank Etf
RETAIL,Jhs Svendgaard Retail Ventures Ltd
DEEDEV,Dee Development Engineers Ltd
GEMENVIRO,Gem Enviro Management Ltd
AFIL,Akme Fintrade (India) Ltd
DFPL,Dindigul Farm Product Ltd
STANLEY,Stanley Lifestyles Ltd
ABDL,Allied Blenders And Distillers Ltd
VRAJ,Vraj Iron And Steel Ltd
NPL,National Peroxide Ltd
SBISILVER,Sbi Silver Etf
RELIABLE,Reliable Data Services Ltd
LIQUIDSHRI,Shriram Nifty 1D Rate Liquid Etf
BANSALWIRE,Bansal Wire Industries Ltd
EMCURE,Emcure Pharmaceuticals Ltd
ABGSEC,Aditya Birla Sun Life Crisil Broad Based Gilt Etf
EVINDIA,Mirae Asset Nifty Ev And New Age Automotive Etf
ACLD,Aelea Commodities Ltd
THREEMPAPE,Three M Paper Boards Ltd
SBINEQWETF,Sbi Nifty50 Equal Weight Etf
OILIETF,Icici Prudential Nifty Oil & Gas Etf
SANSTAR,Sanstar Ltd
ABSLPSE,Aditya Birla Sun Life Nifty Pse Etf
VVIPIL,Vvip Infratech Ltd
CTLLAB,Clinitech Laboratory Ltd
KIZI,Kizi Apparels Ltd
AKUMS,Akums Drugs And Pharmaceuticals Ltd
CEIGALL,Ceigall India Ltd
AFCOM,Afcom Holdings Ltd
OLAELEC,Ola Electric Mobility Ltd
FIRSTCRY,Brainbees Solutions Ltd
UNIECOM,Unicommerce Esolutions Ltd
GSEC10ABSL,Aditya Birla Sun Life Crisil 10 Year Gilt Etf
METALIETF,Icici Prudential Nifty Metal Etf
SSDL,Saraswati Saree Depot Ltd
BROACH,Broach Lifecare Hospital Ltd
INTERARCH,Interarch Building Solutions Ltd
MFML,Mahalaxmi Fabric Mills Ltd
GLOBALE,Globale Tessile Ltd
ORIENTTECH,Orient Technologies Ltd
RAL,Resourceful Automobile Ltd
RAPID,Rapid Multimodal Logistics Ltd
PREMIERENE,Premier Energies Ltd
ECOSMOBLTY,Ecos (India) Mobility & Hospitality Ltd
RAYMONDLSL,Raymond Lifestyle Ltd
MULTICAP,Mirae Asset Nifty500 Multicap 50:25:25 Etf
TRAVELS,Travels & Rentals Ltd
STYLEBAAZA,Baazar Style Retail Ltd
GALAPREC,Gala Precision Engineering Ltd
NHL,Naturewings Holidays Ltd
RVTH,Revathi Equipment India Ltd
TOP10ADD,Dsp Nifty Top 10 Equal Weight Etf
MCEL,Mach Conferences And Events Ltd
BALAJEE,Shree Tirupati Balajee Agro Trading Company Ltd
SANOFICONR,Sanofi Consumer Healthcare India Ltd
SSL,Share Samadhan Ltd
BAJAJHFL,Bajaj Housing Finance Ltd
KROSS,Kross Ltd
TOLINS,Tolins Tyres Ltd
PNGJL,P N Gadgil Jewellers Ltd
SAFE,Sodhani Academy Of Fintech Enablers Ltd
WCIL,Western Carriers (India) Ltd
PFL,Popular Foundations Ltd
NORTHARC,Northern Arc Capital Ltd
ARKADE,Arkade Developers Ltd
MANBA,Manba Finance Ltd
KRN,Krn Heat Exchanger And Refrigeration Ltd
DIFFNKG,Diffusion Engineers Ltd
NEXXUS,Nexxus Petro Industries Ltd
BANKPSU,Mirae Asset Nifty Psu Bank Etf
SUBAM,Subam Papers Ltd
METAL,Mirae Asset Nifty Metal Etf
NPFL,Neopolitan Pizza And Foods Ltd
KGVL,Khyati Global Ventures Ltd
GARUDA,Garuda Construction And Engineering Ltd
SHIVTEXCHEM,Shiv Texchem Ltd
MGEL,Mangalam Global Enterprise Ltd
HYUNDAI,Hyundai Motor India Ltd
VAL30IETF,Icici Prudential Nifty200 Value 30 Etf
DBEIL,Deepak Builders And Engineers India Ltd
WAAREEENER,Waaree Energies Ltd
OCCLLTD,Occl Ltd
GODAVARIB,Godavari Biorefineries Ltd
AFCONS,Afcons Infrastructure Ltd
ABINFRA,A B Infrabuild Ltd
SAGILITY,Sagility Ltd
ACMESOLAR,Acme Solar Holdings Ltd
LIQUIDPLUS,Mirae Asset Nifty 1D Rate Liquid Etf-Growth
SWIGGY,Swiggy Ltd
NIVABUPA,Niva Bupa Health Insurance Company Ltd
MANGALCOMP,Mangal Compusolution Ltd
BLACKBUCK,Black Buck Ltd
NTPCGREEN,Ntpc Green Energy Ltd
EIEL,Enviro Infra Engineers Ltd
RAJESH,Rajesh Power Services Ltd
ONESOURCE,Onesource Specialty Pharma Ltd
SURAKSHA,Suraksha Diagnostic Ltd
ROSSTECH,Rossell Techsys Ltd
PSPLATINA,Property Share Investment Trust - Propshare Platina
NISUS,Nisus Finance Services Co Ltd
ODIGMA,Odigma Consultancy Solutions Ltd
INNOVANA,Innovana Thinklabs Ltd
TTC,Toss The Coin Ltd
JUNGLECAMP,Jungle Camps India Ltd
MOBIKWIK,One Mobikwik Systems Ltd
SAILIFE,Sai Life Sciences Ltd
VMM,Vishal Mega Mart Ltd
HILLTONE,Hilltone Software And Gases Ltd
IKS,Inventurus Knowledge Solutions Ltd
YASHHV,Yash Highvoltage Ltd
IGIL,International Gemmological Institute India Ltd
HAMPS,Hamps Bio Ltd
NACDAC,Nacdac Infrastructure Ltd
SANATHAN,Sanathan Textiles Ltd
CEWATER,Concord Enviro Systems Ltd
DAMCAPITAL,Dam Capital Advisors Ltd
TRANSRAILL,Transrail Lighting Ltd
MAMATA,Mamata Machinery Ltd
SENORES,Senores Pharmaceuticals Ltd
CARRARO,Carraro India Ltd
VENTIVE,Ventive Hospitality Ltd
UNIMECH,Unimech Aerospace And Manufacturing Ltd
CONSUMER,Mirae Asset Nifty India New Age Consumption Etf
CITICHEM,Citichem India Ltd
ITCHOTELS,Itc Hotels Ltd
ECAPINSURE,Edelweiss Bse Capital Markets & Insurance Etf
TECHNICHEM,Technichem Organics Ltd
INDOFARM,Indo Farm Equipment Ltd
VANDU,Leo Dryfruits & Spices Trading Ltd
PARMESHWAR,Parmeshwar Metal Ltd
DAVIN,Davin Sons Retail Ltd
FABCLEAN,Fabtech Technologies Cleanrooms Ltd
SETL,Standard Engineering Technology Ltd
INDOBELL,Indobell Insulations Ltd
BRGIL,B.R.Goyal Infrastructure Ltd
QUADFUTURE,Quadrant Future Tek Ltd
AVAX,Avax Apparels And Ornaments Ltd
CAPINVIT,Capital Infra Trus
LAXMIDENTL,Laxmi Dental Ltd
RIKHAV,Rikhav Securities Ltd
LGLL,Landmark Global Learning Ltd
STALLION,Stallion India Fluorochemicals Ltd
CNINFOTECH,Capitalnumbers Infotech Ltd
SHRIPISTON,Shriram Pistons & Rings Ltd
DENTA,Denta Water And Infra Solutions Ltd
RRECL,Rdb Real Estate Constructions Ltd
CLN,Cln Energy Ltd
GBLOGISTIC,Gb Logistics Commerce Ltd
HMEML,H.M. Electro Mech Ltd
AGARWALEYE,Dr. Agarwals Health Care Ltd
MALPANI,Malpani Pipes And Fittings Ltd
NEXT30ADD,Dsp Bse Sensex Next 30 Etf
AMWILL,Amwill Health Care Ltd
SOLARIUM,Solarium Green Energy Ltd
JUBLCPL,Jubilant Agri And Consumer Products Ltd
AJAXENGG,Ajax Engineering Ltd
COVANCE,Covance Softsol Ltd
HEXT,Hexaware Technologies Ltd
UNIONGOLD,Union Gold Etf
BAJAJINDEF,Indef Manufacturing Ltd
SHANMUGA,Shanmuga Hospital Ltd
LKMEHTA,L.K.Mehta Polymers Ltd
QPOWER,Quality Power Electrical Equipments Ltd
SWASTH,Swasth Foodtech India Ltd
BEEZAASAN,Beezaasan Explotech Ltd
NUKLEUS,Nukleus Office Solutions Ltd
VIKRAMAR,Vikram Aroma Ltd
SHREENATH,Shreenath Paper Products Ltd
NAPSGLOBAL,Naps Global India Ltd
ROADSTAR,Roadstar Infra Investment Trust
GOLD360,360 One Gold Etf
SELECTIPO,Mirae Asset Bse Select Ipo Etf
EQUAL200,Mirae Asset Bse 200 Equal Weight Etf
PSPL,Pdp Shipping & Projects Ltd
PRABHA,Prabha Energy Ltd
CASHIETF,Icici Prudential Bse Liquid Rate Etf - Growth
SUPERIRON,Super Iron Foundry Ltd
AXISVALUE,Axis Nifty500 Value 50 Etf
PPARIVAH,Paradeep Parivahan Ltd
SILVERCASE,Zerodha Silver Etf
SBIBPB,Sbi Bse Psu Bank Etf
SPECTRUM,Spectrum Electrical Industries Ltd
DESCO,Desco Infratech Ltd
IDENTIXWEB,Identixweb Ltd
SILVER360,360 One Silver Etf
ENRIN,Siemens Energy India Ltd
RETAGGIO,Retaggio Industries Ltd
SPINAROO,Spinaroo Commercial Ltd
INFONATIVE,Infonative Solutions Ltd
EVIETF,Icici Prudential Nifty Ev & New Age Automotive Etf
STLNETWORK,Stl Networks Ltd
NPST,Network People Services Technologies Ltd
ATHERENERG,Ather Energy Ltd
KENRIK,Kenrik Industries Ltd
SRIGEE,Srigee Dlm Ltd
MANOJJEWEL,Manoj Jewellers Ltd
EQUAL50,Mirae Asset Nifty50 Equal Weight Etf
JASH,Jash Engineering Ltd
ABLBL,Aditya Birla Lifestyle Brands Ltd
BORANA,Borana Weaves Ltd
BELRISE,Belrise Industries Ltd
UNIFIED,Unified Data Tech Solutions Ltd
AEGISVOPAK,Aegis Vopak Terminals Ltd
THELEELA,Leela Palaces Hotels & Resorts Ltd
ASTONEALAB,Astonea Labs Ltd
PROSTARM,Prostarm Info Systems Ltd
SCODATUBES,Scoda Tubes Ltd
3BFILMS,3B Films Ltd
DIGITIDE,Digitide Solutions Ltd
BLUSPRING,Bluspring Enterprises Ltd
SNXT30BEES,Nippon India Bse Sensex Next 30 Etf
KRISHIVAL,Krishival Foods Ltd
ATENPAPERS,Aten Papers & Foam Ltd
OSWALPUMPS,Oswal Pumps Ltd
ARIS,Arisinfra Solutions Ltd
RAYMONDREL,Raymond Realty Ltd
ELLEN,Ellenbarrie Industrial Gases Ltd
ABRFL,Abram Food Ltd
KALPATARU,Kalpataru Ltd
GLOBECIVIL,Globe Civil Projects Ltd
AJCJEWEL,Ajc Jewel Manufacturers Ltd
ICON,Icon Facilitators Ltd
TOP15IETF,Icici Prudential Nifty Top 15 Equal Weight Etf
SEVL,Supertech Ev Ltd
HDBFS,Hdb Financial Services Ltd
SAMBHV,Sambhv Steel Tubes Ltd
ACEALPHA,Ace Alpha Tech Ltd
IGCL,Indogulf Cropsciences Ltd
VALINDIA,Valencia India Ltd
NEETUYOSHI,Neetu Yoshi Ltd
ADCOUNTY,Adcounty Media India Ltd
VANDAN,Vandan Foods Ltd
MARCLOIRE,Marc Loire Fashions Ltd
INTERNET,Mirae Asset Nifty India Internet Etf
CRIZAC,Crizac Ltd
CRYOGENIC,Cryogenic Ogs Ltd
METAINFO,Meta Infotech Ltd
CHEMKART,Chemkart India Ltd
TRAVELFOOD,Travel Food Services Ltd
GLEN,Glen Industries Ltd
APL,Asston Pharmaceuticals Ltd
ADVENTHTL,Advent Hotels International Ltd
SMARTWORKS,Smartworks Coworking Spaces Ltd
PASHUPATI,Pashupati Cotspin Ltd
ANTHEM,Anthem Biosciences Ltd
CHEMBONDCH,Chembond Chemicals Ltd
MONIKA,Monika Alcobev Ltd
SWASTIKAAL,Swastika Castal Ltd
MSECL,Monarch Surveyors And Engineering Consultants Ltd
INDIQUBE,Indiqube Spaces Ltd
EBGNG,Gng Electronics Ltd
RMDRIP,R M Drip And Sprinklers Systems Ltd
BRIGHOTEL,Brigade Hotel Ventures Ltd
SHREEREF,Shree Refrigerations Ltd
SHANTIGOLD,Shanti Gold International Ltd
PATELCHEM,Patel Chem Specialities Ltd
EUROBOND,Euro Panel Products Ltd
PSTITANIA,Propshare Titania Sm Reit - Ipo (Second Scheme Of The Property Share Investment Trust)
REPONO,Repono Ltd
UML,Umiya Mobile Ltd
LAXMIINDIA,Laxmi India Finance Ltd
CPPLUS,Aditya Infotech Ltd
NSDL,National Securities Depository Ltd
BDI,B. D. Industries (Pune) Ltd
LOTUSDEV,Sri Lotus Developers And Realty Ltd
MBEL,M & B Engineering Ltd
TAKYON,Takyon Networks Ltd
MEHUL,Mehul Colours Ltd
GROWWPOWER,Groww Bse Power Etf
BLT,Blt Logistics Ltd
ESSEX,Essex Marine Ltd
JSLL,Jeena Sikho Lifecare Ltd
HILINFRA,Highway Infrastructure Ltd
SBILIQETF,Sbi Nifty 1D Rate Liquid Etf- Growth
ALLTIME,All Time Plastics Ltd
JSWCEMENT,Jsw Cement Ltd
KRT,Knowledge Realty Trust
STARIMAGIN,Star Imaging And Path Lab Ltd
ICODEX,Icodex Publishing Solutions Ltd
BLUESTONE,Bluestone Jewellery And Lifestyle Ltd
REGAAL,Regaal Resources Ltd
LTGILTCASE,Zerodha Nifty 8-13 Yr G-Sec Etf
PATELRMART,Patel Retail Ltd
VIKRAMSOLR,Vikram Solar Ltd
LGT,Lgt Business Connextions Ltd
SHREEJISPG,Shreeji Shipping Global Ltd
GEMAROMA,Gem Aromatics Ltd
MEIL,Mangal Electrical Industries Ltd
MANUFGBEES,Nippon India Nifty India Manufacturing Etf
GLOBTIER,Globtier Infotech Ltd
NISMGMT,Nis Management Ltd
VIKRAN,Vikran Engineering Ltd
AHCL,Anlon Healthcare Ltd
OVAL,Oval Projects Engineering Ltd
CPEDU,Career Point Edutech Ltd
ABRIL,Abril Paper Tech Ltd
SUGSLLOYD,Sugs Lloyd Ltd
AMANTA,Amanta Healthcare Ltd
RACHIT,Rachit Prints Ltd
GOELCONS,Goel Construction Company Ltd
AUSTERE,Austere Systems Ltd
SHARVAYA,Sharvaya Metals Ltd
SML100CASE,Zerodha Nifty Smallcap 100 Etf
VASHISHTHA,Vashishtha Luxury Fashion Ltd
KRUPALU,Krupalu Metals Ltd
NCML,Nilachal Carbo Metalicks Ltd
KARBON,Karbonsteel Engineering Ltd
SHRINGARMS,Shringar House Of Mangalsutra Ltd
DEVX,Dev Accelerator Ltd
CITYSQUARE,Jay Ambe Supermarkets Ltd
URBANCO,Urban Company Ltd
AIRFLOA,Airfloa Rail Technology Ltd
BUILDPRO,Shankara Buildpro Ltd
LTELEVATOR,L. T. Elevator Ltd
EUROPRATIK,Euro Pratik Sales Ltd
SAMPAT,Sampat Aluminium Ltd
VMSTMT,Vms Tmt Ltd
ABCOTS,A B Cotspin India Ltd
IVALUE,Ivalue Infosolutions Ltd
JDCABLES,Jd Cables Ltd
GKENERGY,Gk Energy Ltd
SAATVIKGL,Saatvik Green Energy Ltd
ATLANTAELE,Atlanta Electricals Ltd
GANESHCP,Ganesh Consumer Products Ltd
APPL,Aptus Pharma Ltd
ARSSBL,Anand Rathi Share And Stock Brokers Ltd
TRUECOLORS,True Colors Ltd
SOLARWORLD,Solarworld Energy Solutions Ltd
STYL,Seshaasai Technologies Ltd
JARO,Jaro Institute Of Technology Management And Research Ltd
BHARATROHAN,Bharatrohan Airborne Innovations Ltd
WEALTH,Wealth First Portfolio Managers Ltd
JAINREC,Jain Resource Recycling Ltd
PRARUH,Praruh Technologies Ltd
SOLVEX,Solvex Edibles Ltd
EPACKPEB,Epack Prefab Technologies Ltd
SYSTEMATIC,Systematic Industries Ltd
JUSTO,Justo Realfintech Ltd
BMWVENTLTD,Bmw Ventures Ltd
TELGE,Telge Projects Ltd
TRUALT,Trualt Bioenergy Ltd
CHTR,Chatterbox Technologies Ltd
JKIPL,Jinkushal Industries Ltd
GPAPL,Gujarat Peanut And Agri Products Ltd
EARKART,Earkart Ltd
PACEDIGITK,Pace Digitek Ltd
BHAVIK,Bhavik Enterprises Ltd
RDGAIL,Rukmani Devi Garg Agro Impex Ltd
MPKSTEELS,M P K Steels (I) Ltd
KVSCASTING,Kvs Castings Ltd
AMEENJI,Ameenji Rubber Ltd
DHILLON,Dhillon Freight Carrier Ltd
GLOTTIS,Glottis Ltd
FABTECH,Fabtech Technologies Ltd
OML,Om Metallogic Ltd
SODHACAP,Sodhani Capital Ltd
CHIRAHARIT,Chiraharit Ltd
ADVANCE,Advance Agrolife Ltd
ZELIO,Zelio E Mobility Ltd
OMFREIGHT,Om Freight Forwarders Ltd
VALPLAST,Valplast Technologies Ltd
SUNSKY,Sunsky Logistics Ltd
INFINITY,Infinity Infoway Ltd
ZAPPFRESH,Dsm Fresh Foods Ltd
TMCV,Tata Motors Ltd
WEWORK,Wework India Management Ltd
NSBBPO,Nsb Bpo Solutions Ltd
SKFINDUS,Skf India (Industrial) Ltd
ELIQUID,Edelweiss Nifty 1D Rate Liquid Etf
TATACAP,Tata Capital Ltd
MITTALSTL,Mittal Sections Ltd
LGEINDIA,Lg Electronics India Ltd
WORTHPERI,Worth Peripherals Ltd
RUBICON,Rubicon Research Ltd
ANANTAM,Anantam Highways Trust
CRAMC,Canara Robeco Asset Management Company Ltd
FLEXIADD,Dsp Nifty500 Flexicap Quality 30 Etf
SHLOKKA,Shlokka Dyes Ltd
CANHLIFE,Canara Hsbc Life Insurance Company Ltd
SKM,Sk Minerals & Additives Ltd
SIHORA,Sihora Industries Ltd
NIFTYCASE,Zerodha Nifty 50 Etf
MIDWESTLTD,Midwest Ltd
MHLSRG,Sbi Mutual Fund
MHLSRD,Sbi Mutual Fund
MHLSRDR,Sbi Mutual Fund
MHLSDG,Sbi Mutual Fund
MHLSDD,Sbi Mutual Fund
MHLSDDR,Sbi Mutual Fund
TRADEUNO,Game Changers Texfab Ltd
ORKLAINDIA,Orkla India Ltd
SAFECURE,Safecure Services Ltd
PIRAMALFIN,Piramal Finance Ltd
ACCURACY,Accuracy Shipping Ltd
STUDDS,Studds Accessories Ltd
LENSKART,Lenskart Solutions Ltd
CHOICEGOLD,Choice Gold Etf
GROWW,Billionbrains Garage Ventures Ltd
ENERGY,Mirae Asset Nifty Energy Etf
SMALL250,Mirae Asset Nifty Smallcap 250 Etf
PINELABS,Pine Labs Ltd
SHTL,Shining Tools Ltd
EMMVEE,Emmvee Photovoltaic Power Ltd
PWL,Physicswallah Ltd
WORKMATES,Workmates Core2Cloud Solution Ltd
MAHALIFE,Mahamaya Lifesciences Ltd
TENNIND,Tenneco Clean Air India Ltd
UTLSOLAR,Fujiyama Power Systems Ltd
CAPILLARY,Capillary Technologies India Ltd
KSR,Ksr Footwear Ltd
GALLARD,Gallard Steel Ltd
EXCELSOFT,Excelsoft Technologies Ltd
ESENSEX,Edelweiss Bse Sensex Etf
SUDEEPPHRM,Sudeep Pharma Ltd
MSCIADD,Msciadd
SSMD,Ssmd Agrotech India Ltd
KWIL,Kwality Walls (India) Ltd
MNFL,Mother Nutri Foods Ltd
KKSILK,K K Silk Mills Ltd
LOGICIEL,Logiciel Solutions Ltd
EXATO,Exato Technologies Ltd
PURPLEWAVE,Purple Wave Infocom Ltd
ASTRONMULT,Astron Multigrain Ltd
RAVEL,Ravelcare Ltd
HELLOJI,Helloji Holidays Ltd
CNL,Creative Newtech Ltd
MEESHO,Meesho Ltd
VIDYAWIRES,Vidya Wires Ltd
AEQUS,Aequs Ltd
LUXURY,Luxury Time Ltd
WOSAL,Western Overseas Study Abroad Ltd
METHODHUB,Methodhub Software Ltd
GOLDBND,Bandhan Gold Etf
SILVERBND,Bandhan Silver Etf
RDEL,Riddhi Display Equipments Ltd
KVTOYS,K. V. Toys India Ltd
WAKEFIT,Wakefit Innovations Ltd
PRODOCS,Prodocs Solutions Ltd
CORONA,Corona Remedies Ltd
PARKHOSPS,Park Medi World Ltd
SHIPWAVES,Shipwaves Online Ltd
NEPHROPLUS,Nephrocare Health Services Ltd
UNISEM,Unisem Agritech Ltd
TSIFDG,Titanium Hybrid Long-Short Fund Direct Plan Growth
TSIFDIR,Titanium Hybrid Long-Short Fund Direct Plan Idcw Reinvestment
TSIFRG,Titanium Hybrid Long-Short Fund Regular Plan Growth
TSIFRIP,Titanium Hybrid Long-Short Fund Regular Plan Idcw Payout
TSIFRIR,Titanium Hybrid Long-Short Fund Regular Plan Idcw Reinvestment
SMALLADD,Dsp Nifty Smallcap 250 Etf
MIDCAPADD,Dsp Nifty Midcap 150 Etf
HRS,Hrs Aluglaze Ltd
PAJSON,Pajson Agro India Ltd
ICICIAMC,Icici Prudential Asset Management Company Ltd
STANBIK,Stanbik Agro Ltd
TOP20,Mirae Asset Nifty Top 20 Equal Weight Etf
DIVIDEND,Mirae Asset Bse 500 Dividend Leaders 50 Etf
SIMANDHAR,Simandhar Impex Ltd
NEPLOG,Neptune Logitek Ltd
KSHINTL,Ksh International Ltd
GLOBALLOG,Global Ocean Logistics India Ltd
GKSL,Gujarat Kidney And Super Speciality Ltd
DACHEPALLI,Dachepalli Publishers Ltd
NANTA,Nanta Tech Ltd
ADMACH,Admach Systems Ltd
BAIKAKAJI,Bai-Kakaji Polymers Ltd
ATIL,Apollo Techno Industries Ltd
TWCGOLDETF,The Wealth Company Gold Etf
MDRC,Modern Diagnostic & Research Centre Ltd
NEXT50ADD,Dsp Nifty Next 50 Etf
GTIL,Gabion Technologies India Ltd
YAJUR,Yajur Fibres Ltd
DEFRAIL,Defrail Technologies Ltd
BHARATCOAL,Bharat Coking Coal Ltd
AMAGI,Amagi Media Labs Ltd
NARMADESH,Narmadesh Brass Industries Ltd
INDOSMC,Indo Smc Ltd
GRERENEW,Gre Renew Enertech Ltd
ARITAS,Aritas Vinyl Ltd
DIGILOGIC,Digilogic Systems Ltd
SHADOWFAX,Shadowfax Technologies Ltd
SHAYONAENG,Shayona Engineering Ltd
HANNAH,Hannah Joseph Hospital Ltd
KASTURI,Kasturi Metal Composite Ltd
ARSIFHRG,Arudha Hybrid Long- Short Fund Regular Plan-Growth
ARSIFHRMD,Arudha Hybrid Long- Short Fund Regular Plan-Monthly Idcw
ARSIFHDG,Arudha Hybrid Long- Short Fund Direct Plan-Growth
ARSIFHRHD,Arudha Hybrid Long- Short Fund Direct Plan-Half Yearly Idcw
KANISHK,Kanishk Aluminium India Ltd
ANL,Accretion Nutraveda Ltd
MSAFE,Msafe Equipments Ltd
ISIFHLSG,Isif Hybrid Long-Short Fund - Growth
ISIFHLSDG,Isif Hybrid Long-Short Fund - Direct Plan - Growth
PANHR,Pan Hr Solution Ltd
AYE,Aye Finance Ltd
FRACTAL,Fractal Analytics Ltd
HEALTHCARE,Mirae Asset Nifty 500 Healthcare Etf
DCMSIL,Dcm Shriram International Ltd
DSFCL,Dcm Shriram Fine Chemicals Ltd
INFRA,Mirae Asset Nifty India Infrastructure & Logisticsetf
DEFENCE,Mirae Asset Bse India Defence Etf
ABSLMSCIN,Aditya Birla Sun Life Msci India Etf
FIL,Fractal Industries Ltd
YASHHTEJ,Yashhtej Industries (India) Ltd
GAUDIUMIVF,Gaudium Ivf And Women Health Ltd
ACCORDTS,Accord Transformer & Switchgear Ltd
KIAASA,Kiaasa Retail Ltd
AXISFMP129,Axis Fixed Maturity Plan - Series 129 (108 Days)Direct Idcw Payout
AXISDGG129,Axis Fixed Maturity Plan - Series 129 (108 Days)Direct Growth
AXISRGG129,Axis Fixed Maturity Plan - Series 129 (108 Days)Regular Growth
AXISRGD129,Axis Fixed Maturity Plan - Series 129 (108 Days)Regular Idcw Payout
SRTL,Shree Ram Twistex Ltd
CLEANMAX,Clean Max Enviro Energy Solutions Ltd
PNGSREVA,Pngs Reva Diamond Jewellery Ltd
ABSL10BANK,Aditya Birla Sun Life Bse Top 10 Banks Etf
OMNI,Omnitech Engineering Ltd
GROWWHOSPI,Groww Bse Hospitals Etf
SBIMIDMOM,Sbi Nifty Midcap 150 Momentum 50 Etf
SEDEMAC,Sedemac Mechatronics Ltd
ELFIN,Elfin Agro India Ltd
BANK10ADD,Dsp Bse Top 10 Banks Etf
KOTYARK,Kotyark Industries Ltd
AXISDGD130,Axis Mutual Fund
AXISDGG130,Axis Mutual Fund
AXISRGG130,Axis Mutual Fund
AXISRGD130,Axis Mutual Fund
RSL,Rajputana Stainless Ltd
INNOVISION,Innovision Ltd
GSPCROP,Gsp Crop Science Ltd
RIIT,Raajmarg Infra Investment Trust
NOVUS,Novus Loyalty Ltd
HSBCGOLD,Hsbc Gold Etf
VALUE,Mirae Asset Nifty 500 Value 50 Etf
SPML,Speciality Medicines Ltd
CMPDI,Central Mine Planning & Design Institute Ltd
TIPCO,Tipco Engineering India Ltd
HIGHNESS,Highness Microelectronics Ltd
SAIPARENT,Sai Parenterals Ltd
AMIRCHAND,Amir Chand Jagdish Kumar (Exports) Ltd
POWERICA,Powerica Ltd
SBINMID150,Sbi Nifty Midcap 150 Etf
SCDL,Safety Controls & Devices Ltd
EMIAC,Emiac Technologies Ltd
ONEPOINT,One Point One Solutions Ltd
ARSIFHDAD,Arudha Hybrid Long- Short Fund Direct Plan-Annual Idcw
OMPOWER,Om Power Transmission Ltd
MTL,Mehul Telecom Ltd
PSCELESTIA,Propshare Celestia
CITIUSINVT,Citius Transnet Investment Trust
SENSEXIETF,Icici Prudential Bse Sensex Etf
FELDVR,Future Enterprises Ltd_Dvr
JISLDVREQS,Jain Irrigation Systems Ltd_Dvr
GATECHDVR,Gacm Technologies Ltd
KARURVYSYA,Karur Vysya Bank Ltd
VEEDOL,Veedol Corporation Ltd
AMRUTANJAN,Amrutanjan Health Care Ltd
XPROINDIA,Xpro India Ltd
HISARMETAL,Hisar Metal Industries Ltd
BHARATRAS,Bharat Rasayan Ltd
EASTSILK,Eastern Silk Industries Ltd
FACT,Fertilizers And Chemicals Travancore Ltd
GINNIFILA,Ginni Filaments Ltd
SPIC,Southern Petrochemicals Industries Corporation Ltd
DENORA,De Nora India Ltd
KAVDEFENCE,Kavveri Defence & Wireless Technologies Ltd
SAKSOFT,Saksoft Ltd
SALONA,Salona Cotspin Ltd
EQUIPPP,Equippp Social Impact Technologies Ltd
ANDHRSUGAR,Andhra Sugars Ltd
IMPAL,India Motor Parts & Accessories Ltd
KCP,Kcp Ltd
KHAITANLTD,Khaitan (India) Ltd
RADAAN,Radaan Mediaworks India Ltd
SUNDARMFIN,Sundaram Finance Ltd
SUNDRMBRAK,Sundaram Brake Linings Ltd
WHEELS,Wheels India Ltd
LAMBODHARA,Lambodhara Textile Ltd
MAITHANALL,Maithan Alloys Ltd
ORISSAMINE,Orissa Minerals Development Company Ltd
GOLDBEES,Nippon India Etf Gold Bees
LIQUIDBEES,Nippon India Etf Nifty 1D Rate Liquid Bees
GOLD1,Kotak Mahindra Mutual Fund - Kotak Gold Exchange Traded Fund
SETFGOLD,Sbi Mutual Fund - Sbi Gold Exchange Traded Scheme - Growth Option
QGOLDHALF,Quantum Gold Fund - Exchange Traded Fund (Etf)
GOLDBETA,Uti Mutual Fund - Uti Gold Exchange Traded Fund
NIFTYBEES,Nippon India Etf Nifty 50 Bees
JUNIORBEES,Nippon India Etf Nifty Next 50 Junior Bees
BANKBEES,Nippon India Etf Nifty Bank Bees
PSUBANK,Kotak Nifty Psu Bank Etf
PSUBNKBEES,Nippon India Etf Nifty Psu Bank Bees
SHARIABEES,Nippon India Etf Nifty 50 Shariah Bees
QNIFTY,Quantum Nifty 50 Etf
HNGSNGBEES,Nippon India Etf Hang Seng Bees
MOM50,Motilal Oswal Nifty 50 Etf
MADRASFERT,Madras Fertilizers Ltd
BANKNIFTY1,Kotak Nifty Bank Etf
SETFNIFBK,Sbi-Etf Nifty Bank
SETFNIF50,Sbi-Etf Nifty 50
LIQUID1,Kotak Nifty 1D Rate Liquid Etf
TATAGOLD,Tata Mutual Fund - Permitted
ITBEES,Nippon India Etf Nifty It
PHARMABEES,Nippon India Nifty Pharma Etf
LTGILTBEES,Nippon India Etf Nifty 8 13 Yr G Sec Longterm Gilt
MID150BEES,Nippon India Etf Nifty Midcap 150
SILVERBEES,Nippon-India-Silver-Etf
MOGOLD,Motilal Oswal Gold Etf
MOSILVER,Motilal Oswal Silver Etf
MOSMALL250,Motilal Oswal Nifty Smallcap 250 Etf
MOCAPITAL,Motilal Oswal Nifty Capital Market Etf
MOREALTY,Motilal Oswal Nifty Realty Etf
MOMENTUM50,Motilal Oswal Nifty 500 Momentum 50 Etf
MODEFENCE,Motilal Oswal Nifty India Defence Etf
MONIFTY500,Motilal Oswal Nifty 500 Etf
ALPHA,Kotak Nifty Alpha 50 Etf
AARTISURFP,Aarti Surfactants Ltd
VALIANTOCPS,Valiant Organics Ltd
1606ILFS21,Infrastructure Leasing & Financial Services Ltd
1606ILF21A,Infrastructure Leasing & Financial Services Ltd
1599ILFS21,Infrastructure Leasing & Financial Services Ltd
1646ILF22A,Infrastructure Leasing & Financial Services Ltd
1646ILF22F,Infrastructure Leasing & Financial Services Ltd
1646ILFS22,Infrastructure Leasing & Financial Services Ltd
1646IL22A,Infrastructure Leasing & Financial Services Ltd
1646ILF22B,Infrastructure Leasing & Financial Services Ltd
1646ILF22C,Infrastructure Leasing & Financial Services Ltd
1646ILF22D,Infrastructure Leasing & Financial Services Ltd
1PSL35,Premier Synthetics Ltd
TVSMNCRPS,Tvs Motor Company Ltd
NABARD9120,Nabard-27-1-2020-Cp
KMIL6525,Kotak Mahindra Investments Ltd
KMPL70525,Kotak Mahindra Prime Ltd
BFL060525,Bajaj Finance Ltd
NCSL7525,Nuvama Clearing Services Ltd
BFL7525,Bajaj Finance Ltd
BFL8525,Bajaj Finance Ltd
BFL14525,Bajaj Finance Ltd
AXFL19525,Axis Finance Ltd
BGHP220525,Birla Group Holdings Pvt Ltd
AHFL22525,Aadhar Housing Finance Ltd
MFL220525A,Manappuram Finance Ltd
BGHP230525,Birla Group Holdings Pvt Ltd
SCCL26525,Standard Chartered Capital Ltd
MFL230525,Muthoot Fincorp Ltd
IFPL230525,Infina Finance Pvt Ltd
SCCL260525,Standard Chartered Capital Ltd
BFL260525,Bajaj Finance Ltd
UCL290525,Ugro Capital Ltd
IT040625,Interise Trust
ICFL060625,Indostar Capital Finance Ltd
KMIL100625,Kotak Mahindra Investments Ltd
AFL170625,Afl-17-6-26-Cp
NWIL170625,Nwil-16-6-26-Cp
BFL18625,Bfl-18-6-26-Cp
BFL190625,Bajaj Finance Ltd
MFL240625,Muthoot Fincorp Ltd
BFL260625,Bfl-26-06-26-Cp
CFSL010725,Credila Financial Services Ltd
MOFSL2725A,Motilal Oswal Financial Services Ltd
MOFSL2725B,Motilal Oswal Financial Services Ltd
MOFL2725,Motilal Oswal Finvest Ltd
MOFL20725,Motilal Oswal Finvest Ltd
MOFL020725,Motilal Oswal Finvest Ltd
MOFSL3725,Motilal Oswal Financial Services Ltd
TFL04725,Truhome Finance Ltd
MOHFL7725,Motilal Oswal Home Finance Ltd
MML8725,Muthoot Mcred Ltd
MFL14725,Muthoot Fincorp Ltd
MML140725,Muthoot Mcred Ltd
KMIL150725,Kotak Mahindra Investments Ltd
BFL15725,Bajaj Finance Ltd
RECL150725,Rec Ltd
KMPL16725,Kotak Mahindra Prime Ltd
KMP160725,Kotak Mahindra Prime Ltd
BFL160725,Bajaj Finance Ltd
MML170725,Muthoot Mcred Ltd
BFL170725,Bajaj Finance Ltd
MBPR210725,Mindspace Business Parks Reit
BFL22725,Bajaj Finance Ltd
MFL240725,Manappuram Finance Ltd
MFL290725,Muthoot Fincorp Ltd
SCSIL31725,Standard Chartered Securities (India) Ltd
KSL31725,Krazybee Services Ltd
JBCIPL8825,Julius Baer Capital (India) Pvt Ltd
MML13825,Muthoot Microfin Ltd
GHFL13825,Gic Housing Finance Ltd
SCSIL14825,Standard Chartered Securities (India) Ltd
MFL180825,Manappuram Finance Ltd
NFL19825,Navi Finserv Ltd
KMPL21825A,Kotak Mahindra Prime Ltd
IFPL220825,Infina Finance Pvt Ltd
KMPL26825,Kotak Mahindra Prime Ltd
BHFL26825,Bajaj Housing Finance Ltd
ARFL26825,Arka Fincap Ltd
BBTC100925,Bombay Burmah Trading Corpn Ltd
BBT100925,Bombay Burmah Trading Corpn Ltd
JBCIP17925,Julius Baer Capital (India) Pvt Ltd
SCSI160925,Standard Chartered Securities (India) Ltd
IFPL180925,Infina Finance Pvt Ltd
JBC23925,Julius Baer Capital (India) Pvt Ltd
MML23925,Muthoot Mcred Ltd
BBTCL23925,Bombay Burmah Trading Corpn Ltd
MRHF240925,Mahindra Rural Housing Finance Ltd
MRH240925,Mahindra Rural Housing Finance Ltd
PFL24925,Poonawalla Fincorp Ltd
HCI30925,Hari And Company Investments Madras Private Ltd
SCCL031025,Sccl-11-6-26-Cp
MAFS031025,Mafspl-12-6-26-Cp
BBTC71025,Bombay Burmah Trading Corpn Ltd
MML081025,Muthoot Mcred Ltd
KMPL161025,Kmpl-7-9-26-Cp
KMP161025,Kmpl-8-5-26-Cp
SCCL171025,Standard Chartered Capital Ltd
EOPR161025,Embassy Office Parks Reit
NFL171025A,Navi Finserv Ltd
KMIL201025,Kotak Mahindra Investments Ltd
KMPL231025,Kmpl-28-8-26-Cp
HCI241025,Hari And Company Investments Madras Private Ltd
SCCL271025,Standard Chartered Capital Ltd
NWIL281025,Nuvama Wealth And Investment Ltd
SCCL291025,Standard Chartered Capital Ltd
NWML291025,Nuvama Wealth Management Ltd
OPL291025,Opl-29-5-26-Cp
OPL291025A,Opl-2-6-26-Cp
TIAP311025,Trust Investment Advisors Pvt Ltd
IFPL301025,Infina Finance Pvt Ltd
IFP301025,Infina Finance Pvt Ltd
MFL311025,Manappuram Finance Ltd
MFL031125,Muthoot Fincorp Ltd
360OP31125,360 One Prime Ltd
360O031125,360 One Prime Ltd
360P031125,360 One Prime Ltd
OWL031125,360 One Wam Ltd
OWL031125A,360 One Wam Ltd
UCL041125,Ugro Capital Ltd
BFL41125,Bajaj Finance Ltd
MFL041125,Muthoot Fincorp Ltd
NWML71125,Nuvama Wealth Management Ltd
BFL61125,Bajaj Finance Ltd
MFL061125,Manappuram Finance Ltd
ECLF71125,Ecl Finance Ltd
JBCI101125,Jbci-10-6-26-Cp
MFL101125,Muthoot Fincorp Ltd
AEL111125,Adani Enterprises Ltd
ECLF111125,Ecl Finance Ltd
ECL111125,Ecl Finance Ltd
MFL121125,Manappuram Finance Ltd
TBBT121125,The Bombay Burmah Trading Corporation Ltd
NFL121125,Navi Finserv Ltd
NFL121125A,Navi Finserv Ltd
BFL121125,Bajaj Finance Ltd
SCC141125,Standard Chartered Capital Ltd
MML141125,Muthoot Microfin Ltd
DFP141125,Dsp Finance Pvt Ltd
OPAL141125,Ongc Petro Additions Ltd
SCCL181125,Standard Chartered Capital Ltd
360W181125,360 One Wam Ltd
IFPL181125,Infina Finance Pvt Ltd
MFL191125,Muthoot Fincorp Ltd
IFPL191125,Infina Finance Pvt Ltd
TIAP201125,Trust Investment Advisors Pvt Ltd
MML201125,Muthoot Mcred Ltd
IFPL201125,Infina Finance Pvt Ltd
KMPL211125,Kotak Mahindra Prime Ltd
SCCL211125,Standard Chartered Capital Ltd
SCN211125,Satin Creditcare Network Ltd
NCS211125,Nuvama Custodial Services Ltd
NWIL241125,Nuvama Wealth And Investment Ltd
OWL241125,360 One Wam Ltd
MFL261125,Manappuram Finance Ltd
NFL281125,Navi Finserv Ltd
AEL281125,Ael-27-11-26-Cp
CGCL021225,Capri Global Capital Ltd
AEL21225,Adani Enterprises Ltd
JBC031225,Julius Baer Capital (India) Pvt Ltd
OWL31225,360 One Wam Ltd
MFL031225,Manappuram Finance Ltd
MFL031225B,Muthoot Fincorp Ltd
IFPL041225,Infina Finance Pvt Ltd
UCL51225,Ugro Capital Ltd
IFSL091225,Incred Financial Services Ltd
KMPL101225,Kmpl-24-11-26-Cp
KMP101225,Kmpl-9-12-26-Cp
MRHF121225,Mahindra Rural Housing Finance Ltd
SCSL121225,Standard Chartered Securities (India) Ltd
KSL111225,Krazybee Services Ltd
KMIL151225,Kotak Mahindra Investments Ltd
IFP151225,Infina Finance Pvt Ltd
VIT151225,Vertis Infrastructure Trust
NFL161225,Navi Finserv Ltd
HCI161225,Hari And Company Investments Madras Private Ltd
AFL171225,Axis Finance Ltd
ECLF171225,Ecl Finance Ltd
AFSL171225,Avanse Financial Services Ltd
OFSL171225,Oxyzo Financial Services Ltd
NFL181225,Navi Finserv Ltd
MFL181225,Muthoot Fincorp Ltd
CGCL191225,Capri Global Capital Ltd
NFL191225,Navi Finserv Ltd
MM191225,Muthoot Mcred Ltd
IFPL191225,Infina Finance Pvt Ltd
HCI191225,Hari And Company Investments Madras Private Ltd
JBC231225,Julius Baer Capital (India) Pvt Ltd
TTL261225,Time Technoplast Ltd
MCSL241225,Muthoot Capital Services Ltd
JBCI261225,Jbcpl-9-7-26-Cp
UCL261225,Ugro Capital Ltd
DSPF261225,Dsp Finance Pvt Ltd
TTL291225,Time Technoplast Ltd
MML291225,Muthoot Mcred Ltd
TTL301225,Time Technoplast Ltd
CGCL311225,Capri Global Capital Ltd
LFL301225,Lendingkart Finance Ltd
BHFL1126,Bajaj Housing Finance Ltd
360OAA2126,360 One Alternates Asset Management Ltd
HCI212026,Hari And Company Investments Madras Private Ltd
KMPL070126,Kotak Mahindra Prime Ltd
JBCIPL7126,Julius Baer Capital (India) Pvt Ltd
MML070126,Muthoot Microfin Ltd
JBC90126,Julius Baer Capital (India) Pvt Ltd
BGHPL9126,Birla Group Holdings Pvt Ltd
IHPL090126,Igh Holdings Pvt Ltd
MML9126,Muthoot Mcred Ltd
ABHF090126,Aditya Birla Housing Finance Ltd
360OAA9126,360 One Alternates Asset Management Ltd
HCI090126,Hari And Company Investments Madras Private Ltd
NFL140126,Navi Finserv Ltd
KMPL16126,Kotak Mahindra Prime Ltd
NFL160126,Navi Finserv Ltd
PFL16126,Poonawalla Fincorp Ltd
THDC16126,Tata Housing Development Company Ltd
KSL16126,Krazybee Services Ltd
EFL160126,Ecl Finance Ltd
OPL190126,360 One Prime Ltd
JBCIP20126,Julius Baer Capital (India) Pvt Ltd
IFPL190126,Infina Finance Pvt Ltd
MFL190126,Muthoot Fincorp Ltd
OAAM20126,360 One Alternates Asset Management Ltd
BGHP210126,Birla Group Holdings Pvt Ltd
NWAL200126,Nuvama Wealth And Investment Ltd
OPL200126,360 One Prime Ltd
360OA21126,360 One Alternates Asset Management Ltd
AEL210126,Adani Enterprises Ltd
MFL220126,Muthoot Fincorp Ltd
OWL220126,360 One Wam Ltd
KSL220126,Krazybee Services Ltd
TTL230126,Time Technoplast Ltd
BGHP230126,Birla Group Holdings Pvt Ltd
BGH230126,Birla Group Holdings Pvt Ltd
BGHPL27126,Birla Group Holdings Pvt Ltd
AEL230126,Adani Enterprises Ltd
JBCL270126,Julius Baer Capital (India) Pvt Ltd
MRHF27126,Mahindra Rural Housing Finance Ltd
NWFL27126,Nuvama Wealth Finance Ltd
TTL28126,Time Technoplast Ltd
OPL270126,360 One Prime Ltd
BFL270126,Bajaj Finance Ltd
NWL270126A,Nuvama Wealth And Investment Ltd
OWL270126,360 One Wam Ltd
BHFL270126,Bajaj Housing Finance Ltd
NWIL280126,Nuvama Wealth And Investment Ltd
PFL28126,Poonawalla Fincorp Ltd
360O29126,360 One Alternates Asset Management Ltd
PIICL30126,Pilani Investment And Industries Corporation Ltd
GDPL290126,Gera Developments Pvt Ltd
HCI29126,Hari And Company Investments Madras Private Ltd
KMPL30126,Kotak Mahindra Prime Ltd
NFL30126,Navi Finserv Ltd
AFL300126,Axis Finance Ltd
TRIL30126,Tata Realty And Infrastructure Ltd
BFL300126,Bajaj Finance Ltd
BGHPL02226,Birla Group Holdings Pvt Ltd
NMIL030226,Network 18 Media & Investments Ltd
PFL020226,Poonawalla Fincorp Ltd
BFL030226,Bajaj Finance Ltd
NWFL030226,Nwfl-5-5-26-Cp
NWF030226,Nwfl-3-2-27-Cp
ABHF030226,Abhfl-5-5-26-Cp
BFL040226,Bajaj Finance Ltd
BGHP50226,Birla Group Holdings Pvt Ltd
NWML040226,Nuvama Wealth Management Ltd
AEL040226,Adani Enterprises Ltd
ECLF40226,Ecl Finance Ltd
IFPL040226,Infina Finance Pvt Ltd
AFSL040226,Avanse Financial Services Ltd
IFP040226,Infina Finance Pvt Ltd
BHFL040226,Bajaj Housing Finance Ltd
SCSL050226,Standard Chartered Securities (India) Ltd
OPL50226,360 One Prime Ltd
BGHP60226,Birla Group Holdings Pvt Ltd
PIICL6226,Pilani Investment And Industries Corporation Ltd
GHFL6226,Godrej Housing Finance Ltd
HCI050226,Hari And Company Investments Madras Private Ltd
ABHFL50226,Aditya Birla Housing Finance Ltd
OAAM050226,360 One Alternates Asset Management Ltd
DFPL050226,Dsp Finance Pvt Ltd
OAAML60226,360 One Alternates Asset Management Ltd
OPL60226,360 One Prime Ltd
OWL060226,360 One Wam Ltd
NWFL060226,Nuvama Wealth Finance Ltd
TPCL090226,Tata Power Co Ltd
NST060226,Nexus Select Trust
KMPL09226,Kotak Mahindra Prime Ltd
MFL06226,Muthoot Fincorp Ltd
NIL060226,Nlc India Ltd
MFL060226,Muthoot Fincorp Ltd
GHFL090226,Godrej Housing Finance Ltd
SCSIL9226,Standard Chartered Securities (India) Ltd
BHFL09226,Bajaj Housing Finance Ltd
BGHPL10226,Bghpl-10-02-27-Cp
JBCIP10226,Jbcipl-12-05-26-Cp
MAFS090226,Mafspl-11-5-26-Cp
IHFC100226,Ihfcl-12-5-26-Cp
BGHP11226,Birla Group Holdings Pvt Ltd
OAAM10226,360 One Alternates Asset Management Ltd
NWIL10226,Nuvama Wealth And Investment Ltd
ABHF10226,Aditya Birla Housing Finance Ltd
NMIL110226,Network 18 Media & Investments Ltd
NMIL100226,Network 18 Media & Investments Ltd
JBC110226,Julius Baer Capital (India) Pvt Ltd
OWL100226,360 One Wam Ltd
ABREL10226,Aditya Birla Real Estate Ltd
TTL110226,Time Technoplast Ltd
AEL100226,Adani Enterprises Ltd
360OP10226,360 One Prime Ltd
ECLF10226,Ecl Finance Ltd
RRVL110226,Reliance Retail Ventures Ltd
NMIL12226,Network 18 Media & Investments Ltd
AKCS110226,Akcapital Services Ltd
JSWEL12229,Jsw Energy Ltd
HCI120226,Hari And Company Investments Madras Private Ltd
HCI120226A,Hari And Company Investments Madras Private Ltd
HCI120226B,Hari And Company Investments Madras Private Ltd
BFSL120226,Bajaj Financial Securities Ltd
TTL130226,Time Technoplast Ltd
RRVL12226,Reliance Retail Ventures Ltd
GHFL13226,Godrej Housing Finance Ltd
NWIL130226,Nuvama Wealth And Investment Ltd
JBCIP13226,Julius Baer Capital (India) Pvt Ltd
N18MI13226,Network 18 Media & Investments Ltd
NWFL12226,Nuvama Wealth Finance Ltd
AFL120226,Axis Finance Ltd
DFPL13226,Dsp Finance Pvt Ltd
NFL130226,Navi Finserv Ltd
NFL13226,Navi Finserv Ltd
IFPL13226,Infina Finance Pvt Ltd
BFSL130226,Bajaj Financial Securities Ltd
IHFC16226,Icici Home Finance Company Ltd
IHP160226,Igh Holdings Pvt Ltd
PFL130226,Poonawalla Fincorp Ltd
MFL130226,Manappuram Finance Ltd
SCSL130226,Standard Chartered Securities (India) Ltd
JBCP160226,Julius Baer Capital (India) Pvt Ltd
DFPL16226,Dsp Finance Pvt Ltd
OPL160226,360 One Prime Ltd
OPL160226A,360 One Prime Ltd
ABHF160226,Aditya Birla Housing Finance Ltd
LTMR17226,L&T Metro Rail (Hyderabad) Ltd
JUPPL17226,Jamnagar Utilities & Power Pvt Ltd
TPCL160226,Tata Power Co Ltd
BFSL160226,Bajaj Financial Securities Ltd
MFL16226,Mfl-18-05-26-Cp
360OA16226,360 One Alternates Asset Management Ltd
BFSL17226,Bajaj Financial Securities Ltd
TBTC170226,The Bombay Burmah Trading Corporation Ltd
OPL170226,360 One Prime Ltd
IHPL180226,Igh Holdings Pvt Ltd
KSL170226,Krazybee Services Ltd
IHFC180226,Icici Home Finance Company Ltd
JBCP180226,Julius Baer Capital (India) Pvt Ltd
BFSL170226,Bfsl-17-6-26-Cp
AAML180226,360 One Alternates Asset Management Ltd
AAML18226,360 One Alternates Asset Management Ltd
OAAM180226,360 One Alternates Asset Management Ltd
OAAM18226,360 One Alternates Asset Management Ltd
DFPL180226,Dsp Finance Pvt Ltd
CFHL180226,Can Fin Homes Ltd
MAFS180226,Mirae Asset Financial Services (India) Pvt Ltd
GHFL180226,Godrej Housing Finance Ltd
RRVL180226,Reliance Retail Ventures Ltd
ABRE180226,Aditya Birla Real Estate Ltd
PFL180226,Poonawalla Fincorp Ltd
GFL180226,Godrej Finance Ltd
OWL180226,360 One Wam Ltd
HCI18226,Hari And Company Investments Madras Private Ltd
IGHHP20226,Igh Holdings Pvt Ltd
PILANI INVE,Pilani Investment And Industries Corporation Ltd
LTMRH20226,L&T Metro Rail (Hyderabad) Ltd
TPCL200226,Tata Power Co Ltd
IHPL200226,Igh Holdings Pvt Ltd
SBISL20226,Sbicap Securities Ltd
SBICA20226,Sbicap Securities Ltd
CICP200226,Cnh Industrial Capital (India) Pvt Ltd
IHFC230226,Icici Home Finance Company Ltd
FFSL20226,Fedbank Financial Services Ltd
RRVL200226,Reliance Retail Ventures Ltd
NFL200226,Navi Finserv Ltd
TSL200226A,Tata Steel Ltd
JBC230226,Julius Baer Capital (India) Pvt Ltd
DFPL200226,Dsp Finance Pvt Ltd
JEL230226,Jsw Energy Ltd
OWL20226,360 One Wam Ltd
OPL20226,360 One Prime Ltd
BHFL23226,Bajaj Housing Finance Ltd
BGHP240226,Birla Group Holdings Pvt Ltd
DFPL230226,Dsp Finance Pvt Ltd
SSL230226,Sbicap Securities Ltd
KIL24226,Kec International Ltd
MAFS23226,Mirae Asset Financial Services (India) Pvt Ltd
OPL230226,360 One Prime Ltd
SBIC24226,Sbicap Securities Ltd
GHF240226,Ghfl-24-02-27-Cp
SL240226,Sharekhan Ltd
IFPL240226,Infina Finance Pvt Ltd
AFL240226,Axis Finance Ltd
GHFL25226,Godrej Housing Finance Ltd
JBCP250226,Julius Baer Capital (India) Pvt Ltd
NWFL240226,Nuvama Wealth Finance Ltd
AIL250226,Aarti Industries Ltd
SBICA25226,Sbi-27-05-26-Cp
AEL240226,Ael-26-5-26-Cp
ABHF240226,Abhfl-23-2-27-Cp
PIIC250226,Piicl-26-5-26-Cp
NFL25226,Navi Finserv Ltd
MFL25226,Muthoot Fincorp Ltd
IHFC26226,Icici Home Finance Company Ltd
HCI250226,Hari And Company Investments Madras Private Ltd
AFL250226,Axis Finance Ltd
AFL250226A,Axis Finance Ltd
OWL250226,360 One Wam Ltd
360OA25226,360 One Alternates Asset Management Ltd
THDC25226,Tata Housing Development Company Ltd
GICHF26226,Gic Housing Finance Ltd
FFSL250226,Fedbank Financial Services Ltd
FFS250226,Fedbank Financial Services Ltd
FFS250226A,Fedbank Financial Services Ltd
SCSL250226,Standard Chartered Securities (India) Ltd
TPCL26226,Tata Power Co Ltd
IGHHP27226,Igh Holdings Pvt Ltd
OPL260226,360 One Prime Ltd
NFL26226,Navi Finserv Ltd
HCI260226,Hari And Company Investments Madras Private Ltd
JBC27226,Julius Baer Capital (India) Pvt Ltd
CGCL270226,Capri Global Capital Ltd
NWIL260226,Nuvama Wealth And Investment Ltd
NWML27226,Nuvama Wealth Management Ltd
HHFL270226,Hinduja Housing Finance Ltd
IHPL020326,Igh Holdings Pvt Ltd
IFSL270226,Incred Financial Services Ltd
AFL270226,Axis Finance Ltd
OWL270226,360 One Wam Ltd
DSPFP27226,Dsp Finance Pvt Ltd
N18MIL2326,Network 18 Media & Investments Ltd
360OA27226,360 One Alternates Asset Management Ltd
PDL270226,Paisalo Digital Ltd
NWFL02326,Nuvama Wealth Finance Ltd
FFSL270226,Fedbank Financial Services Ltd
CFSL2326,Credila Financial Services Ltd
NFL020326,Navi Finserv Ltd
NFL2326,Navi Finserv Ltd
TSL020326,Tata Steel Ltd
FFSL020326,Fedbank Financial Services Ltd
NFL02326,Navi Finserv Ltd
ABHL020326,Aditya Birla Housing Finance Ltd
MFL020326,Manappuram Finance Ltd
BGHP40326,Birla Group Holdings Pvt Ltd
MFL40326,Manappuram Finance Ltd
N18MIL4326,Network 18 Media & Investments Ltd
BFL020326,Bajaj Finance Ltd
MFL20326,Muthoot Fincorp Ltd
IFPL2326,Infina Finance Pvt Ltd
IFPL020326,Infina Finance Pvt Ltd
MAFSPL2326,Mirae Asset Financial Services (India) Pvt Ltd
KECIL2326,Kec International Ltd
FFSL020326A,Fedbank Financial Services Ltd
360OAA4326,360 One Alternates Asset Management Ltd
OWL40326,360 One Wam Ltd
KIL050326,Kec International Ltd
BGHL050326,Birla Group Holdings Pvt Ltd
CFHL040326,Can Fin Homes Ltd
NMIL50326,Network 18 Media & Investments Ltd
IHPL50326,Igh Holdings Pvt Ltd
DFPL50326,Dsp Finance Pvt Ltd
KIL60326,Kec International Ltd
BFL50326,Bajaj Finance Ltd
AAML50326,360 One Alternates Asset Management Ltd
NFL050326,Navi Finserv Ltd
IHFCL6326,Icici Home Finance Company Ltd
CGCL06326,Cgcl-07-09-26-Cp
SL050326,Sl-4-6-26-Cp
MAFS050326,Mafs-5-3-27-Cp
NWIL050326,Nwil-3-3-27-Cp
NWFL5326,Nwfl-04-06-26-Cp
CFSL5326,Cfsl-04-03-27-Cp
TSL60326,Tata Steel Ltd
SSL60326,Sbicap Securities Ltd
JBCIP6326,Julius Baer Capital (India) Pvt Ltd
FFSL6326,Fedbank Financial Services Ltd
LTMR060326,L&T Metro Rail (Hyderabad) Ltd
TRIL060326,Tata Realty And Infrastructure Ltd
KIL90326,Kec International Ltd
NWIL060326,Nuvama Wealth And Investment Ltd
SL060326,Sharekhan Ltd
BGHPL9326,Birla Group Holdings Pvt Ltd
ABHF090326,Aditya Birla Housing Finance Ltd
DFPL060326,Dsp Finance Pvt Ltd
CFHL060326,Can Fin Homes Ltd
DFPL90326,Dsp Finance Pvt Ltd
RRVL90326,Reliance Retail Ventures Ltd
KMPL10326,Kotak Mahindra Prime Ltd
SCSL090326,Standard Chartered Securities (India) Ltd
SCS090326,Standard Chartered Securities (India) Ltd
BGHPL10326,Birla Group Holdings Pvt Ltd
BFL090326,Bajaj Finance Ltd
OAML090326,360 One Alternates Asset Management Ltd
OAAM090326,360 One Alternates Asset Management Ltd
MACM090326,Mirae Asset Capital Markets (India) Pvt Ltd
NWML090326,Nuvama Wealth Management Ltd
CGCL090326,Capri Global Capital Ltd
IFPL09326,Infina Finance Pvt Ltd
THDCL9326,Tata Housing Development Company Ltd
TRIL09326,Tata Realty And Infrastructure Ltd
BFSL09326,Bajaj Financial Securities Ltd
BFSL090326,Bajaj Financial Securities Ltd
NWIL10326,Nuvama Wealth And Investment Ltd
BFSL10326,Bajaj Financial Securities Ltd
SSL100326,Sbicap Securities Ltd
MFL100326,Manappuram Finance Ltd
JBCP100326,Julius Baer Capital (India) Pvt Ltd
JEL100326,Jsw Energy Ltd
NACL11326,Northern Arc Capital Ltd
BGHP11326,Birla Group Holdings Pvt Ltd
BGHPL11326,Birla Group Holdings Pvt Ltd
PIIC110326,Pilani Investment And Industries Corporation Ltd
IHPL100326,Igh Holdings Pvt Ltd
N18MI11326,Network 18 Media & Investments Ltd
IHPL11326,Igh Holdings Pvt Ltd
ABHFL11326,Aditya Birla Housing Finance Ltd
NFL110326,Navi Finserv Ltd
BFSL110326,Bajaj Financial Securities Ltd
RRVL110326,Reliance Retail Ventures Ltd
IHPL120326,Igh Holdings Pvt Ltd
NWML11326,Nuvama Wealth Management Ltd
IHPL12326,Igh Holdings Pvt Ltd
PIICL12326,Pilani Investment And Industries Corporation Ltd
AIL12326,Aarti Industries Ltd
SL11326,Sharekhan Ltd
NWFL110326,Nuvama Wealth Finance Ltd
360OA11326,360 One Alternates Asset Management Ltd
N18MI12326,N18Mil-11-06-26-Cp
FFSL120326,Fedbank Financial Services Ltd
FFSL12326,Fedbank Financial Services Ltd
RRVL120326,Reliance Retail Ventures Ltd
OPL120326,360 One Prime Ltd
BFSL12326,Bajaj Financial Securities Ltd
BGHP12326,Birla Group Holdings Pvt Ltd
BGHPL12326,Birla Group Holdings Pvt Ltd
N18MI13326,Network 18 Media & Investments Ltd
BHFL120326,Bajaj Housing Finance Ltd
SSL120326,Sbicap Securities Ltd
BGHP13326,Birla Group Holdings Pvt Ltd
IHFC13326,Icici Home Finance Company Ltd
GFL130326,Godrej Finance Ltd
DFPL130326,Dsp Finance Pvt Ltd
GHFL130326,Godrej Housing Finance Ltd
NWML130326,Nuvama Wealth Management Ltd
BFSL13326A,Bajaj Financial Securities Ltd
TSL13326,Tata Steel Ltd
SBI13326,Sbicap Securities Ltd
JBCIP13326,Julius Baer Capital (India) Pvt Ltd
PIICL16326,Pilani Investment And Industries Corporation Ltd
SL16326,Sharekhan Ltd
EOPR13326,Embassy Office Parks Reit
BFL13326,Bajaj Finance Ltd
GHFL160326,Godrej Housing Finance Ltd
NCSL13326,Nuvama Clearing Services Ltd
MFL13326,Muthoot Fincorp Ltd
MPFL13326,Manappuram Finance Ltd
NFL13326,Navi Finserv Ltd
SBICA16326,Sbicap Securities Ltd
MSFL13326,Marwadi Shares And Finance Ltd
JSWEL16326,Jsw Energy Ltd
AFL160326,Arka Fincap Ltd
MRHFL17326,Mahindra Rural Housing Finance Ltd
SMIL170326,Samvardhana Motherson International Ltd
CGCL17326,Capri Global Capital Ltd
BBTC16326,The Bombay Burmah Trading Corporation Ltd
NCSL17326,Nuvama Clearing Services Ltd
IHFC180326,Icici Home Finance Company Ltd
SSL170326,Sbicap Securities Ltd
OAML170326,360 One Alternates Asset Management Ltd
CGCL18326,Capri Global Capital Ltd
HCI18326,Hari And Company Investments Madras Private Ltd
BFSL17326,Bajaj Financial Securities Ltd
BFSL170326,Bajaj Financial Securities Ltd
AFSL17326,Afsl-15-06-26-Cp
NWFL170326,Nwfl-16-6-26-Cp
JEL180326,Jsw Energy Ltd
MFL180326,Manappuram Finance Ltd
BHFL18326,Bajaj Housing Finance Ltd
MAFS18326,Mirae Asset Financial Services (India) Pvt Ltd
SSL180326,Sbicap Securities Ltd
THDC180326,Tata Housing Development Company Ltd
BGHP200326,Birla Group Holdings Pvt Ltd
GFL200326,Godrej Finance Ltd
BFL18326,Bajaj Finance Ltd
GHFL20326,Godrej Housing Finance Ltd
GICHF20326,Gic Housing Finance Ltd
CGCL20326,Capri Global Capital Ltd
NWFL20326,Nuvama Wealth Finance Ltd
NWML200326,Nuvama Wealth Management Ltd
PFL200326,Poonawalla Fincorp Ltd
NWIL200326,Nuvama Wealth And Investment Ltd
DFPL200326,Dsp Finance Pvt Ltd
JBCIP20326,Julius Baer Capital (India) Pvt Ltd
JBCIP23326,Julius Baer Capital (India) Pvt Ltd
NFL200326,Navi Finserv Ltd
UCL20326,Ugro Capital Ltd
BGHPL23326,Birla Group Holdings Pvt Ltd
JCL20326,Jio Credit Ltd
GHFL230326,Godrej Housing Finance Ltd
360OP23326,360 One Prime Ltd
BHFL23326,Bajaj Housing Finance Ltd
DFPL23326,Dsp Finance Pvt Ltd
SEIL24326,Seil Energy India Ltd
HML23326,Ht Media Ltd
RJIL230326,Rjil-22-6-26-Cp
CGCL24326,Capri Global Capital Ltd
360OA24326,360 One Alternates Asset Management Ltd
360O24326,360 One Alternates Asset Management Ltd
DFPL24326,Dsp Finance Pvt Ltd
KFIL24326,Kirloskar Ferrous Industries Ltd
IFPL24326,Infina Finance Pvt Ltd
IFPL24326A,Infina Finance Pvt Ltd
CGCL25326,Capri Global Capital Ltd
IFSL2403226,Incred Financial Services Ltd
HTML25326,Ht Media Ltd
KFIL250326,Kirloskar Ferrous Industries Ltd
NWML27326,Nuvama Wealth Management Ltd
SSL250326,Ssl-24-6-26-Cp
SBICA27326,Sbicapsl-25-06-26-Cp
AKCS25326,Akcsl-15-10-26-Cp
KFIL270326,Kirloskar Ferrous Industries Ltd
NFL270326,Navi Finserv Ltd
JCL270326,Jio Credit Ltd
IKFFL30326,Ikf Finance Ltd
NFL30326,Navi Finserv Ltd
SSL30326,Sbicap Securities Ltd
BHFL30326,Bajaj Housing Finance Ltd
IFSL300326,Incred Financial Services Ltd
IFSL30326,Incred Financial Services Ltd
TIAPL30326,Trust Investment Advisors Pvt Ltd
SCSL020426,Standard Chartered Securities (India) Ltd
TTL60426,Time Technoplast Ltd
PDL2426,Paisalo Digital Ltd
TRIL020426,Tata Realty And Infrastructure Ltd
TSL70426,Tata Steel Ltd
EFL070426,Ecl Finance Ltd
KMPL8426,Kotak Mahindra Prime Ltd
PDL80426,Paisalo Digital Ltd
ABL08426,Ashoka Buildcon Ltd
BFSL8426,Bajaj Financial Securities Ltd
BFSL08426,Bajaj Financial Securities Ltd
BFL080426,Bajaj Finance Ltd
TSL080426,Tata Steel Ltd
IHFC90426,Icici Home Finance Company Ltd
BHFL090426,Bajaj Housing Finance Ltd
IFSL090426,Incred Financial Services Ltd
UCL9426,Ugro Capital Ltd
TTL100426,Time Technoplast Ltd
RL10426,Redington Ltd
IHFCL10426,Icici Home Finance Company Ltd
BFSL9426,Bajaj Financial Securities Ltd
BFSL90426,Bajaj Financial Securities Ltd
BFSL090426,Bajaj Financial Securities Ltd
BFL90426,Bajaj Finance Ltd
CGCL10426,Capri Global Capital Ltd
GIL100426,Gil-8-5-26-Cp
ASL100426,Avenue Supermarts Ltd
AKCS100426,Akcapital Services Ltd
PDL100426,Paisalo Digital Ltd
MAFS10426,Mirae Asset Financial Services (India) Pvt Ltd
LTMR10426,L&T Metro Rail (Hyderabad) Ltd
CGCL130426,Capri Global Capital Ltd
TTL13426,Time Technoplast Ltd
NFL10426,Navi Finserv Ltd
NFL100426,Navi Finserv Ltd
IFPL130426,Infina Finance Pvt Ltd
THDCL10426,Tata Housing Development Company Ltd
TTL15426,Time Technoplast Ltd
RJIL13426,Reliance Jio Infocomm Ltd
RJIL130426,Reliance Jio Infocomm Ltd
KIL150426,Kec International Ltd
EOPR100426,Embassy Office Parks Reit
EOPR104026,Embassy Office Parks Reit
BPCL13426,Bpcl-13-05-26-Cp
GHFL15426,Ghfl-24-06-26-Cp
DSML150426,Dhampur Sugar Mills Ltd
TSL150426,Tata Steel Ltd
GHFL150426,Gic Housing Finance Ltd
TFL150426,Truhome Finance Ltd
SEIL160426,Seil Energy India Ltd
DSPFP15426,Dsp Finance Pvt Ltd
SEIL164026,Seil Energy India Ltd
KMPL16426,Kotak Mahindra Prime Ltd
KMPL160426,Kotak Mahindra Prime Ltd
GIL160426,Grasim Industries Ltd
CGCL16426,Capri Global Capital Ltd
CGCL160426,Capri Global Capital Ltd
BFSL15426,Bajaj Financial Securities Ltd
JCL15426,Jio Credit Ltd
KIL160426,Kec International Ltd
ABL160426,Ashoka Buildcon Ltd
AFL160426,Axis Finance Ltd
BCML170626,Balrampur Chini Mills Ltd
KIL170426,Kec International Ltd
ABLB17426,Aditya Birla Lifestyle Brands Ltd
BFSL16426,Bajaj Financial Securities Ltd
TCL16426,Tcl-25-06-26-Cp
AEL17426,Adani Enterprises Ltd
KIL20426,Kec International Ltd
TTL200426,Time Technoplast Ltd
CGCL200426,Capri Global Capital Ltd
RL170426,Redington Ltd
RL1704026,Redington Ltd
CGCL20426,Capri Global Capital Ltd
RJIL170426,Reliance Jio Infocomm Ltd
BFSL170426,Bajaj Financial Securities Ltd
IFPL170426,Infina Finance Pvt Ltd
CFHL17426,Can Fin Homes Ltd
BFL170426,Bajaj Finance Ltd
GIL20426,Grasim Industries Ltd
GFL200426,Godrej Finance Ltd
BL20426,Bl-19-6-26-Cp
MML20426,Muthoot Mcred Ltd
KIL210426,Kec International Ltd
JKCL20426,Jk Cement Ltd
CFSL200426,Credila Financial Services Ltd
BFSL200426,Bajaj Financial Securities Ltd
NFL200426,Navi Finserv Ltd
BFL20426,Bajaj Finance Ltd
NFL204026,Navi Finserv Ltd
NFL20426,Navi Finserv Ltd
IHFC210426,Icici Home Finance Company Ltd
EFL21426,Ecl Finance Ltd
AATL210426,Apl Apollo Tubes Ltd
TRIL21426,Tata Realty And Infrastructure Ltd
NWFL210426,Nuvama Wealth Finance Ltd
AATL220426,Apl Apollo Tubes Ltd
OPAL220426,Ongc Petro Additions Ltd
ISPDL22426,Ispdl-19-06-26-Cp
SPTL220426,Sikka Ports & Terminals Ltd
DFPL220426,Dsp Finance Pvt Ltd
CGCL23426,Capri Global Capital Ltd
BL220426,Bobcard Ltd
BL224026,Bobcard Ltd
ISPD220426,Icici Securities Primary Dealership Ltd
NCSL22426,Nuvama Clearing Services Ltd
JKCL23426,Jk Cement Ltd
IFSL23426,Incred Financial Services Ltd
THDC23426,Tata Housing Development Company Ltd
BHEL240426,Bharat Heavy Electricals Ltd
JBCPL24426,Julius Baer Capital (India) Pvt Ltd
DFPL230426,Dsp Finance Pvt Ltd
RL24426,Redington Ltd
RL240426,Redington Ltd
NFL23426,Navi Finserv Ltd
PCL230426,Pcbl Chemical Ltd
BFL230426,Bajaj Finance Ltd
BFL230426A,Bajaj Finance Ltd
BFL23426,Bajaj Finance Ltd
IFPL230426,Infina Finance Pvt Ltd
TTL240426,Time Technoplast Ltd
ABLBL24426,Aditya Birla Lifestyle Brands Ltd
MBPR240426,Mindspace Business Parks Reit
IFSL240426,Incred Financial Services Ltd
MFP240426,Mfp-15-6-26-Cp
NFL240426,Nfl-23-10-26-Cp
TCL24426,Tcl-08-06-26-Cp
NFL270426,Navi Finserv Ltd
HCIFP27426,Home Credit India Finance Pvt Ltd
AEL27426,Adani Enterprises Ltd
JBCIP28426,Julius Baer Capital (India) Pvt Ltd
UGC270426,Ugro Capital Ltd
NST270426,Nexus Select Trust
MSFL280426,Marwadi Shares And Finance Ltd
TRIL28426,Tata Realty And Infrastructure Ltd
360OP28426,360 One Prime Ltd
SCSL280426,Standard Chartered Securities (India) Ltd
SCSL290426,Standard Chartered Securities (India) Ltd
GIL290426,Grasim Industries Ltd
MFL280426,Mfl-17-9-26-Cp
TTL290426,Ttl-29-10-26-Cp
JBCI290426,Jbcpl-29-7-26-Cp
TPCL29426,Tpcl-28-07-26-Cp
DHAN-RE,Dhanlaxmi Bank Ltd
GUJCOT-RE,Gujarat Cotex Ltd
GRAVITY-RE,Gravity (India) Ltd
PANAFIC-RE,Panafic Industrials Ltd
HASJUICE,Has Lifestyle Ltd
WEBSL,Web Element Solutions Ltd
ADHIRAJ,Adhiraj Distributors Ltd
UNNATI-SE,Unnati-Se
SVYM,Svym
1018GOI26,10.18% Goi 2026
0795GOI32,7.95% Goi 2032
826GS2027,8.26% Central Govt 2027
832GS2032,832Goi2032
833GS2036,833Goi2036
683GS2039,638Goi2039
83GS2040,830Goi2040
883GS2041,883Goi2041
83GS2042,830Goi2042
923GS2043,923Goi2043
824GS2027,824Goi2027
833GS2026,833Goi2026
828GS2027,828Goi2027
601GS2028,601Goi2028
613GS2028,613Goi2028
897GS2030,897Goi2030
92GS2030,920Goi2030
828GS2032,828Goi2032
833GS2032,833Goi2032
75GS2034,750Goi2034
74GS2035,740Goi2035
824GS2033,824Goi2033
1018GS2026,1018Goi2026
815GS2026,815Goi2026
86GS2028,860Goi2028
795GS2032,795Goi2032
FRBGOI2035,Frbgoi2035
773GS2034,773Cg2034
761GS2030,761Cg2030
759GS2029,759Cg2029
788GS2030,788Cg2030
813CG2045A,813Cg2045
772GS2055,772Cg2055
817GS2044,817Goi2044
697GS2026,697Goi2026
679GS2029,679Goi2029
657GS2033,657Goi2033
706GS2046,706Goi2046
662GS2051,662Goi2051
679GS2027,679Goi2027
668GS2031,668Goi2031
717GS2028,717Goi2028
SGBOCT26,Sovereign Gold Bond 2019 Serie
SGBNOV26,Sovereign Gold Bond 2019 Serie
SGBDEC26,Sovereign Gold Bond 2019 Serie
SGBJAN27,Sovereign Gold Bond 2019 Serie
SGBFEB27,Soveriegn Gold Bond 2019 Serie
895FCI29,895Fci29
757GS2033,757Goi2033
SGBJUN27,Sovereign Gold Bond 2019-20 Se
SGBJUL27,Sovereign Gold Bond 2019-20 Se
SGBAUG27,Sovereign Gold Bond 2019-20 Se
769GS2043,769Goi2043
772GS2049,772Goi2049
763GS2059,763Goi2059
SGBSEP27,Sovereign Gold Bonds 2019-20 S
SGBOCT27,Sovereign Gold Bonds 2019 - 20
SGBOCT27VI,Sovereign Gold Bonds 2019-20 S
762GS2039,762Goi2039
726GS2029,726Goi2029
645GS2029,645Goi2029
SGBDC27VII,Sovereign Gold Bonds 2019-20 S
SGBJ28VIII,Sovereign Gold Bonds 2019-20 S
SGBFEB28IX,Sovereign Gold Bonds 2019-20 S
SGBMAR28X,Sovereign Gold Bonds 2019-20 S
719GS2060,719Goi2060
716GS2050,716Goi2050
SGBAPR28I,Sovereign Gold Bonds 2020-21 S
579GS2030,579Goi2030
SGBMAY28,Sovereign Gold Bonds 2020-21 S
SGBJUN28,Sovereign Gold Bonds 2020-21 S
619GS2034,619Goi2034
SGBJUL28IV,Sovereign Gold Bond 2020-21 Iv
SGBAUG28V,Sovereign Gold Bonds 2020-21 V
68GS2060,68Goi2060
SGBSEP28VI,Sovereign Gold Bonds 2020-21 S
SGBOC28VII,Sovereign Gold Bonds 2020-21 S
SGBN28VIII,Sovereign Gold Bonds 2020-21 S
667GS2050,667Goi2050
SGBJAN29IX,Sgb 2020-21 Series Ix
SGBJAN29X,Sovereign Gold Bonds 2021-21 S
SGBFEB29XI,Sgb 2020-21 Series Xi
676GS2061,676Goi2061
SGBMR29XII,Sgb 2020-21 Series Xii
SGBMAY29I,Sgb 2021-22 Series I
SGBJUN29II,Sgb 2021-22 Series Ii
SGBJU29III,Sovereign Gold Bonds 2021-22
GS150626C,0Goi2026A
GS23JUN26C,0Goi2026B
GS02JUL26C,0Goi2026C
GS151226C,0Goi2026D
GS02JAN27C,0Goi2027
GS12JUN27C,0Goi2027A
GS02JUL27C,0Goi2027B
GS12DEC27C,0Goi2027C
GS02JAN28C,0Goi2028
GS12JUN28C,0Goi2028A
GS02JUL28C,0Goi2028B
GS12DEC28C,0Goi2028C
SGBJUL29IV,Sovereign Gold Bond Series Iv
GS17JUN26C,0Goi26
GS17DEC26C,0Goi26A
GS220830C,0Goi30
GS220230C,0Goi30A
GS02JAN36C,0Goi36
GS02JUL36C,0Goi36A
GS02JUL40C,0Goi40
GS220840C,0Goi40A
GS22FEB41C,0Goi41
SGBAUG29V,Sovereign Gold Bonds 2021-22 S
SGBSEP29VI,Sovereign Gold Bonds 2021-22 S
GS15DEC29C,0Goi29
GS17DEC29C,0Goi29A
GS15JUN30C,0Goi30B
GS17JUN30C,0Goi30C
GS15DEC30C,0Goi30D
GS17DEC30C,0Goi30E
GS220231C,0Goi31
GS15JUN31C,0Goi31A
GS22FEB27C,0Goi027
GS17JUN31C,0Goi31B
GS220831C,0Goi31C
GS15JUN27C,0Goi2027S
GS15DEC31C,0Goi31D
GS17JUN27C,0Goi027S
GS17DEC31C,0Goi31E
GS22AUG27C,0Goi27S
GS22FEB32C,0Goi32
GS15JUN32C,0Goi32B
GS15DEC27C,0Goi27A
GS17JUN32C,0Goi32C
GS17DEC27C,0Goi27B
GS22AUG32C,0Goi32E
GS22FEB28C,0Goi28S
GS15DEC32C,0Goi32F
GS15JUN28C,0Goi028S
GS17DEC32C,0Goi32G
GS22FEB34C,0Goi34
GS17JUN28C,0Goi028D
GS02JAN39C,0Goi39
GS15JUN39C,0Goi39A
GS22AUG28C,0Goi28P
GS17JUN39C,0Goi39B
GS15DEC28C,0Goi28V
GS02JUL39C,0Goi39C
GS15DEC39C,0Goi39D
GS17DEC28C,0Goi028K
GS17JUN40C,0Goi40B
GS02JAN29C,0Goi029L
GS22FEB29C,0Goi29S
GS15JUN29C,0Goi29P
GS17JUN29C,0Goi029S
GS22AUG29C,0Goi29G
667GS2035,667Goi2035
664GS2035,664Goi35
SGBNV29VII,Sovereign Gold Bonds 2021-22 S
699GS2051,699Goi2051
695GS2061,695Goi2061
SGBD29VIII,Sovereign Gold Bonds 2021-22 S
SGBJAN30IX,Soveriegn Gold Bonds 2021-22 S
SGBMAR30X,Sovereign Gold Bonds 2021-22 S
654GS2032,654Goi2032
754GS2036,754Goi2036
738GS2027,738Goi2027
SGBJUN30,Sovereign Gold Bonds 2022-23 S
710GS2029,71Goi2029
GS16DEC2030,Gs16Dec2030C
GS16DEC2026,Gs16Dec2026C
GS16JUN2027,Gs16Jun2027C
GS16DEC2027,Gs16Dec2027C
736GS2052,736Goi2052
GS15JUN2034,Gs15Jun2034
GS15DEC2034,Gs15Dec2034
GS15JUN2035,Gs15Jun2035
SGBAUG30,Sovereign Gold Bonds 2022-23 S
74GS2062,74Goi2062
GS19SEP2026,Gs19Sep2026
GS19MAR2027,Gs19Mar2027
GS19SEP2027,Gs19Sep2027
GS19MAR2028,Gs19Mar2028
GS19SEP2028,Gs19Sep2028
GS19MAR2029,Gs19Mar2029
GS19SEP2029,Gs19Sep2029
GS19MAR2030,Gs19Mar2030
GS19SEP2030,Gs19Sep2030
GS19MAR2031,Gs19Mar2031
GS19SEP2031,Gs19Sep2031
GS19SEP2034,Gs19Sep2034
GS19MAR2032,Gs19Mar2032
GS19SEP2032,Gs19Sep2032
GS19MAR2033,Gs19Mar2033
GS19MAR2035,Gs19Mar2035
GS19SEP2033,Gs19Sep2033
GS19SEP2035,Gs19Sep2035
GS19MAR2036,Gs19Mar2036
GS19SEP2036,Gs19Sep2036
GS19SEP2058,Gs19Sep2058
726GS2032,726Goi2032
GS19MAR2038,Gs19Mar2038
GS19MAR2040,Gs19Mar2040
GS19MAR2037,Gs19Mar2037
GS19MAR2039,Gs19Mar2039
GS19MAR2041,Gs19Mar2041
GS19MAR2043,Gs19Mar2043
GS19MAR2045,Gs19Mar2045
GS19MAR2047,Gs19Mar2047
GS19MAR2049,Gs19Mar2049
GS19MAR2051,Gs19Mar2051
GS19MAR2053,Gs19Mar2053
GS19SEP2038,Gs19Sep2038C
GS19MAR2055,Gs19Mar2055
GS19MAR2057,Gs19Mar2057
GS19MAR2042,Gs19Mar2042
GS19SEP2059,Gs19Sep2059
GS19SEP2061,Gs19Sep2061
GS19MAR2044,Gs19Mar2044
GS19SEP2040,Gs19Sep2040
GS19SEP2042,Gs19Sep2042
GS19MAR2046,Gs19Mar2046
GS19SEP2044,Gs19Sep2044
GS19MAR2048,Gs19Mar2048
GS19MAR2050,Gs19Mar2050
GS19SEP2046,Gs19Sep2046
GS19SEP2048,Gs19Sep2048
GS19MAR2052,Gs19Mar2052
GS19SEP2050,Gs19Sep2050
GS19SEP2052,Gs19Sep2052
GS19MAR2054,Gs19Mar2054
GS19SEP2054,Gs19Sep2054
GS19SEP2056,Gs19Sep2056
GS19MAR2059,Gs19Mar2059
GS19SEP2037,Gs19Sep2037
GS19MAR2056,Gs19Mar2056
GS19MAR2061,Gs19Mar2061
GS19SEP2039,Gs19Sep2039
GS19MAR2058,Gs19Mar2058
GS19SEP2041,Gs19Sep2041
GS19SEP2060,Gs19Sep2060
GS19SEP2062,Gs19Sep2062
GS19SEP2043,Gs19Sep2043
GS19SEP2045,Gs19Sep2045
GS19SEP2047,Gs19Sep2047
GS19SEP2049,Gs19Sep2049
GS19SEP2051,Gs19Sep2051
GS19SEP2053,Gs19Sep2053
GS19SEP2055,Gs19Sep2055
GS19SEP2057,Gs19Sep2057
GS19MAR2060,Gs19Mar2060
GS19MAR2062,Gs19Mar2062
GS16JUN2029,Gs16Jun2029
SGBDE30III,Soverign Gold Bond 2022-23 Sr
741GS2036,741Goi36
SGBMAR31IV,Sovereign Gold Bond 2022-23 Sr
726GS2033,726Goi2033
GSEC190962,Gsec190962
SGBJUN31I,Sovereign Gold Bonds 2023-24 S
706GS2028,706Gs28M23
GS12DC2032C,Gs12Dc2032C
574GS2026,574Gs2026
73GS2053,73Goi2053
GS12DEC2030,Gs12Dec2030
GS19DEC2030,Gs19Dec2030
GS19JUN2031,Gs19Jun2031
725GS2063,725Goi2063
GS12JUN2040,Gs12Jun2040
GS12DEC2040,Gs12Dec2040
GS12JUN2041,Gs12Jun2041
GS12DEC2041,Gs12Dec2041
SGBSEP31II,Sovereign Gold Bonds 2023-24 S
746GS2073,746Goi2073
718GS2037,718Gs2037
718GS2033,718Gs2033
GS12SEP2041,Gs12Sep2041
737GR2054,737Gs54
SGBDE31III,Sovereign Gold Bonds 2023-24 S
733GS2026,733Gs26J24
SGBFEB32IV,Sovereign Gold Bonds 2023-24 S
GS12DEC2034,Gs12Dec2034C
734GS2064,734Goi2064
71GS2034,71Goi2034
GS12JUN33,Gs12Jun33
GS12DEC33,Gs12Dec33
GS12JUN34,Gs12Jun34
GS06NOV29C,Gs06Nov29C
GS06MAY30C,Gs06May30C
GS06NOV30C,Gs06Nov30C
GS12JUN32C,Gs12Jun32C
GS22OCT30,Gs22Oct30
GS22OCT29,Gs22Oct29
709GOI54,709Goi54
GS22OCT32,Gs22Oct32
GS22APR33,Gs22Apr33
GS22OCT33,Gs22Oct33
GS15APR34C,Gs15Apr34C
GS15OCT34C,Gs15Oct34C
GS15APR35C,Gs15Apr35C
GS15OCT35C,Gs15Oct35C
GS15APR36C,Gs15Apr36C
GS15OCT36C,Gs15Oct36C
GS15APR37C,Gs15Apr37C
GS15OCT37C,Gs15Oct37C
GS15APR38C,Gs15Apr38C
GS15OCT38C,Gs15Oct38C
GS15APR39C,Gs15Apr39C
GS15APR29C,Gs15Apr29C
GS15OCT29C,Gs15Oct29C
GS15APR30C,Gs15Apr30C
GS15OCT30C,Gs15Oct30C
GS15APR31C,Gs15Apr31C
GS15OCT31C,Gs15Oct31C
GS15APR32C,Gs15Apr32C
GS15OCT32C,Gs15Oct32C
GS15APR33C,Gs15Apr33C
GS15OCT33C,Gs15Oct33C
GS22OCT31C,Gs22Oct31C
GS22APR32C,Gs22Apr32C
723GS39P,723Gs39P
GS15OCT26C,Gs15Oct26C
GS15APR27C,Gs15Apr27C
GS15OCT27C,Gs15Oct27C
GS15APR28C,Gs15Apr28C
GS15OCT28C,Gs15Oct28C
723GS2039,723Gs2039
GS06MAY39C,Gs06May39C
GS17JUN35,Gs17Jun35
GS06NOV39C,Gs06Nov39C
GS22AUG35,Gs22Aug35
GS15MAR34C,Gs15Mar34C
GS17JUN34C,Gs17Jun34C
GS17DEC35,Gs17Dec35
GS22AUG34C,Gs22Aug34C
GS12JUN42,Gs12Jun42
GS17DEC34C,Gs17Dec34C
GS12DEC42,Gs12Dec42
GS22FEB35C,Gs22Feb35C
GS12JUN43,Gs12Jun43
GS06NOV35C,Gs06Nov35C
GS12DEC43,Gs12Dec43
GS12JUN44,Gs12Jun44
GS06MAY36C,Gs06May36C
GS12DEC44,Gs12Dec44
GS22APR35C,Gs22Apr35C
GS06NOV36C,Gs06Nov36C
GS06MAY37C,Gs06May37C
GS22OCT35C,Gs22Oct35C
GS06NOV37C,Gs06Nov37C
GS22APR36C,Gs22Apr36C
GS06MAY38C,Gs06May38C
GS22OCT36C,Gs22Oct36C
GS06NOV38C,Gs06Nov38C
GS06MAY34C,Gs06May34C
GS06NOV34C,Gs06Nov34C
GS06MAY35C,Gs06May35C
GS22OCT44,Gs22Oct44
GS22APR44,Gs22Apr44
GS22OCT43,Gs22Oct43
GS22APR43,Gs22Apr43
GS22OCT42,Gs22Oct42
GS22APR42,Gs22Apr42
GS22OCT41,Gs22Oct41
GS22APR41,Gs22Apr41
GS22OCT40,Gs22Oct40
GS22APR40,Gs22Apr40
GS22OCT39,Gs22Oct39
GS22OCT38,Gs22Oct38
GS22APR38,Gs22Apr38
GS22OCT37,Gs22Oct37
GS22APR37,Gs22Apr37
GS22OCT34,Gs22Oct34
GS22APR39,Gs22Apr39
GS22APR34,Gs22Apr34
GS12JUN45,Gs12Jun45
GS12DEC45,Gs12Dec45
GS12SEP27,Gs12Sep27
GS22APR45,Gs22Apr45
GS12JUN46,Gs12Jun46
GS12JUN47,Gs12Jun47
GS22APR48,Gs22Apr48
GS12DEC48,Gs12Dec48
GS22OCT49,Gs22Oct49
GS22OCT45,Gs22Oct45
GS22APR46,Gs22Apr46
GS22APR47,Gs22Apr47
GS12DEC47,Gs12Dec47
GS22OCT48,Gs22Oct48
GS12JUN49,Gs12Jun49
GS22OCT46B,Gs22Oct46B
GS22OCT47C,Gs22Oct47C
GS12JUN48D,Gs12Jun48D
GS22APR49E,Gs22Apr49E
GS12DEC49F,Gs12Dec49F
GS06MAY33,Gs06May33
GS06NOV33,Gs06Nov33
GS06NOV46,Gs06Nov46
GS06MAY40,Gs06May40
GS06MAY47,Gs06May47
GS06NOV40,Gs06Nov40
GS06NOV47,Gs06Nov47
GS06MAY41,Gs06May41
GS06MAY48,Gs06May48
GS06NOV41,Gs06Nov41
GS06NOV48,Gs06Nov48
GS06MAY42,Gs06May42
GS06MAY49,Gs06May49
GS06NOV42,Gs06Nov42
GS06NOV49,Gs06Nov49
GS06MAY43,Gs06May43
GS06MAY50,Gs06May50
GS06NOV43,Gs06Nov43
GS06NOV50,Gs06Nov50
GS06MAY44,Gs06May44
GS06NOV44,Gs06Nov44
GS06MAY51,Gs06May51
GS06NOV51,Gs06Nov51
GS06MAY45,Gs06May45
GS06NOV45,Gs06Nov45
GS06MAY46,Gs06May46
GS06MAY52,Gs06May52
GS06MAY60,Gs06May60
7466NOV73,7466Nov73
GS06NOV52,Gs06Nov52
GS06MAY53,Gs06May53
GS06NOV60,Gs06Nov60
GS06MAY61,Gs06May61
GS06NOV53,Gs06Nov53
GS06NOV73,Gs06Nov73
GS06MAY54,Gs06May54
GS06NOV61,Gs06Nov61
GS06NOV54,Gs06Nov54
GS06MAY55,Gs06May55
GS06MAY73,Gs06May73
GS06MAY62,Gs06May62
GS06NOV55,Gs06Nov55
GS06MAY56,Gs06May56
GS06NOV62,Gs06Nov62
GS06NOV72,Gs06Nov72
GS06NOV56,Gs06Nov56
GS06MAY57,Gs06May57
GS06MAY63,Gs06May63
GS06NOV57,Gs06Nov57
GS06NOV63,Gs06Nov63
GS06MAY58,Gs06May58
GS06NOV58,Gs06Nov58
GS06MAY64,Gs06May64
GS06MAY72,Gs06May72
GS06MAY59,Gs06May59
GS06NOV64,Gs06Nov64
GS06NOV59,Gs06Nov59
GS06MAY65,Gs06May65
GS06NOV65,Gs06Nov65
GS06NOV71,Gs06Nov71
GS06MAY66,Gs06May66
GS06NOV66,Gs06Nov66
GS06MAY67,Gs06May67
GS06NOV67,Gs06Nov67
GS06MAY68,Gs06May68
GS06NOV68,Gs06Nov68
GS06MAY69,Gs06May69
GS06NOV69,Gs06Nov69
GS06MAY70,Gs06May70
GS06NOV70,Gs06Nov70
GS06MAY71,Gs06May71
GS09JUL26,Gs09Jul26
833GSJUL26,833Gsjul26
GS22SEP33,Gs22Sep33
GS25NOV39,Gs25Nov39
GS25MAY40,Gs25May40
GS25NOV40,Gs25Nov40
GS25NOV42,Gs25Nov42
GS25MAY41,Gs25May41
GS12MAR40,Gs12Mar40
GS12DEC36,Gs12Dec36
73GS2053P,73Gs2053P
GS25NOV44,Gs25Nov44
709GOI74,709Goi74
690GOI65,690Goi65
724GOI55,724Goi55
GS25MAY38,Gs25May38
GS25NOV38,Gs25Nov38
709G251174,709G251174
GS12MAR28C,Gs12Mar28C
GS22FEB38,Gs22Feb38
743GOI2076,743Goi2076
091TB190919,091Tb190919
364TB70526,364Tb70526
364TB14526,364Tb14526
364TB21526,364Tb21526
364TB28526,364Tb28526
364TB04626,364Tb04626
364TB11626,364Tb11626
364TB18626,364Tb18626
364TB25626,364Tb25626
364TB20726,364Tb20726
364TB90726,364Tb90726
364TB16726,364Tb16726
364TB23726,364Tb23726
364TB30726,364Tb30726
364TB06826,364Tb06826
364TB13826,364Tb13826
364TB20826,364Tb20826
364TB28826,364Tb28826
364TB30926,364Tb30926
364TB10926,364Tb10926
364TB17926,364Tb17926
364TB24926,364Tb24926
364TB21026,364Tb21026
364TB81026,364Tb81026
364T151026,364T151026
364T221026,364T221026
364T291026,364T291026
182TB08526,182Tb08526
364TB61126,364Tb61126
182TB14526,182Tb14526
364T121126,364T121126
182TB21526,182Tb21526
364T191126,364T191126
182TB28526,182Tb28526
364T261126,364T261126
182TB04626,182Tb04626
364TB31126,364Tb31126
182TB11626,182Tb11626
364T101226,364T101226
182TB18626,182Tb18626
364T171226,364T171226
182TB26626,182Tb26626
364T251226,364T251226
182TB90726,182Tb90726
364TB70127,364Tb70127
182TB17726,182Tb17726
364TB15127,364Tb15127
182TB23726,182Tb23726
364TB21127,364Tb21127
182TB30726,182Tb30726
364TB28127,364Tb28127
91TB070526,91Tb070526
182TB60826,182Tb60826
364TB40227,364Tb40227
91TB140526,91Tb140526
182TB13826,182Tb13826
364TB11227,364Tb11227
91TB220526,91Tb220526
182TB21826,182Tb21826
364TB19227,364Tb19227
91TB280526,91Tb280526
182TB27826,182Tb27826
364TB25227,364Tb25227
91TB040626,91Tb040626
182TB30926,182Tb30926
364TB40327,364Tb40327
91TB110626,91Tb110626
182TB10926,182Tb10926
364TB11327,364Tb11327
91TB190626,91Tb190626
182TB18926,182Tb18926
364TB19327,364Tb19327
91TB260626,91Tb260626
182TB25926,182Tb25926
364TB26327,364Tb26327
91TB90726,91Tb90726
182TB81026,182Tb81026
364TB80427,364Tb80427
91TB16726,91Tb16726
182T151026,182T151026
364TB15427,364Tb15427
91TB230726,91Tb230726
182T221026,182T221026
364TB22427,364Tb22427
775GUJ2028,775Guj2028
771GUJ2027,771Guj2027
835GUJ2028,835Guj2028
780GUJ2027,780Guj2027
823GUJ2028,823Guj2028
805GUJ2028,805Guj2028
807RJ2026,807Rj2026
828RJ2028,828Rj2028
775GUJ2027,775Guj2027
816GUJ2028,816Guj2028
798GUJ2026,798Guj2026
805TN2028,805Tn2028
773RJ2027,773Rj2027
798GJSDL26,798Gjsdl26
815TN2028,815Tn2028
795GJSDL28,795Gjsdl28
853RJSDL28,853Rjsdl28
870GJSDL28,870Gjsdl28
861GJSDL28,861Gjsdl28
858GJSDL28,858Gjsdl28
850GJSDL28,850Gjsdl28
825GJSDL29,825Gjsdl29
826MHSDL29,826Mhsdl29
808MHSDL28,808Mhsdl28
827GUJ2029,827Guj2029
830GJSDL202,830Gjsdl2029
828GUJ2029,828Guj2029
828GUJ2029A,828Guj2029A
838GJSDL29,838Gjsdl29
835GJSDL29,835Gjsdl29
844RSDL29,844Rsdl29
831KSDL29,831Ksdl29
84RAJ2029,84Raj2029
83GUJ2029,83Guj2029
818TN2028,818Tn2028
814GJ2029,814Gj2029
815MH2030,815Mh2030
817GJ2029,817Gj2029
814GJSDL29,814Gjsdl29
751APSDL37,751Apsdl37
731GUJ2029,731Guj2029
765TNSDL27,765Tnsdl27
808GUJSDL28,808Gujsdl28
724MHSDL29,724Mhsdl29
717MHSDL,717Mhsdl29
723KA28,721Kadsl28
717KA29,717Kasdl29
714MH29,714Mhsdl29
773GJ29,773Gjsdl29
783MH30,783Mhsdl30
76MH30,76Mhsdl30
694TN50,694Tnsdl50
686UP30,686Upsdl30
671RJ30,671Raj2030
669MP30,669Madh2030
669UP30,669Up2030
775TN30,775Tn2030
673TN30,673Tamsdl30
672PN30,672Punsdl30
678RJ30,678Rajsdl30
654MH30,654Mahsdl30
72KARSDL29,72Karsdl29
657MH31,657Mahsdl31
654RJ30,654Rajsdl30
669TN50,669Tnsdl50
670RJ50,67Rjsdl2050
659RJ30,659Rjsdl30
66TN29,66Tnsdl29
654GJ30,654Gjsdl2030
644GJ29,644Gujsdl29
656AP31,656Adrsdl31
633TN30,633Tnsdl30
64KA31,64Karsdl31
739MAHSDL30,739Mahsdl30
649MH31,649Mahsdl31
649KA31,649Karsdl31
664KA32,664Karsdl32
65KA30,65Karsdl30
665GJ30,665Gujsdl30
663KA30,663Karsdl30
645GJ30,645Gujsdl30
711TNSDL29,711Tnsdl29
667MH31,667Mahsdl31
675KA33,675Karsdl33
663GJ29,663Gujsdl29
67GJ30,67Gujsdl30
678KA32,678Karsdl32
71MH32,71Mahsdl32
683GJ30,683Gujsdl30
697KA31,697Karsdl31
684GJ30,684Gujsdl30
705MH32,705Mahsdl32
675KA33A,675Kasdl33
662KA32,662Kasdl32
64GJ30A,64Gujsdl30
65GJ30,65Gujsdl30
675KA34,675Karsdl34
653KA30,653Karsdl30
669KA37,669Karsdl37
654KA30,654Karsdl30
668KA36,668Karsdl36
652KA30,652Karsdl30
665KA35,665Karsdl35
663KA34,663Karsdl34
662KA32A,662Karsdl32
653TN31,653Tnsdl31
661MP37,661Mpsdl37
703RJSDL36,703Rjsdl36
697RJ51A,697Rjsdl51
695TN31,695Tnsdl31
695RJ31,695Rjsdl31
707GJ31,707Gujsdl31
708MH31,708Mahsdl31
735KA40,735Karsdl40
657TN31,657Tamsdl31
722KA38A,722Karsdl38
724RJ36,724Rajsdl36
729KA36,729Karsdl36
724KA37,724Kasdl37
729KA39,729Kasdl39
708GJ31,708Gjsdl31
724KA38,724Kasdl38
711GJ31,711Gujsdl31
719KA40,719Karsdl40
76GJSDL26,76Gjsdl26
705RJ31,705Rajsdl31
684GJ31,684Gujsdl31
686PN33,686Punsdl33
678RJ31,678Rajsdl31
682RJ31,682Rajsdl31
687MH33,687Mahsdl33
693GJ31,693Gujsdl31
688MH33,688Mahsdl33
687MH33A,687Mahsd33
696TN56,696Tamsdl56
683MH32A,683Mahsdl32
697TN46,697Tamsdl46
686MH32,686Mahsdl32
703TN51,703Tamsdl51
684RJ31,684Rajsdl31
705TS41,705Telsdl41
672GJ30,672Gujsdl30
68RJ31,68Rajsdl31
707RJ46,707Rajsdl46
663TN55,663Tmlsdl55
675GJ31,675Gujsdl31
683MH32B,683Mahsd32
68MH31,68Mahsdl31
709KL36,709Kersdl36
689MH32,689Mahsdl32
683MH31,683Mahsdl31
704RJ36,704Rajsdl36
706KL41,706Kersdl41
695MH32,695Mahsdl32
713RJ41,713Rajsdl41
701MH32,701Mhsdl32
715AP37,715Apsdl37
695GJ31,695Gujsdl31
695MH31,695Mahsdl31
712AP35,712Apsdl35
714AP36,714Apsdl36
678MH31,678Mahsdl31
697TN31,697Tamil31
724TN51,724Tamil51
697TN31A,697Tamsdl31
71MH36,710Mahsdl36
698TN31A,698Tamsdl31
714AP41,714Apsdl41
698GJ31,698Gujsdl31
624MH26,624Mahsdl26
70TN31,7Tamsdl31
643MH27,643Mahsdl27
697TN31B,697Tamsd31A
638MH27,638Mahsdl27
695TN31B,695Tamsdl31
691RJ31A,691Rajsdl31
705TS35,705Telsdl35
687RJ31,687Rajsdl31
684GJ31A,684Gujsd31
691MH33,691Mahsdl33
691MH34,691Mahsdl34
698AP36,698Apsdl36
686AP35,686Apsdl35
709AP39,709Apsdl39
704AP34,704Apsdl34
693KA32,693Karsdl32
689GJ31,689Gujsdl31
601RJ26,601Rajsdl26
714AP41A,714Apsd41
675GJ29,675Gujsdl29
703KA32,703Karsdl32
708KA34A,708Karsdl34
702AP37,702Apsdl37
696TN51,696Tansdl51
693GJ31A,693Gjsdl31
634RJ27,634Rjsdl27
708AP35,708Apsdl35
70AP38A,7Apsdl2038
692RJ31,692Rajsdl31
69KA31,69Karsdl31
671TN29,671Tnsdl29
699TS43,699Telsdl43
687KA31,687Karsdl31
699TN41,699Tnsdl41
692AP41,692Apsdl41
688KA32,688Karsdl32
666TN29,666Tamsdl29
689KA33,689Karsdl33
683TN31A,683Tamsdl31
702KA33,702Karsdl33
707TN38,707Tamsdl38
712KA34,712Karsdl34
722KA35,722Kasdl35
718KA33,718Kasdl33
731KA35,731Karsdl35
704TN30,704Tamsdl30
733KA37,733Kasdl37
735KA36,735Kasdl36
733KA40,733Kasdl40
737KA38,737Kasdl38
724RJ32,724Rajsdl32
733MP42,733Mpsdl42
732KA34,732Karsdl34
721RJ32,721Rajsdl32
744KA35,744Karsdl35
730KA32,73Karsdl32
716KA36,716Karsdl36
706GJ32,706Gujsdl32
713KA38,713Karsdl38
709GJ32,709Gujsdl32
712GJ32,712Gujsdl32
725GJ32,725Gujsdl32
748AP38,748Apsdl38
731AP42,731Apsdl42
719TN32,719Tamsdl32
719TN42,719Tamsdl42
739TN52,739Tamsdl52
742KL34,742Kersdl34
737RJ34,737Rajsdl34
74TN42,74Tnsdl42
713TN30,713Tnsdl30
729GJ32,729Gujsdl32
739TN42,739Tnsdl42
74KL37,740Kersdl37
734AP40,734Apsdl40
718MH30,718Mahsdl30
752AP38,752Apsdl38
745AP37,745Apsdl37
776AP32,776Apsdl32
778AP41,778Apsdl41
778AP42,778Apsdl42
763MH30,763Mahsdl30
763AP30,763Apsdl30
771AP32,771Apsdl32
770MH32,77Mahsdl32
772MH34,772Mahsdl34
79AP34,790Apsdl34
78GJ32,780Gjsdl32
803AP35,803Apsdl35
786MH30,786Mahsdl30
789MH32,789Mahsdl32
799TN42,799Tnsdl42
794TN32,794Tnsdl32
804AP41,804Apsdl41
804AP42,804Apsdl42
784TN52,784Tnsdl52
785AP37,785Apsdl37
769KSDL27,769Ksdl27
782GJ32,782Gjsdl32
765GJ29,765Gjsdl29
795AP40A,795Apsdl40
787TN33,787Tnsdl33
78GJ32A,78Gujsdl32
795TS35,795Telsdl35
78TN32A,78Tamsdl32
777GJ32,777Gujsdl32
804AP37,804Apsdl37
761GJ32,761Gujsdl32
764TN32,764Tmn32
782AP42,782Apsdl42
773GJ32,773Gujsdl32
76TN32,760Tmn32
774AP38,774Apsdl38
785KL35,785Kersdl35
776KL38,776Kersdl38
761TN32,761Tnsdl32
77TN42,770Tmsdl42
758AP40,758Apsdl40
758AP42,758Apsdl42
746MP32,746Mpsdl32
746TS48,746Telsdl48
756TS40,756Telsdl40
764TN29,764Tnsdl29
749GJ26,749Gujsdl26
762MH30A,762Mhsdl30
764MH32,764Mhsdl32
769KL40,769Kersdl40
776MH30,776Mahsdl30
775GJ32,775Gujsdl32
77KL47,77Kersdl47
781GJ32,781Gujsdl32
781UP34,781Upsdl34
77MH30,77Mahsdl30
741GJ26,741Gujsdl26
762GJ29,762Gujsdj29
778MH30,778Mahsdl30
783TN42,783Tnsdl42
788MP33,788Mpsdl33
78KL45,78Kersdl45
782RJ32,782Rajsdl32
757GJ26,757Gujsdl26
78TN42,780Tnsdl42
767KA32,767Karsdl32
763TN47,763Tnsdl47
774KA37,774Karsdl37
766KA42,766Karsdl42
763KA37,763Karsdl37
76GJ32,76Gujsdl32
759KA38,759Karsdl38
763KA39,763Karsdl39
768KA34,768Karsdl34
76KA32,760Karsdl32
757GJ31,757Gujsdl31
76KA33,76Karsdl33
764KL34,764Kersdl34
757TN33,757Tamsdl33
762TN43,762Tamsdl43
763GJ32,763Gujsdl32
765GJ33,765Gujsdl33
76GJ35,760Gujsdl35
768GJ30,768Gujsdl30
762MP34,762Mpsdl34
766GJ30,766Gujsdl30
759MP38,759Mp2038
772MH31,772Mahsdl31
771GJ33,771Gujsdl33
774MH33,774Mahsdl33
771GJ34,771Gujsdl34
77MH31,770Mahsdl31
772GJ35,772Gujsdl35
769MH31,769Mahsdl31
768GJ33,768Gujsdl33
774MP43,774Mpsdl43
778TS34,778Tlsdl34
772MH32,772Mah32
773MH32,773Mahsdl32
749GJ28,749Gujsdl28
777MP47,777Mpsdl47
771AP33A,771Apsdl33
736MH28,736Mahsdl28
761TS44,761Telsdl44
738GJ30,738Gujsdl30
747AP37,747Apsdl37
739TN33,739Tnsdl33
727GJ31,727Gujsdl31
72MH28,72Mahsdl28
729KL49,729Kelsdl49
718GJ28,718Gujsdl28
735TN33,735Tnsdl33
74MH32,740Mhsdl32
744HR32,744Hrsdl32
736KL38,736Kersdl38
733MH31,733Mahsdl31
732MH32,732Mhsdl32
739TN33B,739Tnsdl33A
743TN43,743Tnsdl43
744TN33B,744Tnsdl33
743TN33,743Tnsdl33
744AP36,744Apsdl36
745GJ31,745Gujsdl31
746MH33,746Mhsdl33
747MH34,747Mhsdl34
77KA33,770Karsdl33
771MH33,771Mhsdl33
77MH34,770Mhsdl34
765TN30,765Tnsdl30
77MH33A,77Mahsdl33
758GJ26,758Gujsdl26
765GJ29A,965Gujsdl29
769KA33A,769Karsdl33
766GJ30A,766Gjsdl30
755GJ31,755Gujsdl31
767GA33A,767Goasdl33
74GJ26,740Gujsdl26
774KA34,774Karsdl34
764GJ31,764Gujsdl31
766GJ32,766Gujsdl32
773MH36,773Mahsdl36
763GJ33,763Gujsdl33
763GJ34,763Gujsdl34
767KA42,767Karsdl42
76GJ33,76Gujsdl33
763MH36,763Mahsdl36
76TN31,76Tamsdl31
742GJ31,742Gujsdl31
748MH35,748Mahsdl35
749MH36,749Mahsdl36
744TS46,744Telsdl46
742GJ33,742Gujsdl33
743MH35,743Mahsdl35
736KA34,736Karsdl34
737KA37,737Karsdl37
737KA38A,737Karsdl38
736TN54,736Tnsdl54
742MH37,742Mahsdl37
749TN34,749Tnsdl34
75TN31,750Tnsdl31
75AP32,750Apsdl32
753AP36,753Apsdl36
752RJ34,752Rajsdl34
747KL50,747Kersdl50
749TN44,749Tamsdl44
743TAMSDL34,743Tamsdl34
743TGNSDL41,743Tgnsdl41
745APSDL33,745Apsdl33
741RJSDL34,741Rjsdl34
737RJSDL39,737Rjsdl39
739TNSDL32,739Tnsdl32
723GJSDL27,723Gjsdl27
727TNSDL54,727Tnsdl54
737APSDL36,737Apsdl36
732RJSDL34,732Rjsdl34
736RJSDL46,736Rjsdl46
731TMSDL54,731Tmsdl54
733APSDL43,733Apsdl43
736RJSDL34,736Rjsdl34
734TMSDL34,734Tmsdl34
733KRSDL54,733Krsdl54
730MHSDL38,730Mhsdl38
730MHSDL39,730Mhsdl39
733MHSDL44,733Mhsdl44
727MHSDL34,727Mhsdl34
729TMSDL54,729Tmsdl54
727MHSDL44,727Mhsdl44
726MHSDL49,726Mhsdl49
727MHSDL39,727Mhsdl39
722RJSDL34,722Rjsdl34
726MPSDL38,726Mpsdl38
722MHSDL49,722Mhsdl49
727APSDL36,727Apsdl36
723MHSDL35,723Mhsdl35
725APSDL47,725Apsdl47
726MHSDL50,726Mhsdl50
725TLSDL46,725Tlsdl46
708KASDL34,708Kasdl34
682GJSDL27,682Gjsdl27
709RJSDL35,709Rjsdl35
71KARSDL35,71Karsdl35
7TNSDL29,7Tnsdl29
715KRSDL36,715Krsdl36
716TNSDL54,716Tnsdl54
712TNSDL34,712Tnsdl34
708GJSDL33,708Gjsdl33
704GJSDL32,704Gjsdl32
708TNSDL34,708Tnsdl34
712KASDL36,712Kasdl36
711GJSDL33,711Gjsdl33
712GJSDL35,712Gjsdl35
712MHSDL36,712Mhsdl36
719MHSDL40,719Mhsdl40
717MHSDL37,717Mhsdl37
718MHSDL39,718Mhsdl39
722KASDL32,722Kasdl32
713MHSDL37,713Mhsdl37
712MHSDL38,712Mhsdl38
714MHSDL39,714Mhsdl39
676MHSDL37,676Mhsdl37
640TNSDL32,640Tnsdl32
694TNSDL55,694Tnsdl55
709TNSDL55,709Tnsdl55
714MHSDL45,714Mhsdl45
712MHSDL47,712Mhsdl47
716MHSDL50,716Mhsdl50
707TNSDL55,707Tnsdl55
709TLSDL63,709Tlsdl63
716MHSDL55,716Mhsdl55
744TNSDL55,744Tnsdl55
754RJSDL53,754Rjsdl53
757MPSDL45,757Mpsdl45
754TGSDL55,754Tgsdl55
775WBSDL47,775Wbsdl47
708MAHSD39,708Mahsd39
704MAHSD40,704Mahsd40
778KLSDL45,778Klsdl45
774TELSD51,774Telsd51
731TNSDL34,731Tnsdl34
750MPSDL44,750Mpsdl44
718MAHSD33,718Mahsd33
707GJSDL32,707Gjsdl32
726TNSDL35,726Tnsdl35
727MAHSD36,727Mahsd36
750APSDL45,750Apsdl45
706GUJSD33,706Gujsd33
726MAHSD42,726Mahsd42
746TMSDL55,746Tmsdl55
745TLSDL57,745Tlsdl57
744TLSDL56,744Tlsdl56
684GJSDL31,684Gjsdl31
75TELSDL52,75Telsdl52
744TNSD55A,744Tnsd55A
717GJSDL34,717Gjsdl34
72MHSDL34,72Mhsdl34
745TNSDL55,745Tnsdl55
743MHSDL40,743Mhsdl40
759WBSDL47,759Wbsdl47
752APSDL37,752Apsdl37
754RJSDL35,754Rjsdl35
746KASDL36,746Kasdl36
754MPSDL46,754Mpsdl46
758WBSDL42,758Wbsdl42
754TRSDL40,754Trsdl40
759ADSDL47,759Adsdl47
751KASDL36,751Kasdl36
75TNSDL37,75Tnsdl37
761HRSDL43,761Hrsdl43
762JKSDL41,762Jksdl41
754KASDL37,754Kasdl37
758TNSDL56,758Tnsdl56
747GJSDL36,747Gjsdl36
724MHSDL34,724Mhsdl34
763MPSDL48,763Mpsdl48
754MHSDL37,754Mhsdl37
702GJSDL31,702Gjsdl31
761TNSDL56,761Tnsdl56
784TGSDL47,784Tgsdl47
762MPSDL39,762Mpsdl39
748MHSDL37,748Mhsdl37
741GJSDL37,741Gjsdl37
744KNSDL36,744Knsdl36
766MHSDL47,766Mhsdl47
807MHSDL49,807Mhsdl49
807TGSDL56,807Tgsdl56
797RJSDL43,797Rjsdl43
727MHSGS36,727Mhsgs36
781APSDL56,781Apsdl56
777MHSDL44,777Mhsdl44
779MHSDL54,779Mhsdl54
767UPSDL41,767Upsdl41
YARNPP,Yarn Syndicate Ltd
APLABPP,Aplab Ltd
SSFLPP,Spandana Sphoorty Financial Ltd
SURAJINDPP,Suraj Industries Ltd
ATLPP,Allcargo Terminals Ltd
ANNVRPP,Annvrridhhi Ventures Ltd
ACESEPP,Ace Software Exports Ltd
ANIRITPP,Anirit Ventures Ltd
KRISHPP,Krishival Foods Ltd
VERTEXPP,Vertex Securities Ltd
BCCPP,Bcc Fuba India Ltd
PRABHAPP,Prabha Energy Ltd
505196,Til Ltd
ICICM58,Icici Bank Ltd
CHOLACCD,Cholamandalam Investment And Finance Company Ltd
SMILCCD,Samvardhana Motherson International Ltd
759PUNEM27,Pune Muni Bond-7.59%-20-6-27-P
89GHMC28,Greater Hyderabad Municipal Corporation
938GHMC28,Greater Hyderabad Municipal Corporation
10GVMC28,Greater Visakhapatnam Municipal Corporation
85LMC26,Lucknow Municipal Corporation
85LMC27,Lucknow Municipal Corporation
85LMC28,Lucknow Municipal Corporation
85LMC29,Lucknow Municipal Corporation
85LMC30,Lucknow Municipal Corporation
810GNN27,Ghaziabad Nagar Nigam
810GNN28,Ghaziabad Nagar Nigam
810GNN29,Ghaziabad Nagar Nigam
810GNN30,Ghaziabad Nagar Nigam
810GNN31,Ghaziabad Nagar Nigam
815PCMC28,Pimpri Chinchwad Municipal Corporation
79AMC29,Ahmedabad Municipal Corporation
79VMC29,Vadodara Municipal Corporation
807PNN29,Prayagraj Nagar Nigam
807PNN30,Prayagraj Nagar Nigam
807PNN31,Pnn-8.07%-02-05-31-Mb
807PNN32,Pnn-8.07%-02-05-32-Mb
785PCMC29,Pimpri Chinchwad Municipal Corporation
785PCMC30A,Pimpri Chinchwad Municipal Corporation
727PFCL30,Power Finance Corporation Ltd
752PFCL30,Power Finance Corporation Ltd
735PFCL35,Power Finance Corporation Ltd
760PFCL35,Power Finance Corporation Ltd
709REC30,Rec Ltd
734REC30,Rec Ltd
718REC35,Rec Ltd
743REC35,Rec Ltd
728IRFC30,Indian Railway Finance Corporation Ltd
725IRFC35,Indian Railway Finance Corporation Ltd
753IRFC30,Indian Railway Finance Corporation Ltd
750IRFC35,Indian Railway Finance Corporation Ltd
735NHAI31,National Highways Authority Of India
76NHAI31,National Highways Authority Of India
749IREDA31,Indian Renewable Energy Development Agency Ltd
743IREDA36,Indian Renewable Energy Development Agency Ltd
774IREDA31,Indian Renewable Energy Development Agency Ltd
768IREDA36,Indian Renewable Energy Development Agency Ltd
739HUDC31,Housing & Urban Development Corporation Ltd
764HUDCO31,Housing & Urban Development Corporation Ltd
739NHAI31A,National Highways Authority Of India
769NHAI31,National Highways Authority Of India
739HUDCO31,Housing & Urban Development Corporation Ltd
769HUDCO31,Housing & Urban Development Corporation Ltd
735IRFC31,Indian Railway Finance Corporation Ltd
764IRFC31,Indian Railway Finance Corporation Ltd
735NABAR31,National Bank For Agriculture And Rural Development
764NABAR31,National Bank For Agriculture And Rural Development
853MMFSL26,Mahindra & Mahindra Financial Services Ltd
872MMFSL26,Mahindra & Mahindra Financial Services Ltd
88MMFSL26,Mahindra & Mahindra Financial Services Ltd
9MMFSL26,Mahindra & Mahindra Financial Services Ltd
MMFSL26,Mahindra & Mahindra Financial Services Ltd
MMFSL26A,Mahindra & Mahindra Financial Services Ltd
957NIDO26,Nido Home Finance Ltd
10NIDO26,Nido Home Finance Ltd
NIDOZC26,Nido Home Finance Ltd
865SCL26,Sammaan Capital Ltd
885SCL26,Sammaan Capital Ltd
9SCL26BA,Sammaan Capital Ltd
SCLZC26,Sammaan Capital Ltd
879SCL26,Sammaan Capital Ltd
9SCL26B,Sammaan Capital Ltd
915SCL26,Sammaan Capital Ltd
SCLZC26A,Sammaan Capital Ltd
790MMFSL27,Mahindra & Mahindra Financial Services Ltd
800MMFSL27,Mahindra & Mahindra Financial Services Ltd
795MMFSL32,Mahindra & Mahindra Financial Services Ltd
805MMFSL32,Mahindra & Mahindra Financial Services Ltd
888ECL28,Edelweiss Retail Finance Ltd
925ECL28,Edelweiss Retail Finance Ltd
975JMFCS28,Jm Financial Credit Solutions Ltd
934JMFCS28,Jm Financial Credit Solutions Ltd
903SFL28,Shriram Finance Ltd
94SFL28,Shriram Finance Ltd
943ECL28,Ecl Finance Ltd
985ECL28,Ecl Finance Ltd
931SFIL26A,Sammaan Finserve Ltd
96SFIL24A,Indiabulls Commercial Credit Ltd
97SFIL26A,Indiabulls Commercial Credit Ltd
92SFIL28,Indiabulls Commercial Credit Ltd
9TCAP28,Tata Capital Ltd
910TCAP28,Tata Capital Ltd
935AHFL28,Aadhar Housing Finance Ltd
975AHFL28,Aadhar Housing Finance Ltd
930SFL28,Shriram Finance Ltd
97SFL28,Shriram Finance Ltd
1025JFCS28,Jm Financial Credit Solutions Ltd
981JMFCS28,Jm Financial Credit Solutions Ltd
1015ECL29,Ecl Finance Ltd
1060ECL29,Ecl Finance Ltd
92MMFSL27,Mahindra & Mahindra Financial Services Ltd
93MMFSL27,Mahindra & Mahindra Financial Services Ltd
935MMFSL29,Mahindra & Mahindra Financial Services Ltd
95MMFSL29,Mahindra & Mahindra Financial Services Ltd
957ICCL25,Shriram Finance Ltd
97SFL29,Shriram Finance Ltd
10IIFL29,Iifl Finance Ltd
105IIFL29,Iifl Finance Ltd
92LTF29,L&T Finance Ltd
935LTF29,L&T Finance Ltd
884LTF29,L&T Finance Ltd
898LTF29,L&T Finance Ltd
885LTF27,L&T Finance Ltd
905LTF27,L&T Finance Ltd
852LTF27,L&T Finance Ltd
87LTF27,L&T Finance Ltd
829PFL29,Poonawalla Fincorp Ltd
85PFL26A,Poonawalla Fincorp Ltd
MHLZC26,Muthoot Homefin (India) Ltd
995ECL29A,Ecl Finance Ltd
104ECL29A,Ecl Finance Ltd
MFLZC26A,Muthoot Finance Ltd
1025KFL26A,Kosamattam Finance Ltd
KFLZC26B,Kosamattam Finance Ltd
931SFL26,Shriram Finance Ltd
97SFL26,Shriram Finance Ltd
SFLZC26A,Shriram Finance Ltd
855TCAPS27,Tata Capital Ltd
865TCAPS27,Tata Capital Ltd
875TCAPS29,Tata Capital Ltd
885TCAPS29,Tata Capital Ltd
JMFPZC26,Jm Financial Products Ltd
MFLZC27D,Muthoot Finance Ltd
MHFLZC26,Manappuram Home Finance Ltd
995ECL29,Ecl Finance Ltd
104ECL29,Ecl Finance Ltd
1025KFL26B,Kosamattam Finance Ltd
1041KFL26,Kosamattam Finance Ltd
85LTF26,L&T Finance Ltd
865LTF26,L&T Finance Ltd
MFLZC27B,Muthoot Finance Ltd
801TCH28,Tata Capital Housing Finance Ltd
81TCHF28,Tata Capital Housing Finance Ltd
83TCHF28,Tata Capital Housing Finance Ltd
84TCHF28,Tata Capital Housing Finance Ltd
TCHF30,Tata Capital Housing Finance Ltd
875SFL27,Shriram Finance Ltd
91SFL27,Shriram Finance Ltd
98NWFL30,Nuvama Wealth Finance Ltd
1025NWFL30,Nuvama Wealth Finance Ltd
MMLZC27,Muthoot Mcred Ltd
10JFPL30,Jm Financial Products Ltd
957JFPL30,Jm Financial Products Ltd
MVAF27,Muthoot Vehicle And Asset Finance Ltd
1025KFL27,Kosamattam Finance Ltd
KFL27,Kosamattam Finance Ltd
MMLZC27A,Muthoot Mcred Ltd
KAFLZC26A,Klm Axiva Finvest Ltd
MMLZC27B,Muthoot Mcred Ltd
1025KFL27A,Kosamattam Finance Ltd
KFLZC27,Kosamattam Finance Ltd
MMLZC27C,Muthoot Mcred Ltd
953EFSL31,Edelweiss Financial Services Ltd
995EFSL31,Edelweiss Financial Services Ltd
663PFCL31,Power Finance Corporation Ltd
682PFCL31,Power Finance Corporation Ltd
68PFCL31,Power Finance Corporation Ltd
7PFCL31,Power Finance Corporation Ltd
658PFCL31,Power Finance Corporation Ltd
683PFCL31,Power Finance Corporation Ltd
678PFCL36,Power Finance Corporation Ltd
697PFCL36,Power Finance Corporation Ltd
695PFCL36,Power Finance Corporation Ltd
715PFCL36,Power Finance Corporation Ltd
KFLZC26,Kosamattam Finance Ltd
1025KFL28,Kosamattam Finance Ltd
KFLZC28,Kosamattam Finance Ltd
9MFL27,Muthoot Fincorp Ltd
94MFL27,Muthoot Fincorp Ltd
MFLZC27C,Muthoot Fincorp Ltd
MMLZC26,Muthoot Mcred Ltd
MMLZC28,Muthoot Mcred Ltd
9MFL27A,Muthoot Fincorp Ltd
94MFL27A,Muthoot Fincorp Ltd
MFLZC27E,Muthoot Fincorp Ltd
10IIFL28A,Iifl Finance Ltd
96IIFL28A,Iifl Finance Ltd
IIFLZC28,Iifl Finance Ltd
MFLVI31F,Muthoot Finance Ltd
1025KFL26C,Kosamattam Finance Ltd
KFLZC28A,Kosamattam Finance Ltd
930EFSL31,Edelweiss Financial Services Ltd
970EFSL31,Edelweiss Financial Services Ltd
1025MML26A,Muthoot Mcred Ltd
MMLZC28A,Muthoot Mcred Ltd
77IGT28,India Grid Trust
79IGT28,India Grid Trust
749IGT28,India Grid Trust
769IGT28,India Grid Trust
795IGT31,India Grid Trust
82IGT31,India Grid Trust
772IGT31,India Grid Trust
797IGT31,India Grid Trust
950MFCL27D,Muthoot Fincorp Ltd
975MFCL28E,Muthoot Fincorp Ltd
MFLZC28E,Muthoot Fincorp Ltd
85PFL26,Piramal Finance Ltd
875PF26,Piramal Finance Ltd
875PFL31,Piramal Finance Ltd
9PFL31A,Piramal Finance Ltd
1050SFL26,Sakthi Finance Ltd
SFLZC26,Sakthi Finance Ltd
1125KLM26,Klm Axiva Finvest Ltd
1150KLM26,Klm Axiva Finvest Ltd
KAFL28,Klm Axiva Finvest Ltd
10IIFL28,Iifl Home Finance
96IIFL28,Iifl Home Finance
IIFLZC28C,Iifl Home Finance
915EFSL26,Edelweiss Financial Services Ltd
955EFSL26A,Edelweiss Financial Services Ltd
EFSL26,Edelweiss Financial Services Ltd
93EFSL31,Edelweiss Financial Services Ltd
97EFSL31,Edelweiss Financial Services Ltd
10MML27B,Muthoot Mcred Ltd
MMLZC28B,Muthoot Mcred Ltd
925SCL26,Sammaan Capital Ltd
889SCL26,Sammaan Capital Ltd
975SCL28,Sammaan Capital Ltd
889SCL28,Sammaan Capital Ltd
935SCL28,Sammaan Capital Ltd
850SCL25A,Sammaan Capital Ltd
9KSFL27,Kosamattam Finance Ltd
KFLZC28B,Kosamattam Finance Ltd
820JMFPL26,Jm Financial Products Ltd
791JMFPL26,Jm Financial Products Ltd
830JMFPL30,Jm Financial Products Ltd
842IIFL26,Iifl Finance Ltd
875IIFL26,Iifl Finance Ltd
IIFLZC26,Iifl Finance Ltd
12IML26,Indel Money Ltd
12IML26A,Indel Money Ltd
IML27,Indel Money Ltd
11KAFL26,Klm Axiva Finvest Ltd
1125KLM26A,Klm Axiva Finvest Ltd
KAFL28A,Klm Axiva Finvest Ltd
910MFL26,Muthoot Fincorp Ltd
950MFL27,Muthoot Fincorp Ltd
975MFL29,Muthoot Fincorp Ltd
MFL26B,Muthoot Fincorp Ltd
MFL29A,Muthoot Fincorp Ltd
915EFSL26A,Edelweiss Financial Services Ltd
955EFSL26B,Edelweiss Financial Services Ltd
EFSL26A,Edelweiss Financial Services Ltd
93EFSL31A,Edelweiss Financial Services Ltd
97EFSL31A,Edelweiss Financial Services Ltd
MMLZC27D,Muthoot Mcred Ltd
820IIFL27,Iifl Home Finance
850IIFL27,Iifl Home Finance
IIFLHFZC27,Iifl Home Finance
843IHFL29,Iifl Home Finance
875IHFL29,Iifl Home Finance
IIFLHF29,Iifl Home Finance
875SCFL27,Sammaan Capital Ltd
925SCFL27,Sammaan Capital Ltd
843SCFL27,Sammaan Capital Ltd
889SCFL27,Sammaan Capital Ltd
850MFL27,Muthoot Fincorp Ltd
875MFL28,Muthoot Fincorp Ltd
9MFL30,Muthoot Fincorp Ltd
MFLZC27A,Muthoot Fincorp Ltd
MFLZC28F,Muthoot Fincorp Ltd
MFLZC30,Muthoot Fincorp Ltd
11KAFL27,Klm Axiva Finvest Ltd
1125KAFL27,Klm Axiva Finvest Ltd
KAFLZC28,Klm Axiva Finvest Ltd
KFLZC26D,Kosamattam Finance Ltd
10KFIL27,Kosamattam Finance Ltd
KFLZC29,Kosamattam Finance Ltd
875SCL27,Sammaan Capital Ltd
925SCL27,Sammaan Capital Ltd
843SCL27,Sammaan Capital Ltd
889SCL27,Sammaan Capital Ltd
10SFL27,Sakthi Finance Ltd
SFL27,Sakthi Finance Ltd
915NIDO27,Nido Home Finance Ltd
955NIDO27,Nido Home Finance Ltd
NIDO27,Nido Home Finance Ltd
930NIDO32,Nido Home Finance Ltd
970NIDO32,Nido Home Finance Ltd
MFLII27B,Muthoot Finance Ltd
MFLIV27D,Muthoot Finance Ltd
MFLV29E,Muthoot Finance Ltd
MFLVI32F,Muthoot Finance Ltd
MFLVIII27H,Muthoot Finance Ltd
950MM26,Muthoot Mcred Ltd
MML27,Muthoot Mcred Ltd
MFLII27,Muthoot Finance Ltd
MFLIV27,Muthoot Finance Ltd
MFLV29,Muthoot Finance Ltd
MFLVII27,Muthoot Finance Ltd
11IML27,Indel Money Ltd
IML28C,Indel Money Ltd
916NWIL27,Nuvama Wealth And Investment Ltd
955NWIL27,Nuvama Wealth And Investment Ltd
NWIL27,Nuvama Wealth And Investment Ltd
953NWIL32,Nuvama Wealth And Investment Ltd
995NWIL32,Nuvama Wealth And Investment Ltd
95KFL26,Kosamattam Finance Ltd
KFL27A,Kosamattam Finance Ltd
925KFL27,Kosamattam Finance Ltd
KFL29,Kosamattam Finance Ltd
835MFL26,Muthoot Fincorp Ltd
MFL26E,Muthoot Fincorp Ltd
MFL30,Muthoot Fincorp Ltd
87SCL27,Sammaan Capital Ltd
915SCL27,Sammaan Capital Ltd
865SCL24B,Sammaan Capital Ltd
905SC24B,Sammaan Capital Ltd
1050KLM27,Klm Axiva Finvest Ltd
1075KLM27,Klm Axiva Finvest Ltd
KAFL29,Klm Axiva Finvest Ltd
935EFSL27,Edelweiss Financial Services Ltd
975EFSL27,Edelweiss Financial Services Ltd
EFSL27,Edelweiss Financial Services Ltd
965EFSL32,Edelweiss Financial Services Ltd
1010EFSL32,Edelweiss Financial Services Ltd
79NHIT35,National Highways Infra Trust
79NHIT40,National Highways Infra Trust
79NHIT47,National Highways Infra Trust
915SCL27A,Sammaan Capital Ltd
89SCL24A,Sammaan Capital Ltd
MFLTDII27,Muthoot Finance Ltd
93SCL24A,Sammaan Capital Ltd
MFLV27,Muthoot Finance Ltd
MFLTDVII27,Muthoot Finance Ltd
10CAGL27,Creditaccess Grameen Ltd
CAGL27A,Creditaccess Grameen Ltd
750MFL27,Muthoot Finance Ltd
775MFL27,Muthoot Finance Ltd
MFLZC27,Muthoot Finance Ltd
894SCL27,Sammaan Capital Ltd
939SCL27,Sammaan Capital Ltd
965SCL25C,Sammaan Capital Ltd
115CCIL28,Chemmanur Credits And Investments Ltd
CCILZC29,Chemmanur Credits And Investments Ltd
95KFL27,Kosamattam Finance Ltd
KFL27B,Kosamattam Finance Ltd
KFL30,Kosamattam Finance Ltd
967EFSL28D,Edelweiss Financial Services Ltd
1010EFS28A,Edelweiss Financial Services Ltd
EFSLZC28,Edelweiss Financial Services Ltd
10EFSL33B,Edelweiss Financial Services Ltd
1045EFS33A,Edelweiss Financial Services Ltd
865IIFL28,Iifl Finance Ltd
9IIFL28A,Iifl Finance Ltd
IIFLZC28A,Iifl Finance Ltd
980SFIL28,Indiabulls Commercial Credit Ltd
1030SFIL28,Indiabulls Commercial Credit Ltd
940SFIL28,Indiabulls Commercial Credit Ltd
840MFL27,Muthoot Fincorp Ltd
985SFIL28,Indiabulls Commercial Credit Ltd
850MFL28,Muthoot Fincorp Ltd
870MFL27,Muthoot Fincorp Ltd
880MFL28,Muthoot Fincorp Ltd
785MFL28,Muthoot Finance Ltd
81MFL28,Muthoot Finance Ltd
MFL23A,Muthoot Finance Ltd
1050KLMA28,Klm Axiva Finvest Ltd
1075KLMA28,Klm Axiva Finvest Ltd
KAFLZC30,Klm Axiva Finvest Ltd
965SCL28,Sammaan Capital Ltd
1015SCL28A,Sammaan Capital Ltd
925SCL28,Sammaan Capital Ltd
971SCL28,Sammaan Capital Ltd
1003SFIL28,Indiabulls Commercial Credit Ltd
866SFIL23A,Indiabulls Commercial Credit Ltd
890SFIL23A,Indiabulls Commercial Credit Ltd
967EFSL28,Edelweiss Financial Services Ltd
101EFSL28,Edelweiss Financial Services Ltd
EFSL28,Edelweiss Financial Services Ltd
10EFSL33,Edelweiss Financial Services Ltd
1045EFS33B,Edelweiss Financial Services Ltd
KFL26A,Kosamattam Finance Ltd
95KFL27A,Kosamattam Finance Ltd
KFL27C,Kosamattam Finance Ltd
KFL30A,Kosamattam Finance Ltd
775MFL2026,Muthoot Finance Ltd
785MFL2028,Muthoot Finance Ltd
8MFL2026,Muthoot Finance Ltd
810MFL2028,Muthoot Finance Ltd
MFL26,Muthoot Finance Ltd
MFL28,Muthoot Finance Ltd
865MFL26A,Muthoot Fincorp Ltd
88MFL28,Muthoot Fincorp Ltd
9MFL30A,Muthoot Fincorp Ltd
915MFL28,Muthoot Fincorp Ltd
MFL26Z,Muthoot Fincorp Ltd
MFL30A,Muthoot Fincorp Ltd
830CIFC26,Cholamandalam Investment And Finance Company Ltd
CIFCZC26A,Cholamandalam Investment And Finance Company Ltd
840CIFCL28,Cholamandalam Investment And Finance Company Ltd
CIFCZC28A,Cholamandalam Investment And Finance Company Ltd
950SFL27,Sakthi Finance Ltd
SFL27A,Sakthi Finance Ltd
1025SFL28,Sakthi Finance Ltd
SFL28,Sakthi Finance Ltd
SFL30,Sakthi Finance Ltd
1150IML28,Indel Money Ltd
IML28,Indel Money Ltd
IML29,Indel Money Ltd
85IFL26,Iifl Finance Ltd
IIFLZC26B,Iifl Finance Ltd
865IFL28,Iifl Finance Ltd
9IIFL28,Iifl Finance Ltd
IIFLZC28B,Iifl Finance Ltd
1050NFL26,Navi Finserv Ltd
1102NFL26,Navi Finserv Ltd
92EFSL26,Edelweiss Financial Services Ltd
96EFSL26,Edelweiss Financial Services Ltd
EFSL26C,Edelweiss Financial Services Ltd
967EFS28,Edelweiss Financial Services Ltd
1010EFS28,Edelweiss Financial Services Ltd
EFSL28A,Edelweiss Financial Services Ltd
10EFS33,Edelweiss Financial Services Ltd
1045EFS33,Edelweiss Financial Services Ltd
940SCL26C,Sammaan Capital Ltd
990SCL26I,Sammaan Capital Ltd
902SCL26I,Sammaan Capital Ltd
948SCL26I,Sammaan Capital Ltd
SCLZC26B,Sammaan Capital Ltd
1015SCL28B,Sammaan Capital Ltd
925SCL28I,Sammaan Capital Ltd
971SCL28I,Sammaan Capital Ltd
745PFCL26,Power Finance Corporation Ltd
750PFCL26,Power Finance Corporation Ltd
747PFCL33,Power Finance Corporation Ltd
753PFCL33,Power Finance Corporation Ltd
750PFCL38,Power Finance Corporation Ltd
755PFCL38,Power Finance Corporation Ltd
925IHFL25E,Cholamandalam Investment And Finance Company Ltd
CIFC26A,Cholamandalam Investment And Finance Company Ltd
84CIFCL28,Cholamandalam Investment And Finance Company Ltd
CIFC28,Cholamandalam Investment And Finance Company Ltd
925CAGL26,Creditaccess Grameen Ltd
CAGL26,Creditaccess Grameen Ltd
940CAGL27,Creditaccess Grameen Ltd
CAGL27,Creditaccess Grameen Ltd
970CAGL28,Creditaccess Grameen Ltd
CAGL28,Creditaccess Grameen Ltd
975KAFL26,Klm Axiva Finvest Ltd
10KAFL26,Klm Axiva Finvest Ltd
1050KAFL28,Klm Axiva Finvest Ltd
1075KAFL28,Klm Axiva Finvest Ltd
KAFL30,Klm Axiva Finvest Ltd
920NIDO26,Nido Home Finance Ltd
960NIDO26,Nido Home Finance Ltd
NIDO26,Nido Home Finance Ltd
967NIDO28,Nido Home Finance Ltd
1010NIDO28,Nido Home Finance Ltd
NIDO28,Nido Home Finance Ltd
10NIDO33,Nido Home Finance Ltd
1045NIDO33,Nido Home Finance Ltd
890MFL26A,Muthoot Fincorp Ltd
905MFL28A,Muthoot Fincorp Ltd
927MFL26A,Muthoot Fincorp Ltd
944MFL28A,Muthoot Fincorp Ltd
MFL26F,Muthoot Fincorp Ltd
MFL28B,Muthoot Fincorp Ltd
MFL31,Muthoot Fincorp Ltd
990SCL26,Sammaan Capital Ltd
940SCL26,Sammaan Capital Ltd
948SCL26,Sammaan Capital Ltd
902SCL26,Sammaan Capital Ltd
SCLZC26C,Sammaan Capital Ltd
SCLZC26H,Sammaan Capital Ltd
965SCL28C,Sammaan Capital Ltd
925SCL28C,Sammaan Capital Ltd
971SCL28C,Sammaan Capital Ltd
10SCL30A,Sammaan Capital Ltd
1003SCL30,Sammaan Capital Ltd
957SCL30,Sammaan Capital Ltd
980SCL33C,Sammaan Capital Ltd
888SCL25D,Sammaan Capital Ltd
1025SCL33A,Sammaan Capital Ltd
1075SCL33A,Sammaan Capital Ltd
980SCL33A,Sammaan Capital Ltd
888SCL25E,Sammaan Capital Ltd
925KFL26,Kosamattam Finance Ltd
KFL26C,Kosamattam Finance Ltd
10KFL27,Kosamattam Finance Ltd
KFL28D,Kosamattam Finance Ltd
KFL31,Kosamattam Finance Ltd
775MFLTD26,Muthoot Finance Ltd
775MFLTD28,Muthoot Finance Ltd
8MFLTD26,Muthoot Finance Ltd
8MFLTD28,Muthoot Finance Ltd
MFL26A,Muthoot Finance Ltd
MFL28A,Muthoot Finance Ltd
8ABCL26,Aditya Birla Capital Ltd
ABCL26,Aditya Birla Capital Ltd
805ABCL28,Aditya Birla Capital Ltd
ABCL28,Aditya Birla Capital Ltd
78ABCL33,Aditya Birla Capital Ltd
81ABCL33,Aditya Birla Capital Ltd
920EFSL26A,Edelweiss Financial Services Ltd
960EFSLA,Edelweiss Financial Services Ltd
EFSLZC26C,Edelweiss Financial Services Ltd
967EFSL28A,Edelweiss Financial Services Ltd
1010EFSL28,Edelweiss Financial Services Ltd
EFSLZC28C,Edelweiss Financial Services Ltd
10EFSL33A,Edelweiss Financial Services Ltd
1045EFSL33,Edelweiss Financial Services Ltd
89MFL26,Muthoot Fincorp Ltd
905MFL28,Muthoot Fincorp Ltd
927MFL26,Muthoot Fincorp Ltd
944MFL28,Muthoot Fincorp Ltd
MFL26D,Muthoot Fincorp Ltd
MFL28D,Muthoot Fincorp Ltd
MFL31A,Muthoot Fincorp Ltd
11CCL26,Chemmanur Credits And Investments Ltd
1150CCIL28,Chemmanur Credits And Investments Ltd
CCILZC30,Chemmanur Credits And Investments Ltd
905PFL26,Piramal Finance Ltd
920PFL28,Piramal Finance Ltd
935PFL33,Piramal Finance Ltd
940SCL26A,Sammaan Capital Ltd
990SCL26A,Sammaan Capital Ltd
902SCL26A,Sammaan Capital Ltd
948SCL26A,Sammaan Capital Ltd
SCLZC26D,Sammaan Capital Ltd
SCLZC26E,Sammaan Capital Ltd
965SCL28A,Sammaan Capital Ltd
1015SCL28,Sammaan Capital Ltd
925SCL28A,Sammaan Capital Ltd
971SCL28A,Sammaan Capital Ltd
1050SCL30,Sammaan Capital Ltd
1003SCL30A,Sammaan Capital Ltd
1075SCL33B,Sammaan Capital Ltd
980SCL33,Sammaan Capital Ltd
925SCL25G,Sammaan Capital Ltd
965SCL25F,Sammaan Capital Ltd
1030IFSL26,Incred Financial Services Ltd
984IFSL26,Incred Financial Services Ltd
850CIFCL26,Cholamandalam Investment And Finance Company Ltd
CIFCZC26,Cholamandalam Investment And Finance Company Ltd
860CIFCL28,Cholamandalam Investment And Finance Company Ltd
CIFCZC28,Cholamandalam Investment And Finance Company Ltd
12ICLFL26,Icl Fincorp Ltd
125ICLFL28,Icl Fincorp Ltd
125ICFL26,Icl Fincorp Ltd
1225ICLF26,Icl Fincorp Ltd
ICLFLZC29,Icl Fincorp Ltd
957ISFL26,Iifl Samasta Finance Ltd
10ISFL26,Iifl Samasta Finance Ltd
1003ISFL28,Iifl Samasta Finance Ltd
1050ISFL28,Iifl Samasta Finance Ltd
1025MML26,Muthoot Mercantile Ltd
1075MML26,Muthoot Mercantile Ltd
MML26,Mmltd-21-12-26-Ncd
MML26A,Muthoot Mercantile Ltd
1050MML28,Muthoot Mercantile Ltd
11MML28,Muthoot Mercantile Ltd
MML28,Mmltd-21-12-28-Ncd
MML28A,Muthoot Mercantile Ltd
MML30,Muthoot Mercantile Ltd
940SCL26B,Sammaan Capital Ltd
990SCL26B,Sammaan Capital Ltd
948SCL26B,Sammaan Capital Ltd
SCLZC26F,Sammaan Capital Ltd
SCLZC26G,Sammaan Capital Ltd
965SCL28B,Sammaan Capital Ltd
925SCL28B,Sammaan Capital Ltd
971SCL28B,Sammaan Capital Ltd
980SCL33D,Sammaan Capital Ltd
835SCL23A,Sammaan Capital Ltd
875SCL23A,Sammaan Capital Ltd
1025SCL33,Sammaan Capital Ltd
1075SCL33,Sammaan Capital Ltd
980SCL33B,Sammaan Capital Ltd
835SCL23B,Sammaan Capital Ltd
93ARKA26,Arka Fincap Ltd
965ARKA26,Arka Fincap Ltd
965ARKA28,Arka Fincap Ltd
10ARKA28,Arka Fincap Ltd
KFLZC26E,Kosamattam Finance Ltd
925FL27,Kosamattam Finance Ltd
KFLZC27A,Kosamattam Finance Ltd
10KFL28,Kosamattam Finance Ltd
KFLZC28C,Kosamattam Finance Ltd
KFLZC31,Kosamattam Finance Ltd
921ONE27,360 One Prime Ltd
961ONE27,360 One Prime Ltd
926ONE29,360 One Prime Ltd
966ONE29,360 One Prime Ltd
920EFSL27,Edelweiss Financial Services Ltd
960EFSL27,Edelweiss Financial Services Ltd
EFSL27A,Edelweiss Financial Services Ltd
967EFSL29,Edelweiss Financial Services Ltd
1010EFSL29,Edelweiss Financial Services Ltd
EFSL29,Edelweiss Financial Services Ltd
10EFSL34,Edelweiss Financial Services Ltd
1045EFSL34,Edelweiss Financial Services Ltd
825MFL27,Muthoot Finance Ltd
825MFL29,Muthoot Finance Ltd
850MFL27A,Muthoot Finance Ltd
850MFL29,Muthoot Finance Ltd
MFL27,Muthoot Finance Ltd
MFL29,Muthoot Finance Ltd
85CIFC27,Cholamandalam Investment And Finance Company Ltd
CIF27,Cholamandalam Investment And Finance Company Ltd
86CIFC29,Cholamandalam Investment And Finance Company Ltd
CIF29,Cholamandalam Investment And Finance Company Ltd
915MFL27,Muthoot Fincorp Ltd
935MFL29,Muthoot Fincorp Ltd
950MFL27A,Muthoot Fincorp Ltd
975MFL29A,Muthoot Fincorp Ltd
MFLZC27F,Muthoot Fincorp Ltd
MFLZC29A,Muthoot Fincorp Ltd
MFLZC32,Muthoot Fincorp Ltd
1075IML27,Indel Money Ltd
IML160224,Indel Money Ltd
1150IML29,Indel Money Ltd
IML1622024,Indel Money Ltd
925SFL27,Sakthi Finance Ltd
SFL27224,Sakthi Finance Ltd
1025SFL29,Sakthi Finance Ltd
SFL2722024,Sakthi Finance Ltd
SFL270224A,Sakthi Finance Ltd
105UCL2026,Ugro Capital Ltd
11UCL26,Ugro Capital Ltd
958NIDO27,Nido Home Finance Ltd
10NIDO27,Nido Home Finance Ltd
NIDO010327,Nido Home Finance Ltd
1003NIDO29,Nido Home Finance Ltd
1050NIDO29,Nido Home Finance Ltd
NIDO010329,Nido Home Finance Ltd
1026NIDO34,Nido Home Finance Ltd
1075NIDO34,Nido Home Finance Ltd
11CCIL27,Chemmanur Credits And Investments Ltd
1150CCIL29,Chemmanur Credits And Investments Ltd
CCI110324A,Chemmanur Credits And Investments Ltd
1040NFL26,Navi Finserv Ltd
1090NFL26,Navi Finserv Ltd
1065NFL27,Navi Finserv Ltd
1119NFL27,Navi Finserv Ltd
940SCL27,Sammaan Capital Ltd
990SCL27,Sammaan Capital Ltd
902SCL27,Sammaan Capital Ltd
948SCL27,Sammaan Capital Ltd
0SCL27,Sammaan Capital Ltd
965SCL29,Sammaan Capital Ltd
1015SCFL29,Sammaan Capital Ltd
925SCL29,Sammaan Capital Ltd
971SCL29,Sammaan Capital Ltd
10SCL31,Sammaan Capital Ltd
1050SCFL31,Sammaan Capital Ltd
957SCL31,Sammaan Capital Ltd
1003SCFL31,Sammaan Capital Ltd
1025SCFL34,Sammaan Capital Ltd
1075SCFL34,Sammaan Capital Ltd
980SCL34,Sammaan Capital Ltd
1025SCL34,Sammaan Capital Ltd
12IFL27,Icl Fincorp Ltd
1250IFL29,Icl Fincorp Ltd
IFL1942024,Icl Fincorp Ltd
1225IFL27,Icl Fincorp Ltd
IFL19424A,Icl Fincorp Ltd
920EFSL27A,Edelweiss Financial Services Ltd
96EFSL27,Edelweiss Financial Services Ltd
EFS290424,Edelweiss Financial Services Ltd
0KFL26,Kosamattam Finance Ltd
950KFL27,Kosamattam Finance Ltd
0KFL27,Kosamattam Finance Ltd
967EFSL29A,Edelweiss Financial Services Ltd
1010EFS29,Edelweiss Financial Services Ltd
10KFL28A,Kosamattam Finance Ltd
EFS290424A,Edelweiss Financial Services Ltd
0KFL28,Kosamattam Finance Ltd
0KFL31,Kosamattam Finance Ltd
1010EFS29A,Edelweiss Financial Services Ltd
10EFSL34A,Edelweiss Financial Services Ltd
1045EFS34,Edelweiss Financial Services Ltd
1045EFS34A,Edelweiss Financial Services Ltd
890MFCL26,Muthoot Fincorp Ltd
915MFCL27,Muthoot Fincorp Ltd
935MFCL29,Muthoot Fincorp Ltd
955MFCL30,Muthoot Fincorp Ltd
925MFCL26,Muthoot Fincorp Ltd
950MFCL27,Muthoot Fincorp Ltd
975MFCL29,Muthoot Fincorp Ltd
10MFCL30,Muthoot Fincorp Ltd
MFCL30424,Muthoot Fincorp Ltd
MFCL30424A,Muthoot Fincorp Ltd
MFCL30424B,Muthoot Fincorp Ltd
MFCL30424C,Muthoot Fincorp Ltd
MFCL30424D,Muthoot Fincorp Ltd
91MOFSL27,Motilal Oswal Financial Services Ltd
0MOFSL27,Motilal Oswal Financial Services Ltd
897MOFSL29,Motilal Oswal Financial Services Ltd
935MOFSL29,Motilal Oswal Financial Services Ltd
93MOFSL34,Motilal Oswal Financial Services Ltd
97MOFSL34,Motilal Oswal Financial Services Ltd
1060MML26,Muthoot Mercantile Ltd
0MML27524,Muthoot Mercantile Ltd
1075MML27,Muthoot Mercantile Ltd
0MML27,Muthoot Mercantile Ltd
1080MML29,Muthoot Mercantile Ltd
0MML29,Muthoot Mercantile Ltd
0MML29A,Muthoot Mercantile Ltd
925SCL26C,Sammaan Capital Ltd
965SCL26A,Sammaan Capital Ltd
888SCL26A,Sammaan Capital Ltd
925SCL26D,Sammaan Capital Ltd
SCFL310524,Sammaan Capital Ltd
SCL310524,Sammaan Capital Ltd
94SCL27,Sammaan Capital Ltd
99SCL27,Sammaan Capital Ltd
902SCL27A,Sammaan Capital Ltd
948SCL27A,Sammaan Capital Ltd
SCL310524A,Sammaan Capital Ltd
1015SCL29,Sammaan Capital Ltd
925SCL29A,Sammaan Capital Ltd
971SCL29A,Sammaan Capital Ltd
10SCL31A,Sammaan Capital Ltd
1050SCL31,Sammaan Capital Ltd
1003SCL31,Sammaan Capital Ltd
1075SCL34,Sammaan Capital Ltd
98SCL34,Sammaan Capital Ltd
1025SCL34A,Sammaan Capital Ltd
898ONE26,360 One Prime Ltd
935ONE26,360 One Prime Ltd
916ONE27,360 One Prime Ltd
955ONE27,360 One Prime Ltd
921ONE29,360 One Prime Ltd
96ONE29,360 One Prime Ltd
944ONE34,360 One Prime Ltd
985ONE34,360 One Prime Ltd
920IIFLS26,Iifl Samasta Finance Ltd
960IIFLS26,Iifl Samasta Finance Ltd
957IIFLS27,Iifl Samasta Finance Ltd
10IIFLSF27,Iifl Samasta Finance Ltd
1003IIFL29,Iifl Samasta Finance Ltd
1050IIFL29,Iifl Samasta Finance Ltd
950NHFL26,Nido Home Finance Ltd
0NHFL26,Nido Home Finance Ltd
958NHFL27,Nido Home Finance Ltd
10NHFL27,Nido Home Finance Ltd
0NHFL27,Nido Home Finance Ltd
1003NHFL29,Nido Home Finance Ltd
1050NHFL29,Nido Home Finance Ltd
0NHFL29,Nido Home Finance Ltd
1026NHFL34,Nido Home Finance Ltd
1075NHFL34,Nido Home Finance Ltd
9SFL26A,Sakthi Finance Ltd
0SFL26,Sakthi Finance Ltd
925SFL27A,Sakthi Finance Ltd
0SFL27A,Sakthi Finance Ltd
1025SF29,Sakthi Finance Ltd
0SFL29A,Sakthi Finance Ltd
0SFL31,Sakthi Finance Ltd
950EFSL26,Edelweiss Financial Services Ltd
EFSL26724,Edelweiss Financial Services Ltd
957EFSL27,Edelweiss Financial Services Ltd
10EFSL27,Edelweiss Financial Services Ltd
EFSL260724,Edelweiss Financial Services Ltd
1004EFSL29,Edelweiss Financial Services Ltd
1050EFSL29,Edelweiss Financial Services Ltd
EFSL26724A,Edelweiss Financial Services Ltd
105EFSL29,Edelweiss Financial Services Ltd
1049EFSL34,Edelweiss Financial Services Ltd
11EFSL34,Edelweiss Financial Services Ltd
11EFSL34A,Edelweiss Financial Services Ltd
10SMCGSL26,Smc Global Securities Ltd
925KFL26A,Kosamattam Finance Ltd
0SMCGSL26,Smc Global Securities Ltd
KFL070824A,Kosamattam Finance Ltd
102SMCGS27,Smc Global Securities Ltd
10KFL27A,Kosamattam Finance Ltd
0SMCGSL27,Smc Global Securities Ltd
KFL070824B,Kosamattam Finance Ltd
994SMCGS29,Smc Global Securities Ltd
104SMCGS29,Smc Global Securities Ltd
1025KFL29,Kosamattam Finance Ltd
KFL070824C,Kosamattam Finance Ltd
KFL070824D,Kosamattam Finance Ltd
10KAFL26A,Klm Axiva Finvest Ltd
10KAFL26B,Klm Axiva Finvest Ltd
1025KAFL27,Klm Axiva Finvest Ltd
1050KAFL27,Klm Axiva Finvest Ltd
1075KAFL29,Klm Axiva Finvest Ltd
11KAFL29,Klm Axiva Finvest Ltd
KAF080824,Klm Axiva Finvest Ltd
11CCI26,Chemmanur Credits And Investments Ltd
1125CCI27,Chemmanur Credits And Investments Ltd
12CCI29,Chemmanur Credits And Investments Ltd
CCIL14824A,Chemmanur Credits And Investments Ltd
CCIL14824B,Chemmanur Credits And Investments Ltd
CCIL14824C,Chemmanur Credits And Investments Ltd
1125MML27,Muthoot Mercantile Ltd
MML11924A,Muthoot Mercantile Ltd
1150MML29,Muthoot Mercantile Ltd
MML11924B,Muthoot Mercantile Ltd
MML11924C,Muthoot Mercantile Ltd
925AEL26,Adani Enterprises Ltd
AEL120924,Adani Enterprises Ltd
932AEL27,Adani Enterprises Ltd
965AEL27,Adani Enterprises Ltd
AEL120924A,Adani Enterprises Ltd
956AEL29,Adani Enterprises Ltd
99AEL29,Adani Enterprises Ltd
AEL120924B,Adani Enterprises Ltd
9MFCL26,Muthoot Fincorp Ltd
925MFCL27,Muthoot Fincorp Ltd
945MFCL29,Muthoot Fincorp Ltd
965MFCL30,Muthoot Fincorp Ltd
940MFCL26,Muthoot Fincorp Ltd
965MFCL27,Muthoot Fincorp Ltd
990MFCL29,Muthoot Fincorp Ltd
1010MFCL30,Muthoot Fincorp Ltd
MFCL160924,Muthoot Fincorp Ltd
MFCL16924,Muthoot Fincorp Ltd
MFCL16924A,Muthoot Fincorp Ltd
MFCL16924B,Muthoot Fincorp Ltd
MFCL16924C,Muthoot Fincorp Ltd
925SCL26E,Sammaan Capital Ltd
965SCL26F,Sammaan Capital Ltd
925SCL26F,Sammaan Capital Ltd
SCL25924,Sammaan Capital Ltd
SCL25924A,Sammaan Capital Ltd
940SCL27A,Sammaan Capital Ltd
990SCL27B,Sammaan Capital Ltd
902SCL27C,Sammaan Capital Ltd
948SCL27D,Sammaan Capital Ltd
SCL25924C,Sammaan Capital Ltd
SCL25924D,Sammaan Capital Ltd
1015SCL29B,Sammaan Capital Ltd
925SCL29C,Sammaan Capital Ltd
971SCL29B,Sammaan Capital Ltd
1050SCL31A,Sammaan Capital Ltd
1003SCL31A,Sammaan Capital Ltd
1075SCL34A,Sammaan Capital Ltd
1075SCL34C,Sammaan Capital Ltd
980SCL34B,Sammaan Capital Ltd
1025SCL34B,Sammaan Capital Ltd
1050ICFL26,Indostar Capital Finance Ltd
ICFL250924,Indostar Capital Finance Ltd
1030ICFL27,Indostar Capital Finance Ltd
1070ICFL27,Indostar Capital Finance Ltd
1050ICFL29,Indostar Capital Finance Ltd
95NHFL26,Nido Home Finance Ltd
NHFL081024,Nido Home Finance Ltd
958NHFL27A,Nido Home Finance Ltd
10NHFL27A,Nido Home Finance Ltd
NHF081024,Nido Home Finance Ltd
1003NHF29,Nido Home Finance Ltd
1050NHF29,Nido Home Finance Ltd
NHF081024A,Nido Home Finance Ltd
1049NHFL34,Nido Home Finance Ltd
11NHFL34,Nido Home Finance Ltd
1025UCL26A,Ugro Capital Ltd
1040UCL27B,Ugro Capital Ltd
950EFSL26A,Edelweiss Financial Services Ltd
EFSL241024,Edelweiss Financial Services Ltd
957EFSL27A,Edelweiss Financial Services Ltd
10EFSL27A,Edelweiss Financial Services Ltd
EFS241024A,Edelweiss Financial Services Ltd
1004EFS29B,Edelweiss Financial Services Ltd
1050EFS29C,Edelweiss Financial Services Ltd
EFS241024C,Edelweiss Financial Services Ltd
1050EFS29A,Edelweiss Financial Services Ltd
1049EFS34A,Edelweiss Financial Services Ltd
11EFSL34B,Edelweiss Financial Services Ltd
11EFSL34C,Edelweiss Financial Services Ltd
9MFCL2026,Muthoot Fincorp Ltd
925MFCL27A,Muthoot Fincorp Ltd
945MFCL29A,Muthoot Fincorp Ltd
965MFCL30A,Muthoot Fincorp Ltd
94MFCL26,Muthoot Fincorp Ltd
965MFCL27A,Muthoot Fincorp Ltd
99MFCL29,Muthoot Fincorp Ltd
101MFCL30,Muthoot Fincorp Ltd
MFCL301024,Muthoot Fincorp Ltd
MFL301024A,Muthoot Fincorp Ltd
MFL301024B,Muthoot Fincorp Ltd
MFL301024C,Muthoot Fincorp Ltd
MFL301024D,Muthoot Fincorp Ltd
11IML2027,Indel Money Ltd
IML081124,Indel Money Ltd
12IML29,Indel Money Ltd
IML8112024,Indel Money Ltd
9MML27,Muthoot Mcred Ltd
MML191124,Muthoot Mcred Ltd
950MML27,Muthoot Mcred Ltd
MML191124A,Muthoot Mcred Ltd
10MM28,Muthoot Mcred Ltd
MML191124B,Muthoot Mcred Ltd
1150ICLF26,Icl Fincorp Ltd
12ICLFL27B,Icl Fincorp Ltd
1250ICLF29,Icl Fincorp Ltd
ICLF21224A,Icl Fincorp Ltd
ICLF021224,Icl Fincorp Ltd
1175ICLF26,Icl Fincorp Ltd
1225ICLF27,Icl Fincorp Ltd
ICLF21224,Icl Fincorp Ltd
985KLMAF26,Klm Axiva Finvest Ltd
10KLMAFL26,Klm Axiva Finvest Ltd
1025KLMA26,Klm Axiva Finvest Ltd
1025KLMA27,Klm Axiva Finvest Ltd
1050KLMA27,Klm Axiva Finvest Ltd
1075KLMA29,Klm Axiva Finvest Ltd
11KLMAFL29,Klm Axiva Finvest Ltd
KLMA041224,Klm Axiva Finvest Ltd
KFL121224,Kosamattam Finance Ltd
925KFL26B,Kosamattam Finance Ltd
KSL121224A,Kosamattam Finance Ltd
10KFL27C,Kosamattam Finance Ltd
KFL121224D,Kosamattam Finance Ltd
1025KFL29A,Kosamattam Finance Ltd
KFL121224E,Kosamattam Finance Ltd
KFL121224F,Kosamattam Finance Ltd
885IHL26,Iifl Home Finance
IHFL261224,Iifl Home Finance
865IHFL27,Iifl Home Finance
9IHFL27,Iifl Home Finance
IHF261224,Iifl Home Finance
89IHFL29,Iifl Home Finance
925IHFL29,Iifl Home Finance
IHF261224A,Iifl Home Finance
925IHFL31,Iifl Home Finance
925SCL26Z,Sammaan Capital Ltd
965SCL26Y,Sammaan Capital Ltd
888SCL26X,Sammaan Capital Ltd
925SCL26W,Sammaan Capital Ltd
SCL271224,Sammaan Capital Ltd
SCL271224A,Sammaan Capital Ltd
94SCL27U,Sammaan Capital Ltd
99SCL27V,Sammaan Capital Ltd
902SCL27Q,Sammaan Capital Ltd
948SCL27R,Sammaan Capital Ltd
SCL271224B,Sammaan Capital Ltd
965SCL29S,Sammaan Capital Ltd
1015SCL29T,Sammaan Capital Ltd
925SCL29S,Sammaan Capital Ltd
971SCL29T,Sammaan Capital Ltd
1050SCL31T,Sammaan Capital Ltd
1003SCL31P,Sammaan Capital Ltd
1025SCL34U,Sammaan Capital Ltd
1075SCL34T,Sammaan Capital Ltd
98SCL34Z,Sammaan Capital Ltd
1025SCL34Z,Sammaan Capital Ltd
95NHFL27,Nido Home Finance Ltd
NHFL060125,Nido Home Finance Ltd
958NHFL28,Nido Home Finance Ltd
10NHFL28,Nido Home Finance Ltd
NHF060124,Nido Home Finance Ltd
1003NHFL30,Nido Home Finance Ltd
1050NHFL30,Nido Home Finance Ltd
NHF060125,Nido Home Finance Ltd
1049NHFL35,Nido Home Finance Ltd
11NHFL35,Nido Home Finance Ltd
9MFLIII27,Muthoot Fincorp Ltd
925MFL28,Muthoot Fincorp Ltd
945MFL30,Muthoot Fincorp Ltd
965MFL31,Muthoot Fincorp Ltd
940MFL27,Muthoot Fincorp Ltd
965MFL28,Muthoot Fincorp Ltd
990MFL30,Muthoot Fincorp Ltd
1010MFL31,Muthoot Fincorp Ltd
MFL100125,Muthoot Fincorp Ltd
MFL10125,Muthoot Fincorp Ltd
MFL10125A,Muthoot Fincorp Ltd
MFL10125B,Muthoot Fincorp Ltd
MFL10125C,Muthoot Fincorp Ltd
1075CCI26A,Chemmanur Credits And Investments Ltd
11CCIL27B,Chemmanur Credits And Investments Ltd
12CCIL30C,Chemmanur Credits And Investments Ltd
CCI170125A,Chemmanur Credits And Investments Ltd
CCI170125B,Chemmanur Credits And Investments Ltd
950EFSL27,Edelweiss Financial Services Ltd
EFSL240125,Edelweiss Financial Services Ltd
957EFSL28,Edelweiss Financial Services Ltd
10EFSL28,Edelweiss Financial Services Ltd
EFSL24125,Edelweiss Financial Services Ltd
1004EFSL30,Edelweiss Financial Services Ltd
1050EFSL30,Edelweiss Financial Services Ltd
EFSL24125A,Edelweiss Financial Services Ltd
105EFSL30,Edelweiss Financial Services Ltd
1049EFSL35,Edelweiss Financial Services Ltd
11EFSL35,Edelweiss Financial Services Ltd
11EFSL35A,Edelweiss Financial Services Ltd
1150ICLF27,Icl Fincorp Ltd
12ICLFL28,Icl Fincorp Ltd
1250ICLF30,Icl Fincorp Ltd
ICLF27125,Icl Fincorp Ltd
ICLF27125A,Icl Fincorp Ltd
1175ICLF27,Icl Fincorp Ltd
1225ICLF28,Icl Fincorp Ltd
ICLF27125B,Icl Fincorp Ltd
1015MML26,Muthoot Mercantile Ltd
MML290125A,Muthoot Mercantile Ltd
1075MML28,Muthoot Mercantile Ltd
MML290125B,Muthoot Mercantile Ltd
11MML30,Muthoot Mercantile Ltd
MML290125C,Muthoot Mercantile Ltd
MML290125D,Muthoot Mercantile Ltd
9MFLIV27,Muthoot Fincorp Ltd
925MFLIV28,Muthoot Fincorp Ltd
945MFLIV30,Muthoot Fincorp Ltd
965MFLIV31,Muthoot Fincorp Ltd
930MFLIV26,Muthoot Fincorp Ltd
940MFLIV27,Muthoot Fincorp Ltd
965MFLIV28,Muthoot Fincorp Ltd
990MFLIV30,Muthoot Fincorp Ltd
101MFLIV31,Muthoot Fincorp Ltd
MFLIV24225,Muthoot Fincorp Ltd
MFL24225A,Muthoot Fincorp Ltd
MFL24225B,Muthoot Fincorp Ltd
MFL24225C,Muthoot Fincorp Ltd
MFL24225D,Muthoot Fincorp Ltd
925SCL27A,Sammaan Capital Ltd
965SCL27,Sammaan Capital Ltd
925SCL27B,Sammaan Capital Ltd
SCL19325,Sammaan Capital Ltd
SCL19325A,Sammaan Capital Ltd
940SCL28,Sammaan Capital Ltd
990SCL28,Sammaan Capital Ltd
902SCL28,Sammaan Capital Ltd
948SCL28,Sammaan Capital Ltd
SCL190325,Sammaan Capital Ltd
SCL190325A,Sammaan Capital Ltd
1015SCL30,Sammaan Capital Ltd
971SCL30,Sammaan Capital Ltd
1050SCL32,Sammaan Capital Ltd
1003SCL32,Sammaan Capital Ltd
1025SCL35,Sammaan Capital Ltd
1075SCL35,Sammaan Capital Ltd
980SCL35,Sammaan Capital Ltd
1025SCL35A,Sammaan Capital Ltd
971SCL30A,Sammaan Capital Ltd
13PCL30,Prachay Capital Ltd
95NHFL27A,Nido Home Finance Ltd
9SFL27A,Sakthi Finance Ltd
NHFL030425,Nido Home Finance Ltd
958NHFL28B,Nido Home Finance Ltd
SFL040425B,Sakthi Finance Ltd
10NHFL28A,Nido Home Finance Ltd
925SFL28C,Sakthi Finance Ltd
NHF030425,Nido Home Finance Ltd
1003NHF30,Nido Home Finance Ltd
1050NHF30,Nido Home Finance Ltd
SFL040425D,Sakthi Finance Ltd
1025SFL30E,Sakthi Finance Ltd
NHF030425A,Nido Home Finance Ltd
1049NHF35,Nido Home Finance Ltd
SFL040425F,Sakthi Finance Ltd
SFL040425G,Sakthi Finance Ltd
11NHFL35A,Nido Home Finance Ltd
KFL150425,Kosamattam Finance Ltd
95KFL27B,Kosamattam Finance Ltd
KFL150425A,Kosamattam Finance Ltd
10KFL28B,Kosamattam Finance Ltd
KFL150425B,Kosamattam Finance Ltd
1025KFL30,Kosamattam Finance Ltd
KFL150425C,Kosamattam Finance Ltd
KFL150425D,Kosamattam Finance Ltd
10MML26A,Muthoot Mercantile Ltd
MML21425,Muthoot Mercantile Ltd
1075MML28A,Muthoot Mercantile Ltd
MML210425,Muthoot Mercantile Ltd
MML21425A,Muthoot Mercantile Ltd
9IIFL26,Iifl Finance Ltd
IIFL210425,Iifl Finance Ltd
930IIFL27,Iifl Finance Ltd
IIFL21425,Iifl Finance Ltd
935IIFL28,Iifl Finance Ltd
975IIFL28,Iifl Finance Ltd
IIFL21425A,Iifl Finance Ltd
960IIFL30,Iifl Finance Ltd
1025IIFL30,Iifl Finance Ltd
10UCL26,Ugro Capital Ltd
1039UCL26,Ugro Capital Ltd
1015UCL27,Ugro Capital Ltd
1025UCL27A,Ugro Capital Ltd
1050UCL28,Ugro Capital Ltd
10SMCGSL27,Smc Global Securities Ltd
SMCG240425,Smc Global Securities Ltd
1025SMCGS28,Smc Global Securities Ltd
SMCGS24425,Smc Global Securities Ltd
1003SMCG30,Smc Global Securities Ltd
1050SMCG30,Smc Global Securities Ltd
950EFSL27A,Edelweiss Financial Services Ltd
EFSL30425,Edelweiss Financial Services Ltd
957EFSL28B,Edelweiss Financial Services Ltd
10EFSL28C,Edelweiss Financial Services Ltd
EFSL300425,Edelweiss Financial Services Ltd
1004EFS30D,Edelweiss Financial Services Ltd
1050EFS30E,Edelweiss Financial Services Ltd
EFSL30425A,Edelweiss Financial Services Ltd
1050EFS30F,Edelweiss Financial Services Ltd
1049EFS35F,Edelweiss Financial Services Ltd
11EFSL35G,Edelweiss Financial Services Ltd
11EFSL35H,Edelweiss Financial Services Ltd
MML130525,Muthoot Mcred Ltd
95MM27,Muthoot Mcred Ltd
10MML28A,Muthoot Mcred Ltd
1025MML29,Muthoot Mcred Ltd
1050MML30,Muthoot Mcred Ltd
1075MM30,Muthoot Mcred Ltd
11ICLFL26B,Icl Fincorp Ltd
1150ICL27C,Icl Fincorp Ltd
12ICLFL28D,Icl Fincorp Ltd
1250ICL30E,Icl Fincorp Ltd
ICLFL16525,Icl Fincorp Ltd
ICLF16525,Icl Fincorp Ltd
ICLF16525A,Icl Fincorp Ltd
1175ICL27F,Icl Fincorp Ltd
1225ICL28G,Icl Fincorp Ltd
ICLF160525,Icl Fincorp Ltd
9MFL27B,Muthoot Fincorp Ltd
925MFL28A,Muthoot Fincorp Ltd
945MFL30A,Muthoot Fincorp Ltd
955MFL31,Muthoot Fincorp Ltd
94MFL27B,Muthoot Fincorp Ltd
965MFL28A,Muthoot Fincorp Ltd
99MFL30,Muthoot Fincorp Ltd
10MFL31,Muthoot Fincorp Ltd
MFL190525,Muthoot Fincorp Ltd
MFL190525A,Muthoot Fincorp Ltd
MFL190525B,Muthoot Fincorp Ltd
MFL190525C,Muthoot Fincorp Ltd
105CCIL26A,Chemmanur Credits And Investments Ltd
109CCIL27B,Chemmanur Credits And Investments Ltd
113CCIL28C,Chemmanur Credits And Investments Ltd
12CCIL30D,Chemmanur Credits And Investments Ltd
CCIL20625E,Chemmanur Credits And Investments Ltd
CCIL20625F,Chemmanur Credits And Investments Ltd
CCIL20625G,Chemmanur Credits And Investments Ltd
925NHFL27,Nido Home Finance Ltd
NHFL2725,Nido Home Finance Ltd
957NHFL28,Nido Home Finance Ltd
10NHFL28B,Nido Home Finance Ltd
NHFL02725,Nido Home Finance Ltd
985NHFL30,Nido Home Finance Ltd
1030NHFL30,Nido Home Finance Ltd
NHFL20725,Nido Home Finance Ltd
1025NHFL35,Nido Home Finance Ltd
1075MHFL35,Nido Home Finance Ltd
885MFCL27,Muthoot Fincorp Ltd
905MFCL28,Muthoot Fincorp Ltd
930MFCL30,Muthoot Fincorp Ltd
940MFCL31,Muthoot Fincorp Ltd
920MFCL27,Muthoot Fincorp Ltd
945MFCL28,Muthoot Fincorp Ltd
970MFCL30,Muthoot Fincorp Ltd
980MFCL31,Muthoot Fincorp Ltd
MFCL16725,Muthoot Fincorp Ltd
MFCL16725A,Muthoot Fincorp Ltd
MFCL16725B,Muthoot Fincorp Ltd
MFCL16725C,Muthoot Fincorp Ltd
895AEL27,Adani Enterprises Ltd
AEL17725,Adani Enterprises Ltd
885AEL28,Adani Enterprises Ltd
915AEL28,Adani Enterprises Ltd
AEL170725,Adani Enterprises Ltd
9AEL30,Adani Enterprises Ltd
930AEL30,Adani Enterprises Ltd
AEL170725A,Adani Enterprises Ltd
KFL240725,Kosamattam Finance Ltd
10KFL28C,Kosamattam Finance Ltd
KFL240725A,Kosamattam Finance Ltd
9EFSL27,Edelweiss Financial Services Ltd
EFSL240725,Edelweiss Financial Services Ltd
10KFL29,Kosamattam Finance Ltd
KFL240725C,Kosamattam Finance Ltd
10KFL30,Kosamattam Finance Ltd
KFL240725D,Kosamattam Finance Ltd
935EFSL28,Edelweiss Financial Services Ltd
KFL240725E,Kosamattam Finance Ltd
975EFSL28,Edelweiss Financial Services Ltd
EFSL24725,Edelweiss Financial Services Ltd
980EFSL30,Edelweiss Financial Services Ltd
1025EFSL30,Edelweiss Financial Services Ltd
EFSL24725A,Edelweiss Financial Services Ltd
1025EFS30A,Edelweiss Financial Services Ltd
1003EFSL35,Edelweiss Financial Services Ltd
1050EFSL35,Edelweiss Financial Services Ltd
105EFSL35,Edelweiss Financial Services Ltd
95KAFL26,Klm Axiva Finvest Ltd
KAFL280725,Klm Axiva Finvest Ltd
985KAFL27,Klm Axiva Finvest Ltd
10KAFL27,Klm Axiva Finvest Ltd
1025KAF27A,Klm Axiva Finvest Ltd
1025KAFL28,Klm Axiva Finvest Ltd
1050KAF28B,Klm Axiva Finvest Ltd
1075KAFL30,Klm Axiva Finvest Ltd
11KAFL30,Klm Axiva Finvest Ltd
KAFL28725,Klm Axiva Finvest Ltd
950MML26,Muthoot Mercantile Ltd
MML310725,Muthoot Mercantile Ltd
1025MML28,Muthoot Mercantile Ltd
MML31725A,Muthoot Mercantile Ltd
MML31725B,Muthoot Mercantile Ltd
875SCL27A,Sammaan Capital Ltd
9SCL27,Sammaan Capital Ltd
842SCL27,Sammaan Capital Ltd
865SCL27,Sammaan Capital Ltd
SCL1825,Sammaan Capital Ltd
SCL01825,Sammaan Capital Ltd
9SCL28,Sammaan Capital Ltd
925SCL2028,Sammaan Capital Ltd
865SCL28,Sammaan Capital Ltd
888SCL28,Sammaan Capital Ltd
SCL010825,Sammaan Capital Ltd
SCL0182025,Sammaan Capital Ltd
965SCL30,Sammaan Capital Ltd
902SCL30,Sammaan Capital Ltd
925SCL30,Sammaan Capital Ltd
902SCL2030,Sammaan Capital Ltd
925SCL30A,Sammaan Capital Ltd
960SCL32,Sammaan Capital Ltd
985SCL32,Sammaan Capital Ltd
920SCL32,Sammaan Capital Ltd
945SCL32,Sammaan Capital Ltd
995SCL2035,Sammaan Capital Ltd
930SCL35,Sammaan Capital Ltd
955SCL35,Sammaan Capital Ltd
1102IFL26,Icl Fincorp Ltd
11IFL27,Icl Fincorp Ltd
1150IFL28,Icl Fincorp Ltd
12IFL30,Icl Fincorp Ltd
IFL200825,Icl Fincorp Ltd
IFL200825A,Icl Fincorp Ltd
IFL200825B,Icl Fincorp Ltd
1125IFL27,Icl Fincorp Ltd
1175IFL28,Icl Fincorp Ltd
IFL200828C,Icl Fincorp Ltd
9SFL027A,Sakthi Finance Ltd
SFL290825B,Sakthi Finance Ltd
9SFL028C,Sakthi Finance Ltd
SFL290825D,Sakthi Finance Ltd
1025SFL30,Sakthi Finance Ltd
SFL290825E,Sakthi Finance Ltd
SFL290825F,Sakthi Finance Ltd
9MML27A,Muthoot Mcred Ltd
925MML27,Muthoot Mcred Ltd
975MML28,Muthoot Mcred Ltd
1025MML30,Muthoot Mcred Ltd
105MML30,Muthoot Mcred Ltd
9NHFL27,Nido Home Finance Ltd
NHFL10925,Nido Home Finance Ltd
935NHFL28,Nido Home Finance Ltd
975NHFL28,Nido Home Finance Ltd
NHFL100925,Nido Home Finance Ltd
980NHFL30,Nido Home Finance Ltd
1025NHFL30,Nido Home Finance Ltd
NHFL10925A,Nido Home Finance Ltd
1003NHFL35,Nido Home Finance Ltd
1050NHFL35,Nido Home Finance Ltd
9EFSL27A,Edelweiss Financial Services Ltd
EFSL71025,Edelweiss Financial Services Ltd
912EFSL28,Edelweiss Financial Services Ltd
950EFSL28,Edelweiss Financial Services Ltd
EFSL071025,Edelweiss Financial Services Ltd
958EFSL30,Edelweiss Financial Services Ltd
10EFSL30,Edelweiss Financial Services Ltd
EFSL71025A,Edelweiss Financial Services Ltd
980EFSL35,Edelweiss Financial Services Ltd
1025EFSL35,Edelweiss Financial Services Ltd
8SMC29,Surat Municipal Corporation
8SMC30,Surat Municipal Corporation
855CGCL27,Capri Global Capital Ltd
89CGCL27,Capri Global Capital Ltd
89CGCL28,Capri Global Capital Ltd
925CGCL28A,Capri Global Capital Ltd
945CGCL30,Capri Global Capital Ltd
97CGCL35,Capri Global Capital Ltd
9IML26A,Indel Money Ltd
IML301025,Indel Money Ltd
975IML27,Indel Money Ltd
IML301025B,Indel Money Ltd
1025IML28,Indel Money Ltd
IML301025C,Indel Money Ltd
1125IML30,Indel Money Ltd
IML301025D,Indel Money Ltd
975SGSL27,Smc Global Securities Ltd
SGSL301025,Smc Global Securities Ltd
10SGSL28,Smc Global Securities Ltd
SGS301025,Smc Global Securities Ltd
98SGSL30,Smc Global Securities Ltd
1025SGSL30,Smc Global Securities Ltd
KFL101125,Kosamattam Finance Ltd
950KFL28,Kosamattam Finance Ltd
KFL101125A,Kosamattam Finance Ltd
975KFL29,Kosamattam Finance Ltd
KFL101125B,Kosamattam Finance Ltd
KFL101125C,Kosamattam Finance Ltd
10KFL2030,Kosamattam Finance Ltd
KFL101125D,Kosamattam Finance Ltd
1050CCIL27,Chemmanur Credits And Investments Ltd
1090CCIL27,Chemmanur Credits And Investments Ltd
1130CCIL28,Chemmanur Credits And Investments Ltd
12CCIL30,Chemmanur Credits And Investments Ltd
CCIL101125,Chemmanur Credits And Investments Ltd
CCL101125A,Chemmanur Credits And Investments Ltd
CCL101125B,Chemmanur Credits And Investments Ltd
1050ICLF27,Icl Fincorp Ltd
11ICLFL27,Icl Fincorp Ltd
1150ICLF28,Icl Fincorp Ltd
12ICLFL30,Icl Fincorp Ltd
ICLF021225,Icl Fincorp Ltd
ICLFL21225,Icl Fincorp Ltd
ICLF21225,Icl Fincorp Ltd
1125ICLF27,Icl Fincorp Ltd
1175ICLF28,Icl Fincorp Ltd
ICL021225,Icl Fincorp Ltd
885EFSL27,Edelweiss Financial Services Ltd
EFSL121225,Edelweiss Financial Services Ltd
903EFSL28,Edelweiss Financial Services Ltd
940EFSL28,Edelweiss Financial Services Ltd
EFS121225,Edelweiss Financial Services Ltd
944EFSL30,Edelweiss Financial Services Ltd
985EFSL30,Edelweiss Financial Services Ltd
EFS121225A,Edelweiss Financial Services Ltd
967EFSL35,Edelweiss Financial Services Ltd
1010EFSL35,Edelweiss Financial Services Ltd
950KAFL27,Klm Axiva Finvest Ltd
KAFL161225,Klm Axiva Finvest Ltd
985KAFL27A,Klm Axiva Finvest Ltd
10KAFL27A,Klm Axiva Finvest Ltd
1025KAF027,Klm Axiva Finvest Ltd
1025KAF028,Klm Axiva Finvest Ltd
105KAFL28,Klm Axiva Finvest Ltd
1075KAF30A,Klm Axiva Finvest Ltd
11KAFL2030,Klm Axiva Finvest Ltd
KAF161225A,Klm Axiva Finvest Ltd
MML191225,Muthoot Mercantile Ltd
95MML27,Muthoot Mercantile Ltd
MML191225A,Muthoot Mercantile Ltd
10MML27,Muthoot Mercantile Ltd
MML191225B,Muthoot Mercantile Ltd
1025MML28A,Muthoot Mercantile Ltd
MML191225C,Muthoot Mercantile Ltd
1075MML30,Muthoot Mercantile Ltd
MML191225D,Muthoot Mercantile Ltd
125PCL28,Prachay Capital Ltd
1275PCL29,Prachay Capital Ltd
13PCL30A,Prachay Capital Ltd
860AEL28,Adani Enterprises Ltd
AEL12126,Adani Enterprises Ltd
848AEL29,Adani Enterprises Ltd
875AEL29,Adani Enterprises Ltd
AEL120126,Adani Enterprises Ltd
862AEL31,Adani Enterprises Ltd
890AEL31,Adani Enterprises Ltd
AEL1212026,Adani Enterprises Ltd
837MFL28,Muthoot Fincorp Ltd
852MFL29,Muthoot Fincorp Ltd
865MFL31,Muthoot Fincorp Ltd
875MFL32,Muthoot Fincorp Ltd
87MFL28,Muthoot Fincorp Ltd
885MFL29,Muthoot Fincorp Ltd
9MFL31,Muthoot Fincorp Ltd
91MFL32,Muthoot Fincorp Ltd
MFL120226,Muthoot Fincorp Ltd
MFL120226A,Muthoot Fincorp Ltd
MFL120226B,Muthoot Fincorp Ltd
MFL120226C,Muthoot Fincorp Ltd
KFL20226,Kosamattam Finance Ltd
850KFL28,Kosamattam Finance Ltd
9KFL2029,Kosamattam Finance Ltd
KFL20226A,Kosamattam Finance Ltd
975KFL2029,Kosamattam Finance Ltd
KFL20226B,Kosamattam Finance Ltd
10KFL2031,Kosamattam Finance Ltd
KFL20226C,Kosamattam Finance Limited
10ICLFL27,Icl Fincorp Ltd
1050ICLF28,Icl Fincorp Ltd
11ICLFL29,Icl Fincorp Ltd
1150ICLF31,Icl Fincorp Ltd
ICLFL23226,Icl Fincorp Ltd
ICLF230226,Icl Fincorp Ltd
ICLF23226,Icl Fincorp Ltd
1075ICLF28,Icl Fincorp Ltd
1125ICLF29,Icl Fincorp Ltd
ICL230226,Icl Fincorp Ltd
805NMC29,Nashik Municipal Corporation
805NMC30,Nashik Municipal Corporation
805NMC31,Nashik Municipal Corporation
805NMC32,Nashik Municipal Corporation
805NMC33,Nashik Municipal Corporation
805NMC34,Nashik Municipal Corporation
805NMC35,Nashik Municipal Corporation
805NMC36,Nashik Municipal Corporation
837IIFL28,Iifl Finance Ltd
852IIFL29,Iifl Finance Ltd
865IIFL31,Iifl Finance Ltd
870IIFL28,Iifl Finance Ltd
885IIFL29,Iifl Finance Ltd
9IIFL31,Iifl Finance Ltd
IIFL060326,Iifl Finance Ltd
IIFL60326,Iifl Finance Ltd
IIFL06326,Iifl Finance Ltd
125PCL29,Prachay Capital Ltd
1275PCL30,Prachay Capital Ltd
13PCL31,Prachay Capital Ltd
1025CCIL27,Chemmanur Credits And Investments Ltd
1080CCIL28,Chemmanur Credits And Investments Ltd
1125CCIL29,Chemmanur Credits And Investments Ltd
12CCIL31,Chemmanur Credits And Investments Ltd
CCIL18326,Chemmanur Credits And Investments Ltd
CCIL180326,Chemmanur Credits And Investments Ltd
CCIL18326A,Chemmanur Credits And Investments Ltd
865EFSL28,Edelweiss Financial Services Ltd
EFSL180326,Edelweiss Financial Services Ltd
880EFSL29,Edelweiss Financial Services Ltd
915EFSL29,Edelweiss Financial Services Ltd
EFSL18326A,Edelweiss Financial Services Ltd
921EFSL31,Edelweiss Financial Services Ltd
960EFSL31,Edelweiss Financial Services Ltd
EFSL180326B,Edelweiss Financial Services Ltd
958EFSL36,Edelweiss Financial Services Ltd
10EFSL36,Edelweiss Financial Services Ltd
837MFL28A,Muthoot Fincorp Ltd
852MFL29A,Muthoot Fincorp Ltd
865MFL31A,Muthoot Fincorp Ltd
875MFL32A,Muthoot Fincorp Ltd
87MFL28A,Muthoot Fincorp Ltd
885MFL29A,Muthoot Fincorp Ltd
9MFL31A,Muthoot Fincorp Ltd
91MFL32A,Muthoot Fincorp Ltd
MFL250326,Muthoot Fincorp Ltd
MFL250326A,Muthoot Fincorp Ltd
MFL250326B,Muthoot Fincorp Ltd
MFL250326C,Muthoot Fincorp Ltd
10ICLFL027,Icl Fincorp Ltd
105ICLF28,Icl Fincorp Ltd
11ICLF2029,Icl Fincorp Ltd
115ICLFL31,Icl Fincorp Ltd
ICLFL28426,Icl Fincorp Ltd
ICLF280426,Icl Fincorp Ltd
ICL280426,Icl Fincorp Ltd
1075ICL28,Icl Fincorp Ltd
1125ICL29,Icl Fincorp Ltd
ICLF28426,Icl Fincorp Ltd
935ILFS35,Infrastructure Leasing & Financial Services Ltd
1105SFL28,Shriram Finance Ltd
875IFCI26,Ifci Ltd
1170SRSL24,Shree Renuka Sugars Ltd
930ILFS38,Infrastructure Leasing & Financial Services Ltd
1130SRSL24,Shree Renuka Sugars Ltd.
10SFL28B,Shriram Finance Ltd
955MML2063,Mahindra & Mahindra Ltd.
205NLBD25,New Look Builders And Developers Private Ltd
819IIFC33B,India Infrastructure Finance Company Ltd
846IIFC28B,India Infrastructure Finance Company Ltd
837IIFC33C,India Infrastructure Finance Company Ltd
848IIFC28B,India Infrastructure Finance Company Ltd
854REC2028,Rec Ltd
872CSL2029,Cochin Shipyard Ltd
1063IOT28A,Iot Utkal Energy Services Ltd
1063IOT28B,Iot Utkal Energy Services Ltd
1063IOT28C,Iot Utkal Energy Services Ltd
1063IOT28D,Iot Utkal Energy Services Ltd
1063IOT28E,Iot Utkal Energy Services Ltd
1063IOT28F,Iot Utkal Energy Services Ltd
1008IOT27A,Iot Utkal Energy Services Ltd
1008IOT27B,Iot Utkal Energy Services Ltd
1008IOT27C,Iot Utkal Energy Services Ltd
1008IOT28A,Iot Utkal Energy Services Ltd
1008IOT28B,Iot Utkal Energy Services Ltd
1008IOT28C,Iot Utkal Energy Services Ltd
1008IOT28D,Iot Utkal Energy Services Ltd
1008IOT28E,Iot Utkal Energy Services Ltd
1008IOT28F,Iot Utkal Energy Services Ltd
946PFCL26,Power Finance Corporation Ltd
945PFCL26,Power Finance Corporation Ltd
900PFCL28,Power Finance Corporation Ltd
890PFCL28,Power Finance Corporation Ltd
894PFCL28,Power Finance Corporation Ltd
885PFCL30,Power Finance Corporation Ltd
905PFCL30,Power Finance Corporation Ltd
775PFCL26,Power Finance Corporation Ltd
738PFCL27,Power Finance Corporation Ltd
738PFCL27A,Power Finance Corporation Ltd
846PFCL28,Power Finance Corporation Ltd
816PFCL26,Power Finance Corporation Ltd
872PFCL22A,Power Finance Corporation Ltd
872PFCL22,Power Finance Corporation Ltd
793PGCIL26,Power Grid Corporation Of India Ltd
793PGCIL27,Power Grid Corporation Of India Ltd
793PGCIL28,Power Grid Corporation Of India Ltd
870PGCIL28,Power Grid Corporation Of India Ltd
965PGCIL27,Power Grid Corporation Of India Ltd
965PGCIL28,Power Grid Corporation Of India Ltd
965PGCIL29,Power Grid Corporation Of India Ltd
939PFCL29,Power Finance Corporation Ltd
9RRVPN2026,Rajasthan Rajya Vidyut Utpadan Nigam Ltd
93PGCIL29,Power Grid Corporation Of India Ltd
893PGCIL26,Power Grid Corporation Of India Ltd
893PGCIL27,Power Grid Corporation Of India Ltd
893PGCIL28,Power Grid Corporation Of India Ltd
893PGCIL29,Power Grid Corporation Of India Ltd
865RRVPN27,Rajasthan Rajya Vidyut Prasaran Nigam Ltd
851LTF30,L&T Finance Ltd
12VRDP35,Vr Dakshin Pvt Ltd
820PGCIL30,Power Grid Corporation Of India Ltd
862HVPNL27,Haryana Vidyut Prasaran Nigam Ltd
874RRVPN27,Rajasthan Rajya Vidyut Utpadan Nigam Ltd
879IRFC30,Indian Railway Finance Corporation Ltd
12MFLS1,Muthoot Fincorp Ltd
12 MFLS2,Muthoot Fincorp Ltd
12 MFLS3,Muthoot Fincorp Ltd
12MFLS4,Muthoot Fincorp Ltd
902IOT2028,Iot Utkal Energy Services Ltd
728NHAI30,National Highways Authority Of India
868NEEPC30,North Eastern Electric Power Corporation Ltd
93ELR26V,Essel Lucknow Raebareli Toll Roads Ltd
93ELR27W,Essel Lucknow Raebareli Toll Roads Ltd
93ELR27X,Essel Lucknow Raebareli Toll Roads Ltd
93ELR28Y,Essel Lucknow Raebareli Toll Roads Ltd
93ELR28Z,Essel Lucknow Raebareli Toll Roads Ltd
138JSFBL27,Jana Small Finance Bank Ltd
863LTF31,L&T Finance Ltd
863LTF36,L&T Finance Ltd
891NSEPL27,Nagpur-Seoni Express Way Private Ltd
891NSEPL26,Nagpur-Seoni Express Way Private Ltd
815PGCIL30,Power Grid Corporation Of India Ltd
832PGCIL30,Power Grid Corporation Of India Ltd
840PGCI26A,Power Grid Corporation Of India Ltd
840PGCIL27,Power Grid Corporation Of India Ltd
840PGCIL28,Power Grid Corporation Of India Ltd
840PGCIL29,Power Grid Corporation Of India Ltd
840PGCIL30,Power Grid Corporation Of India Ltd
840PGCI26B,Power Grid Corporation Of India Ltd
840PGCI29A,Power Grid Corporation Of India Ltd
840PGCI27A,Power Grid Corporation Of India Ltd
84PGCIL30,Power Grid Corporation Of India Ltd
840PGCI28A,Power Grid Corporation Of India Ltd
739NHAI31,National Highways Authority Of India
873LTF36,L&T Finance Ltd
973LTF31,L&T Finance Ltd
10BUDPL36,Bakeri Urban Development Pvt Ltd
10BUDPL36A,Bakeri Urban Development Pvt Ltd
10BUDPL36B,Bakeri Urban Development Pvt Ltd
10BUDPL36C,Bakeri Urban Development Pvt Ltd
10BUDPL36D,Bakeri Urban Development Pvt Ltd
9SCL26,Sammaan Capital Ltd
910MRHF26P,Mahindra Rural Housing Finance Ltd
810NTPC26,Ntpc Ltd
810NTPC31,Ntpc Ltd
85ABL26,Axis Bank Ltd
961ECL26,Ecl Finance Ltd
9SCL26C,Sammaan Capital Ltd
844HDFCB26,Hdfc Bank Ltd
910MRHF26C,Mahindra Rural Housing Finance Ltd
935APSEZ26,Adani Ports And Special Economic Zone Ltd
9SCFL26A,Sammaan Capital Ltd
960ECL26C,Ecl Finance Ltd
1210PFLA,Poonawalla Fincorp Ltd
875LTF26A,L&T Finance Ltd
1015ECL26,Ecl Finance Ltd
846HDFCB26,Hdfc Bank Ltd
88LTF26,L&T Finance Ltd
846HDFC26A,Hdfc Bank Ltd
88LTF26A,L&T Finance Ltd
920BOM26,Bank Of Maharashtra
857IIL26,India Infradebt Ltd
EARCNIFT26,Edelweiss Asset Reconstruction Company Ltd
1210PFLB,Poonawalla Fincorp Ltd
930SCL26,Sammaan Capital Ltd
9SCL26A,Sammaan Capital Ltd
865BFL26,Bajaj Finance Ltd
10EARC26A,Edelweiss Asset Reconstruction Company Ltd
935APSE26A,Adani Ports And Special Economic Zone Ltd
EARCNIF26B,Edelweiss Asset Reconstruction Company Ltd
EARCNIF26C,Edelweiss Asset Reconstruction Company Ltd
EARCNIF26D,Edelweiss Asset Reconstruction Company Ltd
877LTF26,L&T Finance Ltd
878LTF26,L&T Finance Ltd
EARCNIF26,Edelweiss Asset Reconstruction Company Ltd
IVEPLZC28,Indus Valley Enterprises Pvt Ltd
885BFL26,Bajaj Finance Ltd
885BFL26A,Bajaj Finance Ltd
890SCL26,Sammaan Capital Ltd
EARCNIF26E,Edelweiss Asset Reconstruction Company Ltd
1210PFLC,Poonawalla Fincorp Ltd
EARCNIFE26,Edelweiss Asset Reconstruction Company Ltd
879HDBFS26,Hdb Financial Services Ltd
899MRHF26,Mahindra Rural Housing Finance Ltd
803NHAI41,National Highways Authority Of India
890ILFSL26,Il&Fs Financial Services Ltd
865LTF31,L&T Finance Ltd
880AFL26,Axis Finance Ltd
887SFL26,Shriram Finance Ltd
763PFCL26,Power Finance Corporation Ltd
863LTF831,L&T Finance Ltd
790HDFCB26,Hdfc Bank Ltd
ECLNIFT26A,Ecl Finance Ltd
10BUDPL37,Bakeri Urban Development Pvt Ltd
10BUDPL37A,Bakeri Urban Development Pvt Ltd
10BUDPL37B,Bakeri Urban Development Pvt Ltd
910IGIC26,Indusind General Insurance Company Ltd
813PGCIL27,Power Grid Corporation Of India Ltd
813PGCIL28,Power Grid Corporation Of India Ltd
813PGCIL29,Power Grid Corporation Of India Ltd
813PGCIL30,Power Grid Corporation Of India Ltd
813PGCIL31,Power Grid Corporation Of India Ltd
797PGCIL26,Power Grid Corporation Of India Ltd
797PGCIL31,Power Grid Corporation Of India Ltd
875BFL26B,Bajaj Finance Ltd
875ILFSF26,Il&Fs Financial Services Ltd
758NTPC26,Ntpc Ltd
925BCL26,Birla Corporation Ltd
768NHAI41,National Highways Authority Of India
855LTF31,L&T Finance Ltd
824IIL26,India Infradebt Ltd
851ILFS26,Il&Fs Financial Services Ltd
121PFLPER,Poonawalla Fincorp Ltd
747NTPC26,Ntpc Ltd
795HDFC26,Hdfc Bank Ltd
756PFCL26,Power Finance Corporation Ltd
925BCL26A,Birla Corporation Ltd
10AHFL26,Aadhar Housing Finance Ltd
805BFL26,Bajaj Finance Ltd
8YES26,Yes Bank Ltd
757MML26,Mahindra & Mahindra Ltd
815TSL26,Tata Steel Ltd
84300LTF,L&T Finance Ltd
755PFCL26A,Power Finance Corporation Ltd
PREPLZC28,Palacial Real Estate Pvt Ltd
845BFL26,Bajaj Finance Ltd
869ILFSL26,Il&Fs Financial Services Ltd
806BFL29,Bajaj Finance Ltd
850ILFSL26,Il&Fs Financial Services Ltd
843LTF26,L&T Finance Ltd
843LTF31,L&T Finance Ltd
8300LTH26,L&T Finance Ltd
759THDC26,Thdc India Ltd
975AHFL26,Aadhar Housing Finance Ltd
10AHFL26A,Aadhar Housing Finance Ltd
975AHF26A,Aadhar Housing Finance Ltd
830LTF26,L&T Finance Ltd
738NABAR31,National Bank For Agriculture And Rural Development
720NABAR31,National Bank For Agriculture And Rural Development
975AHFL26A,Aadhar Housing Finance Ltd
995ECL26,Edelweiss Retail Finance Ltd
795SPTL26,Sikka Ports & Terminals Ltd
749NTPC31,Ntpc Ltd
752REC26,Rec Ltd
815LTF26,L&T Finance Ltd
772HDFCB26,Hdfc Bank Ltd
9AHFL26,Aadhar Housing Finance Ltd
795LTF26,L&T Finance Ltd
784ABL26,Axis Bank Ltd
790SPTL26,Sikka Ports & Terminals Ltd
84MRHFL26,Mahindra Rural Housing Finance Ltd
824APSEZ26,Adani Ports And Special Economic Zone Ltd
10SIDC26,Shristi Infrastructure Development Corporation Ltd
805BFL26A,Bajaj Finance Ltd
850SFL26,Shriram Finance Ltd
868ILFSL26,Il&Fs Financial Services Ltd
824IIL26A,India Infradebt Ltd
104PFL26,Poonawalla Fincorp Ltd
737NTPC31,Ntpc Ltd
755PGCIL31,Power Grid Corporation Of India Ltd
736PGCIL26,Power Grid Corporation Of India Ltd
805HDBFS26,Hdb Financial Services Ltd
835KMIL26,Kotak Mahindra Investments Ltd
754REC26,Rec Ltd
748NABAR31,National Bank For Agriculture And Rural Development
73NABARD31,National Bank For Agriculture And Rural Development
85SFL26,Shriram Finance Ltd
805LTF27,L&T Finance Ltd
810IIL26,India Infradebt Ltd
104PFL27,Poonawalla Fincorp Ltd
723PFCL27,Power Finance Corporation Ltd
71PFCL27,Power Finance Corporation Ltd
716NABAR32,National Bank For Agriculture And Rural Development
EFCLNIFT27,Edel Finance Company Ltd
722NHAI47,National Highways Authority Of India
734NABAR32,National Bank For Agriculture And Rural Development
718PFCL27,Power Finance Corporation Ltd
1040PFL27,Poonawalla Fincorp Ltd
805LTF27A,L&T Finance Ltd
115PFLPER,Poonawalla Fincorp Ltd
722IREDA27,Indian Renewable Energy Development Agency Ltd
897UPPCL27,U P Power Corporation Ltd
85ILFSFS27,Il&Fs Financial Services Ltd
76PFCL27,Power Finance Corporation Ltd
76IREDA27,Indian Renewable Energy Development Agency Ltd
9ECL27,Ecl Finance Ltd
1025PFL27,Poonawalla Fincorp Ltd
115PFLPERP,Poonawalla Fincorp Ltd
822APSEZ27,Adani Ports And Special Economic Zone Ltd
790IWAI27,Inland Waterways Authority Of India
785IREDA27,Indian Renewable Energy Development Agency Ltd
789PGCIL27,Power Grid Corporation Of India Ltd
795REC27,Rec Ltd
804NABAR32,National Bank For Agriculture And Rural Development
771NABAR32,National Bank For Agriculture And Rural Development
775PFCL27,Power Finance Corporation Ltd
1108HDFC27,Hdfc Bank Ltd
783IRFC27,Indian Railway Finance Corporation Ltd
2EARC27,Edelweiss Asset Reconstruction Company Ltd
830MRHFL27,Mahindra Rural Housing Finance Ltd
85500KMI27,Kotak Mahindra Investments Ltd
835NICL27,National Insurance Company Ltd
2EARC7A,Edelweiss Asset Reconstruction Company Ltd
812IREDA27,Indian Renewable Energy Development Agency Ltd
754NABAR32,National Bank For Agriculture And Rural Development
805IREDA27,Indian Renewable Energy Development Agency Ltd
848UPPCL27,U P Power Corporation Ltd
150HDFCB27,Hdfc Bank Ltd
823ILFSL27,Il&Fs Financial Services Ltd
150HDFC27A,Hdfc Bank Ltd
2EARC27B,Edelweiss Asset Reconstruction Company Ltd
2EARC27C,Edelweiss Asset Reconstruction Company Ltd
825ISEC27,Icici Securities Primary Dealership Ltd
975ECL27,Ecl Finance Ltd
85AFL27,Axis Finance Ltd
1025ECL99,Ecl Finance Ltd
1025ECL99A,Ecl Finance Ltd
850MRHFL27,Mahindra Rural Housing Finance Ltd
1010PFL27,Poonawalla Fincorp Ltd
82LTF32,L&T Finance Ltd
850MRHF27A,Mahindra Rural Housing Finance Ltd
749IRFC27,Indian Railway Finance Corporation Ltd
744PFCL27,Power Finance Corporation Ltd
752NHPC26,Nhpc Ltd
752NHPC27,Nhpc Ltd
810BFL32,Bajaj Finance Ltd
724NHAI47,National Highways Authority Of India
ATCPLZC27,Ammadoes Trading And Consultants Private Ltd
850MRHF27B,Mahindra Rural Housing Finance Ltd
766ABL27,Axis Bank Ltd
815BFL27,Bajaj Finance Ltd
965ECL27,Ecl Finance Ltd
727IRFC27,Indian Railway Finance Corporation Ltd
950AFSL27,Avanse Financial Services Ltd
8RPL35,Reliance Power Ltd
756HBL27,Hdfc Bank Ltd
AHREPZC27,Artsy Home Real Estate Pvt Ltd
99ERCL27,Edelweiss Rural & Corporate Services Ltd
714NHAI47,National Highways Authority Of India
99ERCL27A,Edelweiss Rural & Corporate Services Ltd
78LTF29,L&T Finance Ltd
747ICICI27,Icici Bank Ltd
82CFSL27,Credila Financial Services Ltd
730PGCIL27,Power Grid Corporation Of India Ltd
770ILFS27,Infrastructure Leasing & Financial Services Ltd
11PFLPER,Poonawalla Fincorp Ltd
720PGCIL27,Power Grid Corporation Of India Ltd
73PFCL27,Power Finance Corporation Ltd
925ECLF27,Edelweiss Retail Finance Ltd
738NHAI32,National Highways Authority Of India
2EARC27D,Edelweiss Asset Reconstruction Company Ltd
2EARC27E,Edelweiss Asset Reconstruction Company Ltd
733IRFC27,Indian Railway Finance Corporation Ltd
925ECL27,Ecl Finance Ltd
835SCL27,Sammaan Capital Ltd
803SCL27,Sammaan Capital Ltd
770ILFSL27,Infrastructure Leasing & Financial Services Ltd
735NHPC26,Nhpc Ltd
735NHPC27,Nhpc Ltd
850ECL27,Ecl Finance Ltd
727NABAR32,National Bank For Agriculture And Rural Development
808AFL27,Axis Finance Ltd
785ILFS27,Infrastructure Leasing & Financial Services Ltd
13WHREPL37,Whispering Heights Real Estate Pvt Ltd
796PFL27,Piramal Finance Ltd
748NABAR32,National Bank For Agriculture And Rural Development
780YES27,Yes Bank Ltd
780YES27A,Yes Bank Ltd
925ECL27A,Ecl Finance Ltd
747IWAI27,Inland Waterways Authority Of India
16SSRHPL26,Shree Siddhivinayak Real Homes Pvt Ltd
820SFL27,Shriram Finance Ltd
16SBIPL26,Sarvesh Builders India Pvt Ltd
925ECLF27A,Edelweiss Retail Finance Ltd
923OEDL27,Open Elite Developers Ltd
EIPPZC27,Entry India Projects Pvt Ltd
765APSEZ27,Adani Ports And Special Economic Zone Ltd
84MBEL26,Mahua Bharatpur Expressways Ltd
84MBEL27,Mahua Bharatpur Expressways Ltd
84MBEL28,Mahua Bharatpur Expressways Ltd
84MBEL29,Mahua Bharatpur Expressways Ltd
84MBEL30,Mahua Bharatpur Expressways Ltd
754IRFC27,Indian Railway Finance Corporation Ltd
81CFSL27,Credila Financial Services Ltd
845SFIL27,Indiabulls Commercial Credit Ltd
2EARCL27F,Edelweiss Asset Reconstruction Company Ltd
764NHAI32,National Highways Authority Of India
765PFCL27,Power Finance Corporation Ltd
12MFLPER,Muthoot Fincorp Ltd
12MFLPERA,Muthoot Fincorp Ltd
845SFIL27A,Indiabulls Commercial Credit Ltd
78NABARD32,National Bank For Agriculture And Rural Development
975UPPCL26,U P Power Corporation Ltd
975UPPCL27,U P Power Corporation Ltd
77REC27,Rec Ltd
825KMPL27,Kotak Mahindra Prime Ltd
762PFCL27,Power Finance Corporation Ltd
875CFSER,Credila Financial Services Ltd
925ERCS27,Edelweiss Rural & Corporate Services Ltd
774PGCIL28,Power Grid Corporation Of India Ltd
774PGCIL29,Power Grid Corporation Of India Ltd
774PGCIL30,Power Grid Corporation Of India Ltd
774PGCIL31,Power Grid Corporation Of India Ltd
774PGCIL32,Power Grid Corporation Of India Ltd
975ECLPER,Edelweiss Retail Finance Ltd
935AFS27,Avanse Financial Services Ltd
88IFSLPER,Il&Fs Financial Services Ltd
845SFIL28,Indiabulls Commercial Credit Ltd
925EFCL28,Edel Finance Company Ltd
775NABAR33,National Bank For Agriculture And Rural Development
794NABAR33,National Bank For Agriculture And Rural Development
845IIL28,India Infradebt Ltd
91ABHF26,Aditya Birla Housing Finance Ltd
91ABHF26A,Aditya Birla Housing Finance Ltd
91ABHF26B,Aditya Birla Housing Finance Ltd
899ABHF26,Aditya Birla Housing Finance Ltd
85ABHF27,Aditya Birla Housing Finance Ltd
85ABHF27A,Aditya Birla Housing Finance Ltd
10ECLPER,Edelweiss Retail Finance Ltd
842HDB28,Hdb Financial Services Ltd
8ABCL27,Aditya Birla Capital Ltd
910ABCL26C,Aditya Birla Capital Ltd
897ABCL26,Aditya Birla Capital Ltd
895ABCL26,Aditya Birla Capital Ltd
890ABCL26,Aditya Birla Capital Ltd
890ABCL26A,Aditya Birla Capital Ltd
825ABCL27,Aditya Birla Capital Ltd
850ABCL27,Aditya Birla Capital Ltd
87ABCLPERP,Aditya Birla Capital Ltd
873YES28,Yes Bank Ltd
843SCL28,Sammaan Capital Ltd
12MFL99,Muthoot Fincorp Ltd
845HDB28,Hdb Financial Services Ltd
843SCL28A,Sammaan Capital Ltd
822NABAR28,National Bank For Agriculture And Rural Development
828NABAR33,National Bank For Agriculture And Rural Development
865ILFS28,Infrastructure Leasing & Financial Services Ltd
82NABARD28,National Bank For Agriculture And Rural Development
9ILFSPER,Il&Fs Financial Services Ltd
865ILFS28A,Infrastructure Leasing & Financial Services Ltd
865ILFS28B,Infrastructure Leasing & Financial Services Ltd
9SFL28,Shriram Finance Ltd
809REC28,Rec Ltd
785PFCL28,Power Finance Corporation Ltd
801REC28,Rec Ltd
806REC28,Rec Ltd
1015UPPC27,U P Power Corporation Ltd
1015UPPC28,U P Power Corporation Ltd
10PFL28,Poonawalla Fincorp Ltd
9SFL28A,Shriram Finance Ltd
885SFIL28,Indiabulls Commercial Credit Ltd
88SCL28,Sammaan Capital Ltd
853MMFSL33,Mahindra & Mahindra Financial Services Ltd
890IFSL28,Il&Fs Financial Services Ltd
880SFIL28,Indiabulls Commercial Credit Ltd
9ILFSL28,Infrastructure Leasing & Financial Services Ltd
875ISPDL28,Icici Securities Primary Dealership Ltd
910ILFSL28,Infrastructure Leasing & Financial Services Ltd
953IEDCL26,Il&Fs Energy Development Company Ltd
918MRHFL28,Mahindra Rural Housing Finance Ltd
935CFSER,Credila Financial Services Ltd
105JKBLPER,Jammu And Kashmir Bank Ltd
871WTGL34,Western Transmission (Gujarat) Ltd
855NHAI48,National Highways Authority Of India
JFCZC28,Jfc Finance (India) Ltd
915ILFSL28,Infrastructure Leasing & Financial Services Ltd
905HFSL28,Hdb Financial Services Ltd
855REC28,Rec Ltd
940MRHFL28,Mahindra Rural Housing Finance Ltd
980SCL28,Sammaan Capital Ltd
940HDB99,Hdb Financial Services Ltd
1032APCR26,Andhra Pradesh Capital Region Development Authority
1032APCR27,Andhra Pradesh Capital Region Development Authority
1032APCR28,Andhra Pradesh Capital Region Development Authority
863REC28,Rec Ltd
9507JFHL28,Jm Financial Home Loans Ltd
775IGT28,India Grid Trust
847NABAR33,National Bank For Agriculture And Rural Development
985ECL28A,Ecl Finance Ltd
91164YES28,Yes Bank Ltd
915HFSLPER,Hdb Financial Services Ltd
EELNIFT28,Ecap Equities Ltd
87RECL28,Rec Ltd
1015FEL26,Future Enterprises Ltd
2EARCL28,Edelweiss Asset Reconstruction Company Ltd
895PFC28,Power Finance Corporation Ltd
905RIL28,Reliance Industries Ltd
905HDFCB28,Hdfc Bank Ltd
892NABAR33,National Bank For Agriculture And Rural Development
91LTF28,L&T Finance Ltd
911BFL33,Bajaj Finance Ltd
9HDFCB28,Hdfc Bank Ltd
895RIL28,Reliance Industries Ltd
860HUDCL28,Housing & Urban Development Corporation Ltd
854REC28,Rec Ltd
97HFSL28,Hdb Financial Services Ltd
867PFCL28,Power Finance Corporation Ltd
864PFCL33,Power Finance Corporation Ltd
856REC28,Rec Ltd
852HUDCO28,Housing & Urban Development Corporation Ltd
9HDFCB28A,Hdfc Bank Ltd
93SCL28,Sammaan Capital Ltd
845IRFC28,Indian Railway Finance Corporation Ltd
837REC28,Rec Ltd
976ABCL28,Aditya Birla Capital Ltd
865RIL28,Reliance Industries Ltd
99EARCL28,Edelweiss Asset Reconstruction Company Ltd
1051SFL28,Shriram Finance Ltd
952PFL28,Piramal Finance Ltd
851NABAR33,National Bank For Agriculture And Rural Development
866HDFCB28,Hdfc Bank Ltd
818NABAR28,National Bank For Agriculture And Rural Development
860ABL28,Axis Bank Ltd
915ABCL28,Aditya Birla Capital Ltd
844HBL28,Hdfc Bank Ltd
106FEL26,Future Enterprises Ltd
84IRFC29,Indian Railway Finance Corporation Ltd
83NTPCL29,Ntpc Ltd
851IREDA29,Indian Renewable Energy Development Agency Ltd
837NHAI29,National Highways Authority Of India
2EARCL29,Edelweiss Asset Reconstruction Company Ltd
836PGCIL29,Power Grid Corporation Of India Ltd
88REC29,Rec Ltd
91SCL29,Sammaan Capital Ltd
847IREDA29,Indian Renewable Energy Development Agency Ltd
829NABAR29,National Bank For Agriculture And Rural Development
849NHAI29,National Highways Authority Of India
854NABAR34,National Bank For Agriculture And Rural Development
838HUDCO29,Housing & Urban Development Corporation Ltd
955SCPSL29,Sbi Cards And Payment Services Ltd
824PGCIL29,Power Grid Corporation Of India Ltd
858HUDC29A,Housing & Urban Development Corporation Ltd
875PFCL34,Power Finance Corporation Ltd
98359TSL34,Tata Steel Ltd
9855IRT3A2,Indian Receivable Trust 2019 Series 3
9855IRT3A3,Indian Receivable Trust 2019 Series 3
9855IRT4A2,Indian Receivable Trust 2019 Series 4
855IRFC29,Indian Railway Finance Corporation Ltd
92171LTH34,L&T Finance Ltd
923IREDA29,Indian Renewable Energy Development Agency Ltd
85NABARD29,National Bank For Agriculture And Rural Development
10025IRTA2,Indian Receivable Trust 2019 Series 5
86REC29,Rec Ltd
841HUDCO29,Housing & Urban Development Corporation Ltd
862NABAR34,National Bank For Agriculture And Rural Development
97609PFL29,Piramal Finance Ltd
837HUDCO29,Housing & Urban Development Corporation Ltd
835IRFC29,Indian Railway Finance Corporation Ltd
83REC29,Rec Ltd
91PFCL29,Power Finance Corporation Ltd
1028NIDO29,Nido Home Finance Ltd
827NHAI29,National Highways Authority Of India
855HDFCB29,Hdfc Bank Ltd
897REC29,Rec Ltd
8179NHAI49,National Highways Authority Of India
1083CIFPER,Cholamandalam Investment And Finance Company Ltd
830IRFC29,Indian Railway Finance Corporation Ltd
898PFCL29,Power Finance Corporation Ltd
823IRFC29,Indian Railway Finance Corporation Ltd
885REC29,Rec Ltd
87929PFC34,Power Finance Corporation Ltd
88RECL29,Rec Ltd
836NHAI29,National Highways Authority Of India
1088CIFPER,Cholamandalam Investment And Finance Company Ltd
9ABCL29,Aditya Birla Capital Ltd
885PFCL29,Power Finance Corporation Ltd
809NLCIL29,Nlc India Ltd
792NHAI29,National Highways Authority Of India
894ABHF29,Aditya Birla Housing Finance Ltd
895ABCL29,Aditya Birla Capital Ltd
912CFSL29,Credila Financial Services Ltd
1164MECL29,Meghalaya Energy Corporation Ltd
885HFSL29,Hdb Financial Services Ltd
795IRFC29,Indian Railway Finance Corporation Ltd
899SCPSL29,Sbi Cards And Payment Services Ltd
FELXXVIB27,Future Enterprises Ltd
830REC29,Rec Ltd
780NHAI29,National Highways Authority Of India
865ABCL29,Aditya Birla Capital Ltd
785IRFC34,Indian Railway Finance Corporation Ltd
1427SML26,Satya Microcapital Ltd
732NTPC29,Ntpc Ltd
885CFS29,Credila Financial Services Ltd
975JFCSL29,Jm Financial Credit Solutions Ltd
2EARC29,Edelweiss Asset Reconstruction Company Ltd
899KFC26,Kerala Financial Corporation
734PGCIL29,Power Grid Corporation Of India Ltd
734PGCIL34,Power Grid Corporation Of India Ltd
754IRFC34,Indian Railway Finance Corporation Ltd
1427SML26A,Satya Microcapital Ltd
848MMFSL29,Mahindra & Mahindra Financial Services Ltd
87CFSL29,Credila Financial Services Ltd
1023CGCL29,Capri Global Capital Ltd
815PFCL34,Power Finance Corporation Ltd
791HDFCB29,Hdfc Bank Ltd
748IRFC29,Indian Railway Finance Corporation Ltd
818REC34,Rec Ltd
87HDBPERP,Hdb Financial Services Ltd
748IRFC34,Indian Railway Finance Corporation Ltd
117SACFL27,Satya Microcapital Ltd
1023GHMC29,Greater Hyderabad Municipal Corporation
1145MECL29,Meghalaya Energy Corporation Ltd
75IRFC29,Indian Railway Finance Corporation Ltd
775BOB24,Bank Of Baroda
825PFCL34,Power Finance Corporation Ltd
77NHAI29,National Highways Authority Of India
829REC34,Rec Ltd
875THDC29,Thdc India Ltd
842LTF29,L&T Finance Ltd
825REC29,Rec Ltd
90802IOB19,Indian Overseas Bank
8IREDA29,Indian Renewable Energy Development Agency Ltd
739AIAH29,Ai Assets Holding Ltd
783NABAR34,National Bank For Agriculture And Rural Development
879JSL29,Jsw Steel Ltd
741IOCL29,Indian Oil Corporation Ltd
805HDFCB29,Hdfc Bank Ltd
88LTF29,L&T Finance Ltd
1285AFSL26,Arohan Financial Services Ltd
739AIAH29A,Ai Assets Holding Ltd
755IRFC29,Indian Railway Finance Corporation Ltd
749PGCIL29,Power Grid Corporation Of India Ltd
749PGCIL34,Power Grid Corporation Of India Ltd
75NABARD34,National Bank For Agriculture And Rural Development
87HFSLPERP,Hdb Financial Services Ltd
13VRKPL44,Vr Konkan Private Ltd
78NHAI2034,National Highways Authority Of India
10CIFPERP,Cholamandalam Investment And Finance Company Ltd
778NABAR34,National Bank For Agriculture And Rural Development
14SHFL2026,Satin Housing Finance Ltd
155SCNL26,Satin Creditcare Network Ltd
NWFLNIFT26,Nuvama Wealth Finance Ltd
815PNB29,Punjab National Bank
793PFCL29,Power Finance Corporation Ltd
757NABAR35,National Bank For Agriculture And Rural Development
789REC30,Rec Ltd
755IRFC30,Indian Railway Finance Corporation Ltd
738PGCIL30,Power Grid Corporation Of India Ltd
7MRP130120,Mangalore Refinery And Petrochemicals Ltd
738NHPC27,Nhpc Ltd
738NHPC28,Nhpc Ltd
738NHPC29,Nhpc Ltd
73NHPCL20,Nhpc Ltd
8LTF0820,L&T Finance Ltd
784BOB35,Bank Of Baroda
8.9JSWSL30,Jsw Steel Ltd
786PFCL30,Power Finance Corporation Ltd
815ABCL30,Aditya Birla Capital Ltd
754NHAI30,National Highways Authority Of India
9MRHFL30,Mahindra Rural Housing Finance Ltd
7REC30,Rec Ltd
8LTF20,L&T Finance Ltd
790BFL30,Bajaj Finance Ltd
765ABL27,Axis Bank Ltd
7NABARD30,National Bank For Agriculture And Rural Development
8BHFL35,Bajaj Housing Finance Ltd
EARCL31120,Edelweiss Asset Reconstruction Company Ltd
736NLCIL30,Nlc India Ltd
775MRPL30,Mangalore Refinery And Petrochemicals Ltd
727NABAR30,National Bank For Agriculture And Rural Development
713NHPCL27,Nhpc Ltd
713NHPCL28,Nhpc Ltd
713NHPCL29,Nhpc Ltd
713NHPCL30,Nhpc Ltd
727NHAI35,National Highways Authority Of India
741PFCL30,Power Finance Corporation Ltd
76BFL30,Bajaj Finance Ltd
74HDFCB30,Hdfc Bank Ltd
714REC30,Rec Ltd
85TMCV26,Tata Motors Ltd
85TMCV27,Tata Motors Ltd
11MECL30,Meghalaya Energy Corporation Ltd
708IRFC30,Indian Railway Finance Corporation Ltd
775MMFS30,Mahindra & Mahindra Financial Services Ltd
741PFCL30A,Power Finance Corporation Ltd
75REC30,Rec Ltd
74IREDA30,Indian Renewable Energy Development Agency Ltd
77BHFL35,Bajaj Housing Finance Ltd
703HPCL30,Hindustan Petroleum Corporation Ltd
6NABARD30,National Bank For Agriculture And Rural Development
752NHAI36,National Highways Authority Of India
689NHPCL27,Nhpc Ltd
689NHPCL28,Nhpc Ltd
689NHPCL29,Nhpc Ltd
689NHPCL30,Nhpc Ltd
825REC30,Rec Ltd
72REC30,Rec Ltd
782NHAI35,National Highways Authority Of India
1425EPDP30,Embassy Property Developments Pvt Ltd
15EPDPL30,Embassy Property Developments Pvt Ltd
735NHAI30,National Highways Authority Of India
85APSEZ30,Adani Ports And Special Economic Zone Ltd
68NHPCL27,Nhpc Ltd
68NHPCL28,Nhpc Ltd
68NHPCL29,Nhpc Ltd
68NHPCL30,Nhpc Ltd
755REC30,Rec Ltd
74PFCL30,Power Finance Corporation Ltd
768PFCL30,Power Finance Corporation Ltd
774IREDA30,Indian Renewable Energy Development Agency Ltd
779REC30,Rec Ltd
8IHFCL30,Icici Home Finance Company Ltd
779PFCL30,Power Finance Corporation Ltd
665NABAR35,National Bank For Agriculture And Rural Development
675HUDCO30,Housing & Urban Development Corporation Ltd
796REC30,Rec Ltd
802IHFCL30,Icici Home Finance Company Ltd
755NEEPC28,North Eastern Electric Power Corporation Ltd
69IRFC35,Indian Railway Finance Corporation Ltd
83LTF30,L&T Finance Ltd
775PFCL30,Power Finance Corporation Ltd
725HDFCB30,Hdfc Bank Ltd
679NABAR35,National Bank For Agriculture And Rural Development
125USFB27,Utkarsh Small Finance Bank Ltd
81LTF30,L&T Finance Ltd
698NHAI35,National Highways Authority Of India
673IRFC35,Indian Railway Finance Corporation Ltd
95MFL30,Manappuram Finance Ltd
857IIL30,India Infradebt Ltd
815LTF30,L&T Finance Ltd
641IRFC31,Indian Railway Finance Corporation Ltd
69REC31,Rec Ltd
629NTPC31,Ntpc Ltd
688PFCL31,Power Finance Corporation Ltd
628PGCIL31,Power Grid Corporation Of India Ltd
719THDC30,Thdc India Ltd
65NHAI31,National Highways Authority Of India
645NABAR31,National Bank For Agriculture And Rural Development
757ABC35,Aditya Birla Capital Ltd
64ONGC31,Oil And Natural Gas Corporation Ltd
705PFC30,Power Finance Corporation Ltd
720PFC35,Power Finance Corporation Ltd
680SBI35,State Bank Of India
725BFL30,Bajaj Finance Ltd
725REC30,Rec Ltd
714NHAI40,National Highways Authority Of India
766LTF30,L&T Finance Ltd
704PFCL30,Power Finance Corporation Ltd
1250SSFB27,Suryoday Small Finance Bank Ltd
679BSNL30,Bharat Sanchar Nigam Ltd
734PFCL35,Power Finance Corporation Ltd
77KFC26,Kerala Financial Corporation
77KFC27,Kerala Financial Corporation
77KFC28,Kerala Financial Corporation
77KFC29,Kerala Financial Corporation
77KFC30,Kerala Financial Corporation
145BML27,Belstar Microfinance Ltd
990FFSL27,Fedbank Financial Services Ltd
705MTNL30,Mahanagar Telephone Nigam Ltd
81LTF31,L&T Finance Ltd
81LTF32,L&T Finance Ltd
81LTF33,L&T Finance Ltd
81LTF34,L&T Finance Ltd
81LTF35,L&T Finance Ltd
680REC30,Rec Ltd
932PFL30,Piramal Finance Ltd
93CIFC30,Cholamandalam Investment And Finance Company Ltd
920JMCSL30,Jm Financial Credit Solutions Ltd
9SFL30,Shriram Finance Ltd
735HDBFS30,Hdb Financial Services Ltd
685IRFC40,Indian Railway Finance Corporation Ltd
75IHFCL30,Icici Home Finance Company Ltd
710PNB35,Punjab National Bank
12LBPL26,Logix Buildtech Pvt Ltd
7LKCPL26,Lokhandwala Kataria Construction Pvt Ltd
7CFSL27,Credila Financial Services Ltd
707IHF30,Icici Home Finance Company Ltd
659NABAR35,National Bank For Agriculture And Rural Development
795LTF31,L&T Finance Ltd
795LTF32,L&T Finance Ltd
795LTF33,L&T Finance Ltd
795LTF34,L&T Finance Ltd
795LTF35,L&T Finance Ltd
642NABAR30,National Bank For Agriculture And Rural Development
694NHAI37,National Highways Authority Of India
685IRFCL40,Indian Railway Finance Corporation Ltd
975TCAPPER,Tata Capital Ltd
865JMFPL30,Jm Financial Products Ltd
7LKCP26B,Lokhandwala Kataria Construction Pvt Ltd
765IHFCL35,Icici Home Finance Company Ltd
960THFL30,Truhome Finance Ltd
775BOM30,Bank Of Maharashtra
69REC31A,Rec Ltd
79MRHFL30,Mahindra Rural Housing Finance Ltd
685MTNL30,Mahanagar Telephone Nigam Ltd
96TCAPPERP,Tata Capital Ltd
1101MECL30,Meghalaya Energy Corporation Ltd
692BFL30,Bajaj Finance Ltd
743ABCL30,Aditya Birla Capital Ltd
694NHAI36,National Highways Authority Of India
649NABAR30,National Bank For Agriculture And Rural Development
665NABA35A,National Bank For Agriculture And Rural Development
762LTF30,L&T Finance Ltd
TFSRIRR27,Twenty Five South Realty Ltd
645REC31,Rec Ltd
683HDFCB31,Hdfc Bank Ltd
1101MECL31,Meghalaya Energy Corporation Ltd
743ABHF31,Aditya Birla Housing Finance Ltd
1101MEC31A,Meghalaya Energy Corporation Ltd
942THFL31,Truhome Finance Ltd
955TCAPPER,Tata Capital Ltd
745THDC31,Thdc India Ltd
797RECPER,Rec Ltd
643NTPC31,Ntpc Ltd
857MFL28,Manappuram Finance Ltd
702REC36,Rec Ltd
663REC31,Rec Ltd
12SEIL30,Steel Exchange India Ltd
1522RSOT61,Retail Securitisation Opportunities Trust
81RSOTB61,Retail Securitisation Opportunities Trust
AFINIF24A,Achiievers Finance India Ltd
12VITPPL31,Vitp Pvt Ltd
925SFL30,Shriram Finance Ltd
95SFL31,Shriram Finance Ltd
8BOM31,Bank Of Maharashtra
875JFP31,Jm Financial Products Ltd
745AFL31,Axis Finance Ltd
686NHPC27,Nhpc Ltd
686NHPC28,Nhpc Ltd
686NHPC29,Nhpc Ltd
686NHPC30,Nhpc Ltd
686NHPC31,Nhpc Ltd
686NHPC32,Nhpc Ltd
686NHPC33,Nhpc Ltd
686NHPC34,Nhpc Ltd
686NHPC35,Nhpc Ltd
686NHPC36,Nhpc Ltd
975HLFL26,Hinduja Leyland Finance Ltd
724ABCL30,Aditya Birla Capital Ltd
1096MECL31,Meghalaya Energy Corporation Ltd
PFCBT1S3,Power Finance Corporation Ltd
PFCBT1S4,Power Finance Corporation Ltd
830NHAI27,National Highways Authority Of India
830PFCL27,Power Finance Corporation Ltd
810IRFC27,Indian Railway Finance Corporation Ltd
82HUDCO27,Housing & Urban Development Corporation Ltd
812REC27,Rec Ltd
738REC27TF,Rec Ltd
736PFCL28,Power Finance Corporation Ltd
736IIFCL28,India Infrastructure Finance Company Ltd
740IIFCL33,India Infrastructure Finance Company Ltd
734IRFC28,Indian Railway Finance Corporation Ltd
704IRFC28,Indian Railway Finance Corporation Ltd
704REC28,Rec Ltd
717KPL28,Kamarajar Port Ltd
751HUDCO28,Housing & Urban Development Corporation Ltd
719HUDCO28,Housing & Urban Development Corporation Ltd
702IIFCL28,India Infrastructure Finance Company Ltd
708IIFCL33,India Infrastructure Finance Company Ltd
704PFCL28,Power Finance Corporation Ltd
846REC28,Rec Ltd
837REC33,Rec Ltd
871REC28,Rec Ltd
862REC33,Rec Ltd
851HUDCO28,Housing & Urban Development Corporation Ltd
849HUDCO33,Housing & Urban Development Corporation Ltd
876HUDCO28,Housing & Urban Development Corporation Ltd
874HUDCO33,Housing & Urban Development Corporation Ltd
854NHPC28,Nhpc Ltd
867NHPC33,Nhpc Ltd
879NHPC28,Nhpc Ltd
892NHPC33,Nhpc Ltd
838IIFCL28,India Infrastructure Finance Company Ltd
863IIFCL28,India Infrastructure Finance Company Ltd
850IIFCL33,India Infrastructure Finance Company Ltd
875IIFCL33,India Infrastructure Finance Company Ltd
854PFCL28,Power Finance Corporation Ltd
867PFCL33,Power Finance Corporation Ltd
879PFCL28,Power Finance Corporation Ltd
892PFCL33,Power Finance Corporation Ltd
848NTPC28,Ntpc Ltd
866NTPC33,Ntpc Ltd
873NTPC28,Ntpc Ltd
891NTPC33,Ntpc Ltd
858HUDCO29,Housing & Urban Development Corporation Ltd
876HUDCO34,Housing & Urban Development Corporation Ltd
883HUDCO29,Housing & Urban Development Corporation Ltd
901HUDCO34,Housing & Urban Development Corporation Ltd
848IIFC29A,India Infrastructure Finance Company Ltd
866IIFC34B,India Infrastructure Finance Company Ltd
873IIFC29D,India Infrastructure Finance Company Ltd
891IIFCL34,India Infrastructure Finance Company Ltd
850NHAI29,National Highways Authority Of India
875NHAI29,National Highways Authority Of India
840IRFC29,Indian Railway Finance Corporation Ltd
865IRFC29,Indian Railway Finance Corporation Ltd
855IREDA29,Indian Renewable Energy Development Agency Ltd
855IREDA34,Indian Renewable Energy Development Agency Ltd
880IREDA29,Indian Renewable Energy Development Agency Ltd
880IREDA34,Indian Renewable Energy Development Agency Ltd
875KPL29,Kamarajar Port Ltd
875KPL34,Kamarajar Port Ltd
900KPL29,Kamarajar Port Ltd
900KPL34,Kamarajar Port Ltd
873HUDCO29,Housing & Urban Development Corporation Ltd
871HUDCO34,Housing & Urban Development Corporation Ltd
898HUDCO29,Housing & Urban Development Corporation Ltd
896HUDCO34,Housing & Urban Development Corporation Ltd
863REC29,Rec Ltd
861REC34,Rec Ltd
888REC29,Rec Ltd
886REC34,Rec Ltd
863IRFC29,Indian Railway Finance Corporation Ltd
888IRFC29,Indian Railway Finance Corporation Ltd
855IIFCL29,India Infrastructure Finance Company Ltd
855IIFCL34,India Infrastructure Finance Company Ltd
880IIFCL29,India Infrastructure Finance Company Ltd
880IIFCL34,India Infrastructure Finance Company Ltd
728NTPC30B,Ntpc Ltd
737NTPC35C,Ntpc Ltd
753NTPC30E,Ntpc Ltd
762NTPC35F,Ntpc Ltd
PIDBSTRP26,Punjab Infrastructure Development Board
PIDBSTRP27,Punjab Infrastructure Development Board
1125IDBI29,Idbi Bank Ltd
956IDBI29,Idbi Bank Ltd
967IDBI29,Idbi Bank Ltd
97IFCI30,Ifci Ltd
97IFCI30A,Ifci Ltd
975IFCI30,Ifci Ltd
975IFCI30A,Ifci Ltd
IFCI40,Ifci Ltd
IFCI39,Ifci Ltd
IFCI38,Ifci Ltd
IFCI37,Ifci Ltd
IFCI36,Ifci Ltd
IFCI35,Ifci Ltd
IFCI34,Ifci Ltd
IFCI33,Ifci Ltd
IFCI32,Ifci Ltd
IFCI31,Ifci Ltd
998IFCI30,Ifci Ltd
947IRFC31,Indian Railway Finance Corporation Ltd
1075IFCI26,Ifci Ltd
1075IFC26A,Ifci Ltd
1085WBSE26,West Bengal State Electricity Distribution Company Ltd
1075IFC26,Ifci Ltd
777IRFC26,Indian Railway Finance Corporation Ltd
875IFCI26A,Ifci Ltd
1070IFCI27,Ifci Ltd
916IFCI27,Ifci Ltd
916IFCI27A,Ifci Ltd
872IFCI27,Ifci Ltd
872IFCI27D,Ifci Ltd
93DVC27,Damodar Valley Corporation
93DVC27A,Damodar Valley Corporation
941IIFC37,India Infrastructure Finance Company Ltd
936IIFC42,India Infrastructure Finance Company Ltd
998IFCI37,Ifci Ltd
1010IFCI27,Ifci Ltd
990IFCI27B,Ifci Ltd
990IFCI32C,Ifci Ltd
990IFCI37D,Ifci Ltd
738REC27,Rec Ltd
945RFC2022,India Infrastructure Finance Company Ltd
741IIFC32,India Infrastructure Finance Company Ltd
738IRFC27A,Indian Railway Finance Corporation Ltd
738IRFC27,India Infrastructure Finance Company Ltd
739IRFC27B,India Infrastructure Finance Company Ltd
738IRFC27B,Indian Railway Finance Corporation Ltd
739IRFC27C,Indian Railway Finance Corporation Ltd
1012IFCI27,Ifci Ltd.
869DVC28,Damodar Valley Corporation
975IFCI28,Ifci Ltd.
826IIFC28A,India Infrastructure Finance Company Ltd
848NHAI28,National Highways Authority Of India
848IRFC28B,Indian Railway Finance Corporation Ltd
848IRFC29A,Indian Railway Finance Corporation Ltd
855IRFC29A,Indian Railway Finance Corporation Ltd
855IRFC29B,Indian Railway Finance Corporation Ltd
863NTPC29,Ntpc Ltd
861NTPC34,Ntpc Ltd
876IFCI29,Ifci Ltd
915PIFS27,Ptc India Financial Services Ltd
915PIFS27A,Ptc India Financial Services Ltd
74IHFCL31,Icici Home Finance Company Ltd
75IHFCL33,Icici Home Finance Company Ltd
925SFL30A,Shriram Finance Ltd
95SFL30,Shriram Finance Ltd
721IRFC41,Indian Railway Finance Corporation
955TCAPERA,Tata Capital Ltd
728NHAI39,National Highways Authority Of India
975HLFL026,Hinduja Leyland Finance Ltd
925CIFPER,Cholamandalam Investment And Finance Company Ltd
881JFP31,Jm Financial Products Ltd
765BOB31,Bobcard Ltd
74REC36,Rec Ltd
RERTZC28,Real Estate Receivables Trust
975HLFL26A,Hinduja Leyland Finance Ltd
8BOM31A,Bank Of Maharashtra
777TPCL29,Tata Power Co Ltd
777TPCL30,Tata Power Co Ltd
777TPCL31,Tata Power Co Ltd
65REC31,Rec Ltd
825STL31,Sterlite Technologies Ltd
975HLF26,Hinduja Leyland Finance Ltd
119AML26,Asirvad Microfinance Ltd
8SFL31,Shriram Finance Ltd
129SMP26,Svatantra Microfin Pvt Ltd
680IRFC41,Indian Railway Finance Corporation
9PFL31,Piramal Finance Ltd
699GIL31,Grasim Industries Ltd
702BFL31,Bajaj Finance Ltd
975HLFL28,Hinduja Leyland Finance Ltd
932THFL31,Truhome Finance Ltd
876JSL31,Jsw Steel Ltd
663HPCL31,Hindustan Petroleum Corporation Ltd
1247AIHF26,Aviom India Housing Finance Pvt Ltd
AFINIF24B,Achiievers Finance India Ltd
920CIFCL31,Cholamandalam Investment And Finance Company Ltd
726ABCL31,Aditya Birla Capital Ltd
6HDFCB26,Hdfc Bank Ltd
79MFL31,Muthoot Finance Ltd
8AHL41,Ashiana Housing Ltd
699IRFC41,Indian Railway Finance Corporation
740AFL31,Axis Finance Ltd
734ABCL31,Aditya Birla Capital Ltd
91TCAPPERP,Tata Capital Ltd
688HDFCB31,Hdfc Bank Ltd
66TMCV26,Tata Motors Ltd
9SFL31,Shriram Finance Ltd
635MMFSL26,Mahindra & Mahindra Financial Services Ltd
732IGT31,India Grid Trust
727AFL31,Axis Finance Ltd
885PFL31,Piramal Finance Ltd
905CIFCL31,Cholamandalam Investment And Finance Company Ltd
635PFCL26,Power Finance Corporation Ltd
635PFCL27,Power Finance Corporation Ltd
711PFCL36,Power Finance Corporation Ltd
715IIL26,India Infradebt Ltd
1667RSOT69,Retail Securitisation Opportunities Trust
947RSOT69,Retail Securitisation Opportunities Trust
735MMFSL31,Mahindra & Mahindra Financial Services Ltd
79WCL36,Welspun Corp Ltd
85JMFPL31,Jm Financial Products Ltd
689IRFC31,Indian Railway Finance Corporation
85JMFCSL31,Jm Financial Credit Solutions Ltd
970HLFL27,Hinduja Leyland Finance Ltd
655ABCL26,Aditya Birla Capital Ltd
745ABSLI31,Aditya Birla Sun Life Insurance Company Ltd
875SFL31,Shriram Finance Ltd
697NABAR36,National Bank For Agriculture And Rural Development
703IRFC36,Indian Railway Finance Corporation
EPDPGSEC28,Embassy Property Developments Pvt Ltd
723CFSL31,Credila Financial Services Ltd
679NABAR31,National Bank For Agriculture And Rural Development
737IIL31,India Infradebt Ltd
726NHAI38,National Highways Authority Of India
725ICICI31,Icici Home Finance Company Ltd
1170SML27,Satya Microcapital Ltd
739THDC31,Thdc India Ltd
79AFLPERP,Axis Finance Ltd
606PFCL26,Power Finance Corporation Ltd
715PFC36,Power Finance Corporation Ltd
692IRFC31,Indian Railway Finance Corporation
772SBI31,State Bank Of India
12MFLPERB,Muthoot Fincorp Ltd
752ICICI32,Icici Securities Primary Dealership Ltd
68EOPRE26,Embassy Office Parks Reit
669NTPC31,Ntpc Ltd
635HDB26,Hdb Financial Services Ltd
HDBZC26,Hdb Financial Services Ltd
672IGT26,India Grid Trust
865SFL31,Shriram Finance Ltd
9SFIL26,Indiabulls Commercial Credit Ltd
655AFL26,Axis Finance Ltd
688HDFC31,Hdfc Bank Ltd
644HDFC28,Hdfc Bank Ltd
675PFL31,Piramal Finance Ltd
627ICICI26,Icici Home Finance Company Ltd
610SJVN26,Sjvn Ltd
640JUPPL29,Jamnagar Utilities & Power Pvt Ltd
692NABAR29,National Bank For Agriculture And Rural Development
695PFCL31,Power Finance Corporation Ltd
71ABCL31,Aditya Birla Capital Ltd
645ABCL26,Aditya Birla Capital Ltd
675IIL27,India Infradebt Ltd
772SBIPER,State Bank Of India
705EOP26,Embassy Office Parks Reit
1075MFSL21,Mas Financial Services Ltd
623REC31,Rec Ltd
786BOM31,Bank Of Maharashtra
627BPCL26,Bharat Petroleum Corporation Ltd
725BHFL31,Bajaj Housing Finance Ltd
768HDB31,Hdb Financial Services Ltd
710HEGI31,Hdfc Ergo General Insurance Company Ltd
710HDFCB31,Hdfc Bank Ltd
8JMFHL26,Jm Financial Home Loans Ltd
837SFL31,Shriram Finance Ltd
745MMFSL31,Mahindra & Mahindra Financial Services Ltd
710PNB31,Punjab National Bank
68AFL26,Axis Finance Ltd
695IRFC36,Indian Railway Finance Corporation
775SUDLI31,Star Union Dai-Ichi Life Insurance Company Ltd
609SMIL26,Motherson Sumi Systems Ltd
795BOBPER,Bank Of Baroda
65AFL26,Aavas Financiers Ltd
763ABSLI31,Aditya Birla Sun Life Insurance Company Ltd
705HDFCB31,Hdfc Bank Ltd
715BFL31,Bajaj Finance Ltd
TCAPPERP,Tata Capital Ltd
743ABCL31,Aditya Birla Capital Ltd
742AFL31,Axis Finance Ltd
840PNBPER,Punjab National Bank
755SBIPERP,State Bank Of India
675IIDL27,India Infradebt Ltd
692REC32,Rec Ltd
113UCL27,Ugro Capital Ltd
685NLC32,Nlc India Ltd
687IRFC32,Indian Railway Finance Corporation
692PFCL32,Power Finance Corporation Ltd
699ABL31,Axis Bank Ltd
687NHAI32,National Highways Authority Of India
655ICHCL26,Icici Home Finance Company Ltd
905SFL31,Shriram Finance Ltd
08SFL31,Shriram Finance Ltd
748MRPL32,Mangalore Refinery & Petrochemicals
1130UCL27,Ugro Capital Ltd
668LTMRH27,L&T Metro Rail (Hyderabad) Ltd
776AFLPERP,Axis Finance Ltd
1130UCL28,Ugro Capital Ltd
790MHFL32,Mahindra Rural Housing Finance Ltd
850PNBPER,Punjab National Bank
770GRIL32,G R Infraprojects Ltd
899JMFCS32,Jm Financial Credit Solutions Ltd
67ABHF27,Aditya Birla Housing Finance Ltd
8BOBPERP,Bank Of Baroda
750CFSL32,Credila Financial Services Ltd
73AGEUP26,Adani Green Energy (Up) Ltd
765AGEUP29,Adani Green Energy (Up) Ltd
775AGEUP31,Adani Green Energy (Up) Ltd
785AGEUP34,Adani Green Energy (Up) Ltd
730PDPL26,Prayatna Developers Pvt Ltd
765PDPL29,Prayatna Developers Pvt Ltd
775PDPL31,Prayatna Developers Pvt Ltd
785PDPL34,Prayatna Developers Pvt Ltd
73PSEPL26,Parampujya Solar Energy Pvt Ltd
765PSEPL29,Parampujya Solar Energy Pvt Ltd
775PSEPL31,Parampujya Solar Energy Pvt Ltd
785PSEPL34,Parampujya Solar Energy Pvt Ltd
614IOCL27,Indian Oil Corporation Ltd
89TCBIL35,Thane Creek Bridge Infrastructure Ltd
9SFL32,Shriram Finance Ltd
715IIL27,India Infradebt Ltd
730CFSL29,Credila Financial Services Ltd
609HPCL27,Hindustan Petroleum Corporation Ltd
856SFL32,Shriram Finance Ltd
740NL27,Nilkamal Ltd
718HDFCB32,Hdfc Bank Ltd
712NHAI37,National Highways Authority Of India
717IIFCL32,India Infrastructure Finance Company Ltd
690TRCL26,The Ramco Cements Ltd
690TRCL27,The Ramco Cements Ltd
625AFL27,Aavas Financiers Ltd
714NEEPC30,North Eastern Electric Power Corporation Ltd
715VMC27,Vadodara Municipal Corporation
875BOMPERP,Bank Of Maharashtra
605PGCIL27,Power Grid Corporation Of India Ltd
97UPPCL29,Uppower Corporation Ltd
970UPPC30,Uppower Corporation Ltd
97UPPCL27,Uppower Corporation Ltd
97UPPCL31,Uppower Corporation Ltd
97UPPCL28,Uppower Corporation Ltd
97UPPCL32,Uppower Corporation Ltd
950JKBL32,Jammu And Kashmir Bank Ltd
1365AFSL27,Arohan Financial Services Ltd
860IOB32,Indian Overseas Bank
1177MML27,Midland Microfin Ltd
7RMIL26,Ramasigns Industries Ltd
735EOPR27,Embassy Office Parks Reit
790JMFH27,Jm Financial Home Loans Ltd
7LKCP26,Lokhandwala Kataria Construction Pvt Ltd
825SFL29,Shriram Finance Ltd
ONEGSEC31,360 One Prime Ltd
136259MM26,Midland Microfin Ltd
770BHFL27,Bajaj Housing Finance Ltd
786HDFCB32,Hdfc Bank Ltd
865JMFCS32,Jm Financial Credit Solutions Ltd
885SFL32,Shriram Finance Ltd
799BFL35,Bajaj Finance Ltd
775JMFHL26,Jm Financial Home Loans Ltd
1177SML26,Satya Microcapital Ltd
770BFL27,Bajaj Finance Ltd
750GIL27,Grasim Industries Ltd
962APSB27,Andhra Pradesh State Beverages Corporation Ltd
962APSB26,Andhra Pradesh State Beverages Corporation Ltd
962APSB32,Andhra Pradesh State Beverages Corporation Ltd
962APSB28,Andhra Pradesh State Beverages Corporation Ltd
962APSB29,Andhra Pradesh State Beverages Corporation Ltd
962APSB30,Andhra Pradesh State Beverages Corporation Ltd
962APSB31,Andhra Pradesh State Beverages Corporation Ltd
779IOCL32,Indian Oil Corporation Ltd
781HPCL32,Hindustan Petroleum Corporation Ltd
850VFL28,Veritas Finance Ltd
1018EFCL27,Edel Finance Company Ltd
8IIL27,India Infradebt Ltd
825SCPSL32,Sbi Cards And Payment Services Ltd
14VPIPL27,Vimal Plast India Pvt Ltd
875HPL29,Haldia Petrochemicals Ltd
895HPL27,Haldia Petrochemicals Ltd
840CFSL32,Credila Financial Services Ltd
875PNBPER,Punjab National Bank
10IPL37,Infopark Properties Ltd
815CFSL32,Credila Financial Services Ltd
NWFLNIF26C,Nuvama Wealth Finance Ltd
865JMFPL32,Jm Financial Products Ltd
970SFIL32,Indiabulls Commercial Credit Ltd
779KMPL27,Kotak Mahindra Prime Ltd
777HDFCB27,Hdfc Bank Ltd
820MMFSL32,Mahindra & Mahindra Financial Services Ltd
8AHL2042,Ashiana Housing Ltd
825CFSL32,Credila Financial Services Ltd
8HDFCB32,Hdfc Bank Ltd
870TIAPL26,Trust Investment Advisors Pvt Ltd
795MBPR27,Mindspace Business Parks Reit
1050HFL27,Hedge Finance Ltd
11HFL27,Hedge Finance Ltd
93AUFL32,Au Small Finance Bank Ltd
93AUFL32A,Au Small Finance Bank Ltd
93AUFL32B,Au Small Finance Bank Ltd
THFLMCLR26,Truhome Finance Ltd
739BOB29,Bank Of Baroda
1224AIHF27,Aviom India Housing Finance Pvt Ltd
872SFL32,Shriram Finance Ltd
1125ISFL28,Iifl Samasta Finance Ltd
713PFCL26,Power Finance Corporation Ltd
76BFL27,Bajaj Finance Ltd
1025ARKA28,Arka Fincap Ltd
777IIL27,India Infradebt Ltd
7475KMPL26,Kotak Mahindra Prime Ltd
836CFSPER,Credila Financial Services Ltd
8GRIL29,G R Infraprojects Ltd
79MMFSL27,Mahindra & Mahindra Financial Services Ltd
865YATL27,Yedeshi Aurangabad Tollway Ltd
788BOBPERP,Bank Of Baroda
834AFLPER,Axis Finance Ltd
714IOCL27,Indian Oil Corporation Ltd
780HDFCB32,Hdfc Bank Ltd
784HDFCB27,Hdfc Bank Ltd
782BFL32,Bajaj Finance Ltd
789BHFL32,Bajaj Housing Finance Ltd
775SBIPER,State Bank Of India
874BOMPERP,Bank Of Maharashtra
742PFCL32,Power Finance Corporation Ltd
77AFL27,Axis Finance Ltd
715PFCL26,Power Finance Corporation Ltd
715PFCL27,Power Finance Corporation Ltd
855SFL32,Shriram Finance Ltd
875YATL29,Yedeshi Aurangabad Tollway Ltd
765HFSL27,Hdb Financial Services Ltd
760THDC32,Thdc India Ltd
785VHFCL26,Vastu Housing Finance Corporation Ltd
750TSL27,Tata Steel Ltd
776TSL32,Tata Steel Ltd
772HEGIC32,Hdfc Ergo General Insurance Company Ltd
830PNBPERP,Punjab National Bank
830MHIL32,Muthoot Homefin (India) Ltd
95EFRL26,Emami Frank Ross Ltd
865SYTL27,Solapur Yedeshi Tollway Ltd
1PRPL30,Prolific Resolution Pvt Ltd
1PRPL30A,Prolific Resolution Pvt Ltd
757SBI37,State Bank Of India
750REC33,Rec Ltd
825VIT29,Vertis Infrastructure Trust
784BHFL32,Bajaj Housing Finance Ltd
8MMFSL32,Mahindra & Mahindra Financial Services Ltd
807AFL32,Axis Finance Ltd
835MRHFL32,Mahindra Rural Housing Finance Ltd
785IREDA32,Indian Renewable Energy Development Agency Ltd
001HCCL29,Hindustan Construction Co Ltd
001HCCL29B,Hindustan Construction Co Ltd
1379LMPL26,Light Microfinance Pvt Ltd
862JSL22,Jindal Stainless Ltd
86THFL37,Truhome Finance Ltd
1125AML28,Asirvad Microfinance Ltd
1325IBP26A,Inbrew Beverages Pvt Ltd
995UPPCL27,Uppower Corporation Ltd
995UPPCL28,Uppower Corporation Ltd
995UPPCL29,Uppower Corporation Ltd
995UPPCL30,Uppower Corporation Ltd
995UPPCL31,Uppower Corporation Ltd
995UPPCL32,Uppower Corporation Ltd
875SYTL29,Solapur Yedeshi Tollway Ltd
10MDPL27,Magnite Developers Pvt Ltd
807HDFCB32,Hdfc Bank Ltd
769IRFC32,Indian Railway Finance Corporation
1206FCL27,Finstars Capital Ltd
817CFSL32,Credila Financial Services Ltd
850SFL32,Shriram Finance Ltd
PMPLZC28,Provident Meryta Pvt Ltd
PCPL28,Provident Cedar Pvt Ltd
795BFL27,Bajaj Finance Ltd
815ABHF32,Aditya Birla Housing Finance Ltd
11HFL28,Hedge Finance Ltd
1050HFL27A,Hedge Finance Ltd
875SFL32,Shriram Finance Ltd
1360IKFF28,Ikf Finance Ltd
807IIL32,India Infradebt Ltd
91TIAPL30,Trust Investment Advisors Pvt Ltd
137VRKPL47,Vr Konkan Pvt Ltd
764HPCL27,Hindustan Petroleum Corporation Ltd
79866KMP27,Kotak Mahindra Prime Ltd
858OPAL29,Ongc Petro Additions Ltd
8MTNL32,Mahanagar Telephone Nigam Ltd
765PFCL37,Power Finance Corporation Ltd
798BHFL27,Bajaj Housing Finance Ltd
812ABCL32A,Aditya Birla Capital Ltd
7LKCP26A,Lokhandwala Kataria Construction Pvt Ltd
795CFSL32,Credila Financial Services Ltd
779HDFCB32,Hdfc Bank Ltd
765REC37,Rec Ltd
1125AML28A,Asirvad Microfinance Ltd
744IOCL27,Indian Oil Corporation Ltd
806AFL32,Axis Finance Ltd
764IRFC37,Indian Railway Finance Corporation
787MTNL32,Mahanagar Telephone Nigam Ltd
789PNB37,Punjab National Bank
763KMBL29,Kotak Mahindra Bank Ltd
763GIL27,Grasim Industries Ltd
797KIDF27,Kotak Infrastructure Debt Fund Ltd
834AIEYP27,Aieypt-8.34%-01-12-27-Invit
755REC28,Rec Ltd
767REC37,Rec Ltd
786HDFC32,Hdfc Bank Ltd
795ABCL27,Aditya Birla Capital Ltd
751SBI32,State Bank Of India
NWFINDEX26,Nuvama Wealth Finance Ltd
779IREDA32,Indian Renewable Energy Development Agency Ltd
910TIAL30,Trust Investment Advisors Pvt Ltd
8BOM32,Bank Of Maharashtra
880GMRHI32,Gmr Hyderabad International Airport Ltd
788ABL32,Axis Bank Ltd
EPDL91222,Embassy Property Developments Pvt Ltd
758PFCL33,Power Finance Corporation Ltd
744NTPC33,Ntpc Ltd
753REC33,Rec Ltd
754HPCL33,Hindustan Petroleum Corporation Ltd
747IRFC33,Indian Railway Finance Corporation
784HDFC32,Hdfc Bank Ltd
752HUDCL33,Housing &Urban Development Corporation Ltd
759PFCL28,Power Finance Corporation Ltd
772PFCL37,Power Finance Corporation Ltd
734GIL27,Gail (India) Ltd
784HDBFS26,Hdb Financial Services Ltd
962APSB26A,Andhra Pradesh State Beverages Corporation Ltd
962APSB28A,Andhra Pradesh State Beverages Corporation Ltd
962APSB29A,Andhra Pradesh State Beverages Corporation Ltd
962APSB30A,Andhra Pradesh State Beverages Corporation Ltd
962APSB31A,Andhra Pradesh State Beverages Corporation Ltd
962APSB32A,Andhra Pradesh State Beverages Corporation Ltd
962APSB27A,Andhra Pradesh State Beverages Corporation Ltd
787IIL27,India Infradebt Ltd
M240826,Mac Charles (India) Ltd
BSNLIRR32,Bharat Sanchar Nigam Ltd
840PNBPERP,Punjab National Bank
874BOMPER,Bank Of Maharashtra
815AFLPER,Axis Finance Ltd
788THDC32,Thdc India Ltd
792ABCL27,Aditya Birla Capital Ltd
EELINDEX26,Ecap Equities Ltd
1370AIP32A,Assetz Industrial Parks Pvt Ltd
775TPCL30,Tata Power Co Ltd
775TPCL32,Tata Power Co Ltd
797KIDF28,Kotak Infrastructure Debt Fund Ltd
765IRFC32,Indian Railway Finance Corporation
975JKBL32,Jammu And Kashmir Bank Ltd
9INDIGM25,Indigo 022
756REC26,Rec Ltd
769REC33,Rec Ltd
762NABAR28,National Bank For Agriculture And Rural Development
1230SCNL27,Satin Creditcare Network Ltd
6IKATEPL33,Ikat Exports Pvt Ltd
765IRFC33,Indian Railway Finance Corporation
810ATL28,Alipurduar Transmission Ltd
815ATL31,Alipurduar Transmission Ltd
827ATL40,Alipurduar Transmission Ltd
827ATL41,Alipurduar Transmission Ltd
827ATLS37,Alipurduar Transmission Ltd
770SBI38,State Bank Of India
NWFNIFT26A,Nuvama Wealth Finance Ltd
788BFL28,Bajaj Finance Ltd
794IREDA33,Indian Renewable Energy Development Agency Ltd
KMILZC26A,Kotak Mahindra Investments Ltd
788IHFCL28,Icici Home Finance Company Ltd
815CFSPER,Credila Financial Services Ltd
890TIAL30,Trust Investment Advisors Pvt Ltd
1125ISFL29,Iifl Samasta Finance Ltd
83AHFL28,Aadhar Housing Finance Ltd
778MTNL33,Mahanagar Telephone Nigam Ltd
804BHFL33,Bajaj Housing Finance Ltd
909THFL33,Truhome Finance Ltd
15PSSPL26,Paranjape Spaces And Services Pvt Ltd
768HUDCO26,Housing &Urban Development Corporation Ltd
740PGCL33,Power Grid Corporation Of India Ltd
770NABAR38,National Bank For Agriculture And Rural Development
797HDFCB33,Hdfc Bank Ltd
759NHPCL38,Nhpc Ltd
759NHPCL37,Nhpc Ltd
759NHPCL36,Nhpc Ltd
759NHPCL35,Nhpc Ltd
759NHPCL34,Nhpc Ltd
759NHPCL33,Nhpc Ltd
759NHPCL32,Nhpc Ltd
759NHPCL31,Nhpc Ltd
759NHPCL30,Nhpc Ltd
759NHPCL29,Nhpc Ltd
759NHPCL28,Nhpc Ltd
759NHPCL27,Nhpc Ltd
815HEGI33A,Hdfc Ergo General Insurance Company Ltd
820SBIPERP,State Bank Of India
78MTNL33,Mahanagar Telephone Nigam Ltd
807AFL28,Axis Finance Ltd
81379KMI26,Kotak Mahindra Investments Ltd
803TSL28,Tata Steel Ltd
18PAIPL28,Weisshorn Realty Private Ltd
775IRFC33,Indian Railway Finance Corporation
785IGT28,India Grid Trust
7917IGT31,India Grid Trust
805KMPL28,Kotak Mahindra Prime Ltd
EELZC27,Ecap Equities Ltd
91THFL33,Truhome Finance Ltd
11HFL28A,Hedge Finance Ltd
1050HFL28,Hedge Finance Ltd
1370AIPP32,Assetz Industrial Parks Pvt Ltd
774HPCL28,Hindustan Petroleum Corporation Ltd
782PFCL38,Power Finance Corporation Ltd
812ABCL28,Aditya Birla Capital Ltd
825SBIPER,State Bank Of India
938JMFCS26,Jm Financial Credit Solutions Ltd
875PFL26,Piramal Finance Ltd
1075MFSL28,Mas Financial Services Ltd
782PFCL30,Power Finance Corporation Ltd
782PFCL31,Power Finance Corporation Ltd
871GMRHI33,Gmr Hyderabad International Airport Ltd
782PFCL32,Power Finance Corporation Ltd
782PFCL33,Power Finance Corporation Ltd
777PFCL26,Power Finance Corporation Ltd
922MFL33,Manappuram Finance Ltd
777REC28,Rec Ltd
769REC33A,Rec Ltd
825KMPL26,Kotak Mahindra Prime Ltd
865MFL27,Muthoot Finance Ltd
875SFL26,Shriram Finance Ltd
774IRFC38,Indian Railway Finance Corporation
785KMBL30,Kotak Mahindra Bank Ltd
HDBZC28,Hdb Financial Services Ltd
835AFL26,Axis Finance Ltd
790JKCL28,Jk Cement Ltd
83KIDFL28,Kotak Infrastructure Debt Fund Ltd
808BFL33,Bajaj Finance Ltd
830ABCL26,Aditya Birla Capital Ltd
752PGCIL33,Power Grid Corporation Of India Ltd
775MTNL33,Mahanagar Telephone Nigam Ltd
9SVPL33,Shri Vasuprada Plantations Ltd
890KFC29,Kerala Financial Corporation
890KFC30,Kerala Financial Corporation
890KFC31,Kerala Financial Corporation
890KFC32,Kerala Financial Corporation
890KFC33,Kerala Financial Corporation
770PFCL33,Power Finance Corporation Ltd
9IOB33,Indian Overseas Bank
875PNBPERP,Punjab National Bank
1075MSFS28,Mas Financial Services Ltd
875JFHLL26,Jm Financial Home Loans Ltd
825BOB33,Bobcard Ltd
825MMFSL28,Mahindra & Mahindra Financial Services Ltd
825MMFS28A,Mahindra & Mahindra Financial Services Ltd
778NABAR38,National Bank For Agriculture And Rural Development
825CFSL28,Credila Financial Services Ltd
930ARKA26A,Arka Fincap Ltd
1310AFPL28,Annapurna Finance Pvt Ltd
790TRCL27,The Ramco Cements Ltd
790TRCL27A,The Ramco Cements Ltd
756PGCIL33,Power Grid Corporation Of India Ltd
790TRCL28,The Ramco Cements Ltd
935DBL33,Dcb Bank Ltd
890TIAPL28,Trust Investment Advisors Pvt Ltd
965AFS26,Avanse Financial Services Ltd
770PFCL26,Power Finance Corporation Ltd
777PFCL28,Power Finance Corporation Ltd
829KIDFL28,Kotak Infrastructure Debt Fund Ltd
1125AML29,Asirvad Microfinance Ltd
1055MECL33,Meghalaya Energy Corporation Ltd
751REC26,Rec Ltd
1015HCI26,Hari And Company Investments Madras Private Ltd
790BFL28,Bajaj Finance Ltd
960DIAL30,Delhi International Airport Ltd
797KMPL26,Kotak Mahindra Prime Ltd
KPDLZC33,Kolte-Patil Developers Ltd
VDPTBIL35,Vr Dakshin Pvt Ltd
1070VDP35,Vr Dakshin Pvt Ltd
VDPMLD35,Vr Dakshin Pvt Ltd
811KMIL26,Kotak Mahindra Investments Ltd
955NHFL28,Niwas Housing Finance Ltd
748HUDCL26,Housing &Urban Development Corporation Ltd
755PFCL26,Power Finance Corporation Ltd
762PFCL33,Power Finance Corporation Ltd
770TGT41,India Grid Trust
875PFL26A,Piramal Finance Ltd
81MMFSL26,Mahindra & Mahindra Financial Services Ltd
805IIL28,India Infradebt Ltd
804IIL33,India Infradebt Ltd
810ABHF28,Aditya Birla Housing Finance Ltd
8MMFS27,Mahindra & Mahindra Financial Services Ltd
798RECPER,Rec Ltd
790BHF28,Bajaj Housing Finance Ltd
875SFL28,Shriram Finance Ltd
855SFL28,Shriram Finance Ltd
801ABCL28,Aditya Birla Capital Ltd
863KFC30,Kerala Financial Corporation
799AFL26,Axis Finance Ltd
863KFL31,Kerala Financial Corporation
863KFL32,Kerala Financial Corporation
863KFL29,Kerala Financial Corporation
863KFL33,Kerala Financial Corporation
78HDFCB33,Hdfc Bank Ltd
1024RSGP26,Renserv Global Private Ltd
750NABAR26,National Bank For Agriculture And Rural Development
8315MRHF27,Mahindra Rural Housing Finance Ltd
IHFC120523,Icici Home Finance Company Ltd
880JMFHL27,Jm Financial Home Loans Ltd
775BFL33,Bajaj Finance Ltd
995ICFL26,Indostar Capital Finance Ltd
77HDFCB28,Hdfc Bank Ltd
785SCPSL28,Sbi Cards And Payment Services Ltd
910THFL33,Truhome Finance Ltd
737PFCL26,Power Finance Corporation Ltd
7835KMPL26,Kotak Mahindra Prime Ltd
VPDPLZC28,Varishtha Property Developers Pvt Ltd
772BFL33,Bajaj Finance Ltd
85AHFL26,Aadhar Housing Finance Ltd
1370AIP32B,Assetz Industrial Parks Pvt Ltd
765HDFCB33,Hdfc Bank Ltd
723IRFC26,Indian Railway Finance Corporation
9FFSL30,Fedbank Financial Services Ltd
795AFL28,Axis Finance Ltd
778BHFL26,Bajaj Housing Finance Ltd
3JHL26,Jana Holdings Ltd
3JCL26,Jana Capital Ltd
881JMFSL26,Jm Financial Credit Solutions Ltd
891JMCSL26,Jm Financial Credit Solutions Ltd
952AFS26,Avanse Financial Services Ltd
9522AFS26,Avanse Financial Services Ltd
840MHL33,Muthoot Homefin (India) Ltd
746IIFCL33,India Infrastructure Finance Company Ltd
880THFL26,Truhome Finance Ltd
11MML26A,Muthoot Microfin Ltd
775MBPR26,Mindspace Business Parks Reit
955VFPL26,Vastu Finserve India Pvt Ltd
9JMFCSL26A,Jm Financial Credit Solutions Ltd
9JMFCSL27,Jm Financial Credit Solutions Ltd
773BFL28,Bajaj Finance Ltd
79ABCL28,Aditya Birla Capital Ltd
1135ATIP28,Ascend Telecom Infrastructure Pvt Ltd
746REC28,Rec Ltd
775HDFCB33,Hdfc Bank Ltd
975HHFL30,Hinduja Housing Finance Ltd
785INT40,Interise Trust
91FSBFL26,Five-Star Business Finance Ltd
743NBFID33,National Bank For Financing Infrastructure And Development
8NST28,Nexus Select Trust
837OPAL26,Ongc Petro Additions Ltd
NWFL26,Nuvama Wealth Finance Ltd
1075AUSF28,Au Small Finance Bank Ltd
748PFCL38,Power Finance Corporation Ltd
950HLFL33,Hinduja Leyland Finance Ltd
755KMBL30,Kotak Mahindra Bank Ltd
FFSL27,Fedbank Financial Services Ltd
803ABCL33,Aditya Birla Capital Ltd
795IIL28A,India Infradebt Ltd
890JFPL26,Jm Financial Products Ltd
749CHT41,Cube Highways Trust
1050HFL28A,Hedge Finance Ltd
HFL280623,Hedge Finance Ltd
741IRFC26,Indian Railway Finance Corporation
745IRFC28,Indian Railway Finance Corporation
807KPIL26,Kalpataru Projects International Ltd
795AFL26,Axis Finance Ltd
774PNB38,Punjab National Bank
805KIDFL28,Kotak Infrastructure Debt Fund Ltd
815GPL26,Godrej Properties Ltd
825GPL28,Godrej Properties Ltd
849KIIFB27,Kerala Infrastructure Investment Fund Board
849KIIFB28,Kerala Infrastructure Investment Fund Board
849KIIFB29,Kerala Infrastructure Investment Fund Board
849KIIFB30,Kerala Infrastructure Investment Fund Board
849KIIFB31,Kerala Infrastructure Investment Fund Board
849KIIFB32,Kerala Infrastructure Investment Fund Board
849KIIFB33,Kerala Infrastructure Investment Fund Board
1075AUSF29,Au Small Finance Bank Ltd
795IIL28,India Infradebt Ltd
89THFL33,Truhome Finance Ltd
1125AML30,Asirvad Microfinance Ltd
757PFCL33,Power Finance Corporation Ltd
EAAAL10723,Eaaa India Alternatives Ltd
783KMPL28,Kotak Mahindra Prime Ltd
797ABCL28,Aditya Birla Capital Ltd
802ABHF28,Aditya Birla Housing Finance Ltd
803ABHF27,Aditya Birla Housing Finance Ltd
810SBIPERP,State Bank Of India
908AKCFL26,Ak Capital Finance Ltd
759MTNL33,Mahanagar Telephone Nigam Ltd
835AFL28,Aavas Financiers Ltd
94AFS26,Avanse Financial Services Ltd
7988HFSL26,Hdb Financial Services Ltd
807KIDFL28,Kotak Infrastructure Debt Fund Ltd
940AFS28,Avanse Financial Services Ltd
1240AFPL29,Annapurna Finance Pvt Ltd
EFCL280723,Edel Finance Company Ltd
EFCL28723A,Edel Finance Company Ltd
1075MML26A,Muthoot Microfin Ltd
754SBI38,State Bank Of India
1005MFL29,Muthoot Fincorp Ltd
985ICFL26,Indostar Capital Finance Ltd
940AFS26,Avanse Financial Services Ltd
1075AUSB29,Au Small Finance Bank Ltd
875STJII28,Sansar Trust July 2023 Ii
82HEPL39,Hampi Expressways Pvt Ltd
790JUPPL28,Jamnagar Utilities & Power Pvt Ltd
910MFL2026,Muthoot Fincorp Ltd
17ENGDPL29,Everest Nisarg Greenland Developers Pvt Ltd
763IREDA33,Indian Renewable Energy Development Agency Ltd
85AHFL26A,Aadhar Housing Finance Ltd
764REC26,Rec Ltd
1075OPGP26,Opg Power Generation Pvt Ltd
1005MFL29A,Muthoot Fincorp Ltd
735IGT38,India Grid Trust
960DIAL30A,Delhi International Airport Ltd
1070AUSF29,Au Small Finance Bank Ltd
75PGCIL33,Power Grid Corporation Of India Ltd
761MTNL33,Mahanagar Telephone Nigam Ltd
945HLFL33,Hinduja Leyland Finance Ltd
784IGT30,India Grid Trust
PFCLZC26,Power Finance Corporation Ltd
764PFCL26,Power Finance Corporation Ltd
760PFCL33,Power Finance Corporation Ltd
1195NFL26,Namra Finance Ltd
81EOP28,Embassy Office Parks Reit
88CBI33,Central Bank Of India
785BHFL28,Bajaj Housing Finance Ltd
1125ESFB29,Esaf Small Finance Bank Ltd
1075SSFL26,Spandana Sphoorty Financial Ltd
1048EFL26,Electronica Finance Ltd
785BFL28,Bajaj Finance Ltd
1085IHFL26,Ikf Home Finance Ltd
803MBPR26,Mindspace Business Parks Reit
757ABFRL30,Aditya Birla Fashion And Retail Ltd
776THDC33,Thdc India Ltd
9MSFL28,Mansukh Securities And Finance Ltd
8AFL26,Axis Finance Ltd
799MMFSL26,Mahindra & Mahindra Financial Services Ltd
798BOM33,Bank Of Maharashtra
753IIFCL38,India Infrastructure Finance Company Ltd
DLF20923,Dlf Cyber City Developers Ltd
930MOFL33,Motilal Oswal Finvest Ltd
105HFL27,Hedge Finance Ltd
779BFL33,Bajaj Finance Ltd
830GPL27,Godrej Properties Ltd
850GPL28,Godrej Properties Ltd
8AFL2026,Axis Finance Ltd
HMTRESET26,Happiest Minds Technologies Ltd
749SBI38,State Bank Of India
78SCL30,Shree Cements Ltd
763NABAR28,National Bank For Agriculture And Rural Development
859PNBPERP,Punjab National Bank
995PDL26,Paisalo Digital Ltd
803RECPER,Rec Ltd
804KMIL26,Kotak Mahindra Investments Ltd
815HEGIC33,Hdfc Ergo General Insurance Company Ltd
945WL29,Waisl Ltd
815TAGIC33,Tata Aig General Insurance Company Ltd
GHFRESET28,Grihum Housing Finance Ltd
1045EFL26,Electronica Finance Ltd
975MFSL26,Mas Financial Services Ltd
JMFHL28923,Jm Financial Home Loans Ltd
772TPCL32,Tata Power Co Ltd
875SHFL26,Shriram Finance Ltd
875SFLTD26,Shriram Finance Ltd
810SMIL28,Samvardhana Motherson International Ltd
910DXX29,Dhruva Xxi 2023
875STSIX28,Sts23Ix-8.75%-18-10-28-Ptc
845SFL26,Sheela Foam Ltd
PSLPLZC29,Purva Sapphire Land Pvt Ltd
770PGCIL33,Power Grid Corporation Of India Ltd
775IREDA33,Indian Renewable Energy Development Agency Ltd
8BFL28,Bajaj Finance Ltd
1310SHFL27,Star Housing Finance Ltd
769IIFC38,India Infrastructure Finance Company Ltd
82185KMI26,Kotak Mahindra Investments Ltd
PCPLZC28,Provident Cedar Pvt Ltd
825AFL33,Axis Finance Ltd
1195LFL26,Lendingkart Finance Ltd
810IIL35,India Infradebt Ltd
813ABHF28,Aditya Birla Housing Finance Ltd
13SCNL26,Satin Creditcare Network Ltd
781SBI38,State Bank Of India
8860JFHL26,Jm Financial Home Loans Ltd
78MTNL33A,Mahanagar Telephone Nigam Ltd
965TCPL26,Tyger Capital Private Ltd
1330PFSP26,Pahal Financial Services Pvt Ltd
8995JMFP26,Jm Financial Products Ltd
925SKFL26,Sk Finance Ltd
777REC26,Rec Ltd
771REC33,Rec Ltd
779RIL33,Reliance Industries Ltd
809KMPL26,Kotak Mahindra Prime Ltd
875ST28,Sansar Trust Nov 2023 Ii
81929KMI27,Kotak Mahindra Investments Ltd
892JMFPL26,Jm Financial Products Ltd
10GGIAL43,Gmr Goa International Airport Ltd
995PDLL26,Paisalo Digital Ltd
81293HDB28,Hdb Financial Services Ltd
1075ARKA29,Arka Fincap Ltd
810AFL28,Axis Finance Ltd
880SFL33,Shriram Finance Ltd
890SFL28,Shriram Finance Ltd
768IRFC26,Indian Railway Finance Corporation
960GDL26,Gera Developments Pvt Ltd
780REC26,Rec Ltd
771REC33A,Rec Ltd
990AUXI26,Auxilo Finserve Pvt Ltd
1250AYO27,Alpha Yield O23
77PFCL33,Power Finance Corporation Ltd
1420SML29,Satya Microcapital Ltd
JCL301123,Jana Capital Ltd
940HLFL31,Hinduja Leyland Finance Ltd
768BOB33,Bank Of Baroda
774DDL38,Dme Development Ltd
1225AFPL29,Annapurna Finance Pvt Ltd
1075MFSL29,Mas Financial Services Ltd
767IIFCL38,India Infrastructure Finance Company Ltd
1025NFL26,Navi Finserv Ltd
767REC38,Rec Ltd
880STNIV29,Sansar Trust Nov 2023 Iv
799BOM33,Bank Of Maharashtra
950FSBFL26,Five-Star Business Finance Ltd
769PFCL38,Power Finance Corporation Ltd
767IRFC33,Indian Railway Finance Corporation
820KMPL28,Kotak Mahindra Prime Ltd
85HFSLPER,Hdb Financial Services Ltd
995PDL33,Paisalo Digital Ltd
880HLFL26,Hinduja Leyland Finance Ltd
DSRPLZC26,Damji Shamji Realty Pvt Ltd
771HDFCB33,Hdfc Bank Ltd
990AUXI26A,Auxilo Finserve Pvt Ltd
923SFL27,Shriram Finance Ltd
765NABAR34,National Bank For Agriculture And Rural Development
775BOB33,Bank Of Baroda
765NBFID38,National Bank For Financing Infrastructure And Development
840HDBFS33,Hdb Financial Services Ltd
975MFL28,Muthoot Fincorp Ltd
768IREDA33,Indian Renewable Energy Development Agency Ltd
1750WEPL28,Watermarke Estates Pvt Ltd
895KIIFB27,Kerala Infrastructure Investment Fund Board
895KIIFB28,Kerala Infrastructure Investment Fund Board
895KIIFB29,Kerala Infrastructure Investment Fund Board
895KIIFB30,Kerala Infrastructure Investment Fund Board
895KIIFB32,Kerala Infrastructure Investment Fund Board
895KIIFB33,Kerala Infrastructure Investment Fund Board
895KIIFB31,Kerala Infrastructure Investment Fund Board
975VFL27,Veritas Finance Ltd
KPDL221223,Kolte-Patil Developers Ltd
81BFL27,Bajaj Finance Ltd
13EFL29,Electronica Finance Ltd
855PNBPER,Punjab National Bank
10MCSL26,Muthoot Capital Services Ltd
824KMIL27,Kotak Mahindra Investments Ltd
145LMPF29,Light Microfinance Pvt Ltd
970MGIC33,Magma General Insurance Ltd
RSGPLMLD27,Renserv Global Pvt Ltd
845HFSLPER,Hdb Financial Services Ltd
960CFSL29,Credila Financial Services Ltd
829AFL27,Axis Finance Ltd
JMFHRESE27,Jm Financial Home Loans Ltd
995VT29,Vajra 004 Trust
965HHFL38,Hinduja Housing Finance Ltd
1425TULI26,Tulip Growth 12 2023
91JMFPL27,Jm Financial Products Ltd
945SRSL29,Shree Renuka Sugars Ltd
1050HFL27B,Hedge Finance Ltd
1025HF26,Hedge Finance Ltd
875SFL34,Shriram Finance Ltd
840ATIT26,Altius Telecom Infrastructure Trust
777IREDA27,Indian Renewable Energy Development Agency Ltd
870APSEZ29,Adani Ports And Special Economic Zone Ltd
880APSEZ34,Adani Ports And Special Economic Zone Ltd
765PGCIL34,Power Grid Corporation Of India Ltd
820KIDF30,Kotak Infrastructure Debt Fund Ltd
820KMPL27,Kotak Mahindra Prime Ltd
1085SCNL26,Satin Creditcare Network Ltd
838AFL34,Axis Finance Ltd
840DLFL27,Dlf Cyber City Developers Ltd
793THDC34,Thdc India Ltd
771REC27,Rec Ltd
764REC34,Rec Ltd
835MMFSL34,Mahindra & Mahindra Financial Services Ltd
995PDL34,Paisalo Digital Ltd
757IRFC29,Indian Railway Finance Corporation
15SIPPL27,Shreshta Infra Projects Pvt Ltd
834VIT27,Vertis Infrastructure Trust
804BHFL27,Bajaj Housing Finance Ltd
1275SCNL29,Satin Creditcare Network Ltd
NWILZC27,Nuvama Wealth And Investment Ltd
834SBIPERP,State Bank Of India
915SFL29,Shriram Finance Ltd
810BFL29,Bajaj Finance Ltd
845MRHF27,Mahindra Rural Housing Finance Ltd
829OPAL27,Ongc Petro Additions Ltd
833SBICS34,Sbi Cards And Payment Services Ltd
980DFPL26,Dmi Finance Pvt Ltd
757BOB24,Bank Of Baroda
1340TCFL27,Trucap Finance Ltd
825MMFS27,Mahindra & Mahindra Financial Services Ltd
819AFL29,Axis Finance Ltd
879PCBL29,Pcbl Chemical Ltd
890ACL29,Aquapharm Chemical Ltd
8ABHF34,Aditya Birla Housing Finance Ltd
768NABAR29,National Bank For Agriculture And Rural Development
1175AIHF27,Aviom India Housing Finance Pvt Ltd
NUVWEMCX27,Nuvama Wealth Finance Ltd
885HHFL27,Hinduja Housing Finance Ltd
885HHFL27A,Hinduja Housing Finance Ltd
835GRIL29,G R Infraprojects Ltd
832KPIL27,Kalpataru Projects International Ltd
787BFL34,Bajaj Finance Ltd
782BFL34,Bajaj Finance Ltd
1385SML29,Satya Microcapital Ltd
780BHFL34,Bajaj Housing Finance Ltd
806IIL29,India Infradebt Ltd
816ABCL29,Aditya Birla Capital Ltd
788PFCPERP,Power Finance Corporation Ltd
920MOFL34,Motilal Oswal Finvest Ltd
930JFCL27,Jm Financial Credit Solutions Ltd
930JFCL26,Jm Financial Credit Solutions Ltd
930JFC26,Jm Financial Credit Solutions Ltd
76KMBL31,Kotak Mahindra Bank Ltd
804IHFCL29,Icici Home Finance Company Ltd
809IHFCL26,Icici Home Finance Company Ltd
961360OPL27,360 One Prime Ltd
EEL16224,Ecap Equities Ltd
748IRFC34A,Indian Railway Finance Corporation
792BFL34,Bajaj Finance Ltd
127SFPL27,Samunnati Finance Private Ltd
788IGT29,India Grid Trust
788IGT2029,India Grid Trust
82378HDB27,Hdb Financial Services Ltd
11034BB26,Bond Basket 01 2024
8225KMPL27,Kotak Mahindra Prime Ltd
823KMPL26,Kotak Mahindra Prime Ltd
760PFC29,Power Finance Corporation Ltd
749PFC34,Power Finance Corporation Ltd
835SBIGI34,Sbi General Insurance Company Ltd
757BOB34,Bank Of Baroda
814AFL29,Axis Finance Ltd
865AHFL27,Aadhar Housing Finance Ltd
1325AFIP27,Ananya Finance For Inclusive Growth Pvt Ltd
990AFPL27,Auxilo Finserve Pvt Ltd
759IREDA34,Indian Renewable Energy Development Agency Ltd
NWIL22224,Nuvama Wealth And Investment Ltd
0PMPL29,Provident Meryta Pvt Ltd
764RL27,Rec Ltd
747RL34,Rec Ltd
1360DKGF27,Dvara Kshetriya Gramin Financial Services Pvt Ltd
960CFSL34,Credila Financial Services Ltd
AHL22244,Ashiana Housing Ltd
AIPLREST29,Aadharshila Infratech Pvt Ltd
841MRHFL29,Mahindra Rural Housing Finance Ltd
744IRFC34,Indian Railway Finance Corporation
833HFSL27,Hdb Financial Services Ltd
995PDL34A,Paisalo Digital Ltd
0ADPL27,Aliens Developers Pvt Ltd
829SBICP34,Sbi Cards And Payment Services Ltd
ABCRESET27,Aditya Birla Capital Ltd
995ICFL26B,Indostar Capital Finance Ltd
995ICFL26C,Indostar Capital Finance Ltd
1110ESAF34,Esaf Small Finance Bank Ltd
993V6T29,Vajra 006 Trust
1005MFL29B,Muthoot Fincorp Ltd
820ABHF27,Aditya Birla Housing Finance Ltd
755DDL39,Dme Development Ltd
98024PLD28,2024Pld-9.80%-18-4-28-Ptc
751MTNL34,Mahanagar Telephone Nigam Ltd
753IRED34,Indian Renewable Energy Development Agency Ltd
91SFL27A,Shriram Finance Ltd
810IHFC27,Icici Home Finance Company Ltd
835AFL27,Axis Finance Ltd
975VFSPL27,Vistaar Financial Services Pvt Ltd
764ABL34,Axis Bank Ltd
735PGCIL34,Power Grid Corporation Of India Ltd
825SCCL29,Standard Chartered Capital Ltd
ICFSL7324,Incred Financial Services Ltd
796PIL27,Pipeline Infrastructure Ltd
796PIL28,Pipeline Infrastructure Ltd
796PIL29,Pipeline Infrastructure Ltd
755PFC27,Power Finance Corporation Ltd
980DFPL27,Dmi Finance Pvt Ltd
889KFC30,Kerala Financial Corporation
889KFC31,Kerala Financial Corporation
889KFC32,Kerala Financial Corporation
889KFC33,Kerala Financial Corporation
889KFC34,Kerala Financial Corporation
18MVL27,Magnum Ventures Ltd
839JSWSL27,Jsw Steel Ltd
780TRCL28,The Ramco Cements Ltd
780TRC28,The Ramco Cements Ltd
780TRCL29,The Ramco Cements Ltd
734IIFCL39,India Infrastructure Finance Company Ltd
995AAHL27,Adani Airport Holdings Ltd
10AAHL29,Adani Airport Holdings Ltd
1335SHFL27,Star Housing Finance Ltd
805KMPL29,Kotak Mahindra Prime Ltd
1250UCL29,Ugro Capital Ltd
757IREDL29,Indian Renewable Energy Development Agency Ltd
833ABCL27,Aditya Birla Capital Ltd
746IRFC29,Indian Railway Finance Corporation
975TCPL27,Tyger Capital Private Ltd
975TCP27,Tyger Capital Private Ltd
10MCSL27,Muthoot Capital Services Ltd
1040ECL27,Edelweiss Retail Finance Ltd
990OFSL027,Oxyzo Financial Services Ltd
825NHL29,Narayana Hrudayalaya Ltd
765HDFC34,Hdfc Bank Ltd
11ESFB30,Esaf Small Finance Bank Ltd
1110ESFB31,Esaf Small Finance Bank Ltd
755BSNL34,Bharat Sanchar Nigam Ltd
751BSNL34,Bharat Sanchar Nigam Ltd
940NHF26,Niwas Housing Finance Ltd
820ABHFL27,Aditya Birla Housing Finance Ltd
975MGICL34,Magma General Insurance Ltd
970MGICL34,Magma General Insurance Ltd
MFSLMCLR28,Mas Financial Services Ltd
838KMIL27,Kotak Mahindra Investments Ltd
837KMIL27,Kotak Mahindra Investments Ltd
DIALRESE34,Delhi International Airport Ltd
812BFL27,Bajaj Finance Ltd
847PNBPERP,Punjab National Bank
SIILRESE27,Solar Industries India Ltd
793MBPR27,Mindspace Business Parks Reit
759IRDA34,Indian Renewable Energy Development Agency Ltd
873AFLPERP,Axis Finance Ltd
845MRHFL27,Mahindra Rural Housing Finance Ltd
751BSNLD34,Bharat Sanchar Nigam Ltd
129EFL29,Electronica Finance Ltd
779TSL27,Tata Steel Ltd
910KIIFB28,Kerala Infrastructure Investment Fund Board
910KIIFB29,Kerala Infrastructure Investment Fund Board
910KIIFB30,Kerala Infrastructure Investment Fund Board
910KIIFB31,Kerala Infrastructure Investment Fund Board
910KIIFB32,Kerala Infrastructure Investment Fund Board
910KIIFB33,Kerala Infrastructure Investment Fund Board
910KIIFB34,Kerala Infrastructure Investment Fund Board
9TCPL30,Tara Capital Partners India Pvt Ltd
975OFSL27,Oxyzo Financial Services Ltd
910TIAPL31,Trust Investment Advisors Pvt Ltd
975VFL28,Veritas Finance Ltd
975VFL26,Veritas Finance Ltd
995IFL27,Ikf Finance Ltd
965NACL27,Northern Arc Capital Ltd
EEL280324,Ecap Equities Ltd
EEL280324A,Ecap Equities Ltd
86MFL34,Manappuram Finance Ltd
1950PRPL27,Prateek Realtors India Pvt Ltd
858GMRHI34,Gmr Hyderabad International Airport Ltd
825AHFL29,Aadhar Housing Finance Ltd
975V07T30,Vajra 007 Trust
975V08T27,Vajra 008 Trust
1430DKGF29,Dvara Kshetriya Gramin Financial Services Pvt Ltd
990NVL0334,Nashville 03 2024
975SCL27,Sammaan Capital Ltd
925THFL27,Truhome Finance Ltd
814KMPL27,Kotak Mahindra Prime Ltd
759RL27,Rec Ltd
745RL34,Rec Ltd
854CIFC29,Cholamandalam Investment And Finance Company Ltd
NWFL12424,Nuvama Wealth Finance Ltd
965VFSPL27,Vistaar Financial Services Pvt Ltd
940FSBFL28,Five-Star Business Finance Ltd
829AXFL27,Axis Finance Ltd
802IHFC29,Icici Home Finance Company Ltd
831ABCL34,Aditya Birla Capital Ltd
755PGCI34,Power Grid Corporation Of India Ltd
12AFPL30,Annapurna Finance Pvt Ltd
935AKCFL27,Ak Capital Finance Ltd
805KMPL29A,Kotak Mahindra Prime Ltd
99024PLD28,2024 Pl Damian
1175AFI27,Achiievers Finance India Ltd
AFI260324,Achiievers Finance India Ltd
AFI260324A,Achiievers Finance India Ltd
12AFI29,Achiievers Finance India Ltd
1225AFI27,Achiievers Finance India Ltd
751IIFCL39,India Infrastructure Finance Company Ltd
1353TECP29,Total Environment Constructions Pvt Ltd
10MML27A,Muthoot Mcred Ltd
785UML27,Uno Minda Ltd
1450DKGF27,Dvara Kshetriya Gramin Financial Services Pvt Ltd
1050AFL27,Aye Finance Pvt Ltd
1225KDM33,Kiplatform Divine March 2024
1040SCNL27,Satin Creditcare Network Ltd
807IHFC27,Icici Home Finance Company Ltd
813KMPL27,Kotak Mahindra Prime Ltd
793BFL34,Bajaj Finance Ltd
1280MML26,Midland Microfin Ltd
995PDL29,Paisalo Digital Ltd
NWFL3524,Nuvama Wealth Finance Ltd
805BHFL29,Bajaj Housing Finance Ltd
810BHFL27,Bajaj Housing Finance Ltd
771NEEPC34,North Eastern Electric Power Corporation Ltd
925SKFL27,Sk Finance Ltd
834HDB27,Hdb Financial Services Ltd
807IHFCL26,Icici Home Finance Company Ltd
796MBP29,Mindspace Business Parks Reit
753RECL34,Rec Ltd
9SFL27,Sbfc Finance Ltd
8245IIL26,India Infradebt Ltd
995AHL29,Ashiana Housing Ltd
1005MFL28,Muthoot Fincorp Ltd
806BFL29A,Bajaj Finance Ltd
10MCSL27A,Muthoot Capital Services Ltd
1050AFL26,Aye Finance Pvt Ltd
748HUD29,Housing &Urban Development Corporation Ltd
940NHFL26,Niwas Housing Finance Ltd
8ERCSL26,Edelweiss Rural & Corporate Services Ltd
81BFL26,Bajaj Finance Ltd
12PFSP27,Pahal Financial Services Pvt Ltd
NAOMI29,Naomi 05 2024
920SFL26A,Shriram Finance Ltd
920SFL29,Shriram Finance Ltd
11NFL26,Namra Finance Ltd
950IFSL26,Incred Financial Services Ltd
815AFL29,Axis Finance Ltd
1053SCNL29,Satin Creditcare Network Ltd
11HFL29,Hedge Finance Ltd
1050HFL26,Hedge Finance Ltd
12NCPL26,Neogrowth Credit Pvt Ltd
1275DKGF27,Dvara Kshetriya Gramin Financial Services Pvt Ltd
DKGF240527,Dvara Kshetriya Gramin Financial Services Pvt Ltd
DKGF240524,Dvara Kshetriya Gramin Financial Services Pvt Ltd
950HLFL29,Hinduja Leyland Finance Ltd
770RECL26,Rec Ltd
758RECL29,Rec Ltd
965HLFL39,Hinduja Leyland Finance Ltd
0MSFL26A,Marwadi Shares And Finance Ltd
776TIL34,Thdc India Ltd
1306LMP27,Light Microfinance Pvt Ltd
744PFCL34,Power Finance Corporation Ltd
1130AFL29,Aye Finance Pvt Ltd
945STM28,Swayam Trust May 24
SFL30524,Shriram Finance Ltd
818MMFSL29,Mahindra & Mahindra Financial Services Ltd
ECE310524,Ecap Equities Ltd
EEL310524,Ecap Equities Ltd
12ICLFL27,Icl Fincorp Ltd
0ICLFL26,Icl Fincorp Ltd
0ICLFL27,Icl Fincorp Ltd
0ICLFL30,Icl Fincorp Ltd
925SKFL26A,Sk Finance Ltd
819IIL26,India Infradebt Ltd
1150CTM26,Capricorn Trust May 2024
119ACAP26,Akara Capital Advisors Pvt Ltd
12ACAP29,Akara Capital Advisors Pvt Ltd
75IREDA34,Indian Renewable Energy Development Agency Ltd
867AFLPER,Axis Finance Ltd
980DMIFP27,Dmi Finance Pvt Ltd
IFSL060624,Incred Financial Services Ltd
950SFL27A,Sakthi Finance Ltd
0SFL27,Sakthi Finance Ltd
1025SFL29A,Sakthi Finance Ltd
0SFL29,Sakthi Finance Ltd
833HDBFS27,Hdb Financial Services Ltd
873ELL26,Eris Lifesciences Ltd
873ELL27,Eris Lifesciences Ltd
995AAHL28,Adani Airport Holdings Ltd
TRILRE27,Tata Realty And Infrastructure Ltd
835KPIL27,Kalpataru Projects International Ltd
855HDBFPRP,Hdb Financial Services Ltd
744IRFCL34,Indian Railway Finance Corporation
990MCSL26,Muthoot Capital Services Ltd
735RECL34,Rec Ltd
114KFL27,Keertana Finserv Ltd
764NBRD29,National Bank For Agriculture And Rural Development
918NACL29,Northern Arc Capital Ltd
965VFSL26,Vistaar Financial Services Pvt Ltd
1050NFL27,Navi Finserv Ltd
925SKFLD27,Sk Finance Ltd
86IPL39,Infopark Properties Ltd
950OPL26,360 One Prime Ltd
957MASFL27,Mas Financial Services Ltd
91SFL34,Shriram Finance Ltd
942PLM2527,Plum25-1
812KMPL27,Kotak Mahindra Prime Ltd
835AFL34,Axis Finance Ltd
835MRHF29,Mahindra Rural Housing Finance Ltd
9JMFHL28,Jm Financial Home Loans Ltd
794MBPR31,Mindspace Business Parks Reit
744IRED34,Indian Renewable Energy Development Agency Ltd
787IGT27,India Grid Trust
741IIFCL39,India Infrastructure Finance Company Ltd
1025UCL27,Ugro Capital Ltd
12ICLFL27A,Icl Fincorp Ltd
0ICLFL27A,Icl Fincorp Ltd
0ICLFL30A,Icl Fincorp Ltd
1175MFL26,Manba Finance Ltd
736SBOI39,State Bank Of India
839OPAL27,Ongc Petro Additions Ltd
965VFSP26,Vistaar Financial Services Pvt Ltd
980VFL28,Veritas Finance Ltd
1215NGPL29,Neogrowth Credit Pvt Ltd
81004KIF30,Kotak Infrastructure Debt Fund Ltd
81006KIF31,Kotak Infrastructure Debt Fund Ltd
950VAJR28,Vajra 010 Trust
975VJ09T28,Vajra 009 Trust
1005MFL30,Muthoot Fincorp Ltd
799IFL36,India Infradebt Ltd
11USFBL31,Utkarsh Small Finance Bank Ltd
915SFL29A,Shriram Finance Ltd
984SSFL26,Spandana Sphoorty Financial Ltd
807IHFCL27,Icici Home Finance Company Ltd
1182KSL26,Krazybee Services Ltd
1085SFL26,Satin Finserv Ltd
1148LIFL27,Laxmi India Finance Ltd
910PM25326,Plum25-3
1075MML026,Midland Microfin Ltd
743NBFID34,National Bank For Financing Infrastructure And Development
789BOM34,Bank Of Maharashtra
1050SCNL27,Satin Creditcare Network Ltd
1746CSAI28,Csa Investments Pvt Ltd
12MFIL26,Mahaveer Finance India Ltd
SJT2024,Sansar June 2024 Trust
1180NFPL27,Namdev Finvest Pvt Ltd
850PJL28,Prism Johnson Ltd
860PJL29,Prism Johnson Ltd
1075SSF26B,Spandana Sphoorty Financial Ltd
95PFL34,Piramal Finance Ltd
820ABSLI34,Aditya Birla Sun Life Insurance Company Ltd
798BHFL26,Bajaj Housing Finance Ltd
736SBI39,State Bank Of India
869MML26,Midland Microfin Ltd
81BFL26A,Bajaj Finance Ltd
812BFL27A,Bajaj Finance Ltd
950HLFL39,Hinduja Leyland Finance Ltd
812ABHF29,Aditya Birla Housing Finance Ltd
817ABHF27,Aditya Birla Housing Finance Ltd
RRUCL11724,Ugro Capital Ltd
739IRFC34,Indian Railway Finance Corporation
871HDBFPER,Hdb Financial Services Ltd
808KMPL27,Kotak Mahindra Prime Ltd
736IOCL29,Indian Oil Corporation Ltd
789BHFL34,Bajaj Housing Finance Ltd
8KMTL27,Kohima-Mariani Transmission Ltd
9CIFCL31,Cholamandalam Investment And Finance Company Ltd
756RECL27,Rec Ltd
745RECL35,Rec Ltd
728HUDC29,Housing &Urban Development Corporation Ltd
965AXFPL27,Auxilo Finserve Pvt Ltd
738PGCIL34,Power Grid Corporation Of India Ltd
923CFSL27,Credila Financial Services Ltd
NWFL22724A,Nuvama Wealth Finance Ltd
739IREDA39,Indian Renewable Energy Development Agency Ltd
975SCL29,Indiabulls Housing Finance Ltd
12IFL27A,Icl Fincorp Ltd
ICLF230724,Icl Fincorp Ltd
ICL230724,Icl Fincorp Ltd
995IKFL26,Ikf Finance Ltd
950DIA34RR,Delhi International Airport Ltd
1022WE27RR,Wagholi Estates Pvt Ltd
840GPL28,Godrej Properties Ltd
855GPL29,Godrej Properties Ltd
985USGIC34,Universal Sompo General Insurance Company Ltd
830ABHFL34,Aditya Birla Housing Finance Ltd
1097SML29,Satya Microcapital Ltd
737IRFC29,Indian Railway Finance Corporation
1140KFP27,Keertana Finserv Ltd
1050PFSP27,Pahal Financial Services Pvt Ltd
995PDL27,Paisalo Digital Ltd
798BFL29,Bajaj Finance Ltd
ZCNWF27,Nuvama Wealth Finance Ltd
739IIFCL39,India Infrastructure Finance Company Ltd
870SFL34,Shriram Finance Ltd
EEL010824,Ecap Equities Ltd
1030IKF27,Ikf Finance Ltd
1175MFL26A,Manba Finance Ltd
990AXFPL27,Auxilo Finserve Pvt Ltd
985STEL26,Stellar 11 2024
990PLD29,2024 Pl Darwin
1175NFP27,Namdev Finvest Pvt Ltd
99TCPL27A,Tyger Capital Pvt Ltd
78BOM34,Bank Of Maharashtra
798IIL34,India Infradebt Ltd
897MML28,Muthoot Microfin Ltd
825MRHF29,Mahindra Rural Housing Finance Ltd
788UML27,Uno Minda Ltd
785UML27A,Uno Minda Ltd
799RCFL27,Rashtriya Chemicals & Fertilizers Ltd
80956ABH26,Aditya Birla Housing Finance Ltd
985NWFL27,Nuvama Wealth Finance Ltd
755RECL26,Rec Ltd
825SCPSL34,Sbi Cards And Payment Services Ltd
8034ABCL34,Aditya Birla Capital Ltd
975SCL28A,Sammaan Capital Ltd
849ABSLI34,Aditya Birla Sun Life Insurance Company Ltd
805AFL28,Axis Finance Ltd
736NBFID44,National Bank For Financing Infrastructure And Development
925VJRT27,Vajra 011 Trust
8IIDL29,India Infradebt Ltd
EEL130826,Ecap Equities Ltd
795IIL39,India Infradebt Ltd
EEL130827,Ecap Equities Ltd
925VAJRA27,Vajra 012 Trust
925VAJRA31,Vajra 012 Trust
965OPML27,360 One Portfolio Managers Ltd
1040NFL26A,Navi Finserv Ltd
925SKF26A,Sk Finance Ltd
850FFSL28,Fedbank Financial Services Ltd
910MFL26A,Manappuram Finance Ltd
795IHFCL27,Icici Home Finance Company Ltd
975THFPL27,Tyger Home Finance Pvt Ltd
9JMFHL27,Jm Financial Home Loans Ltd
9JMFHL27A,Jm Financial Home Loans Ltd
9JMFHL28A,Jm Financial Home Loans Ltd
9JMFHL28B,Jm Financial Home Loans Ltd
12AFIL29,Achiievers Finance India Ltd
12IFL27B,Icl Fincorp Ltd
12AFIL26,Achiievers Finance India Ltd
12AFIL026,Achiievers Finance India Ltd
IFL190824,Icl Fincorp Ltd
IFL190824A,Icl Fincorp Ltd
1225AFIL27,Achiievers Finance India Ltd
125AFIL30,Achiievers Finance India Ltd
94AFL27,Arka Fincap Ltd
95IFSL26,Incred Financial Services Ltd
1170NGCP27,Neogrowth Credit Pvt Ltd
732PFCL39,Power Finance Corporation Ltd
1025SCNL26,Satin Creditcare Network Ltd
99IFSL26,Incred Financial Services Ltd
88ABDFV27,Aditya Birla Digital Fashion Ventures Ltd
731RECL39,Rec Ltd
73BOB34,Bank Of Baroda
1075MML26B,Midland Microfin Ltd
95AFL34,Arka Fincap Ltd
87AESL34,Adani Energy Solutions Ltd
1050NFL27A,Navi Finserv Ltd
722HPCL29,Hindustan Petroleum Corporation Ltd
83ISPDL35,Icici Securities Primary Dealership Ltd
85AHFL27,Aadhar Housing Finance Ltd
742SBI39,State Bank Of India
725IRFC34,Indian Railway Finance Corporation
105AFL26,Aye Finance Pvt Ltd
NWFL290824,Nuvama Wealth Finance Ltd
NWF290824,Nuvama Wealth Finance Ltd
1048EFL31,Electronica Finance Ltd
1175MFL026,Manba Finance Ltd
835ABREL27,Aditya Birla Real Estate Ltd
855ABREL29,Aditya Birla Real Estate Ltd
8ATIT34,Altius Telecom Infrastructure Trust
OPML290824,360 One Portfolio Managers Ltd
1206FCL29,Finstars Capital Ltd
1206FCL27A,Finstars Capital Ltd
835JSL29,Jsw Steel Ltd
843JSL31,Jsw Steel Ltd
108SFL26,Satin Finserv Ltd
737IIFCL34,India Infrastructure Finance Company Ltd
95DHRUVA29,Dhruva Xxii
772TIL34,Thdc India Ltd
910PLM28,Plum 25-6
8857SFL27,Shriram Finance Ltd
730PFCL34,Power Finance Corporation Ltd
925MOFSL32,Motilal Oswal Financial Services Ltd
1150NFPL30,Namdev Finvest Pvt Ltd
745ABL34,Axis Bank Ltd
8049ABHF27,Aditya Birla Housing Finance Ltd
1075SSFL27,Spandana Sphoorty Financial Ltd
980SFIL29,Indiabulls Commercial Credit Ltd
820PFL29,Poonawalla Fincorp Ltd
726BOB34,Bank Of Baroda
81ABCL29,Aditya Birla Capital Ltd
999ATIT29,Altius Telecom Infrastructure Trust
999ATIT29A,Altius Telecom Infrastructure Trust
736IRED39,Indian Renewable Energy Development Agency Ltd
85GPL29,Godrej Properties Ltd
875AVHFI29,Aptus Value Housing Finance India Ltd
885SA24T,Sansar Aug 2024 Vii Trust
844RSEPL29,Renew Solar Energy (Jharkhand Five) Pvt Ltd
803ABHFL29,Aditya Birla Housing Finance Ltd
910SFL34,Shriram Finance Ltd
786ABFRL26,Aditya Birla Fashion And Retail Ltd
79JDFI26,John Deere Financial India Pvt Ltd
0APL26,Ans Privte Ltd
975MM26,Muthoot Mcred Ltd
925DHRU30,Dhruva Xxiii
950DHRU30,Dhruva Xxiii
12MFLAPER,Muthoot Fincorp Ltd
0CIPL28,Cyqure India Pvt Ltd
18RHRPL27,Reilly Homes Realty Pvt Ltd
875AVHF029,Aptus Value Housing Finance India Ltd
950IFSL26A,Incred Financial Services Ltd
810DCCDL34,Dlf Cyber City Developers Ltd
115SFPLP29,Samunnati Finance Private Ltd
733SBI39,State Bank Of India
795IHFC27,Icici Home Finance Company Ltd
794IHFC29,Icici Home Finance Company Ltd
0KPDL34,Kolte-Patil Developers Ltd
10DKGFS27,Dvara Kshetriya Gramin Financial Services Pvt Ltd
10DKGFSP27,Dvara Kshetriya Gramin Financial Services Pvt Ltd
727PFCL31,Power Finance Corporation Ltd
722PFCL31,Power Finance Corporation Ltd
1080SFL26,Satin Finserv Ltd
1045MFL32,Muthoot Fincorp Ltd
NWFL23924,Nuvama Wealth Finance Ltd
86ABRL27,Aditya Birla Renewables Ltd
715HUDCO34,Housing &Urban Development Corporation Ltd
1025HFSP27,Hiranandani Financial Services Pvt Ltd
80232KDF30,Kotak Infrastructure Debt Fund Ltd
796EOPRT27,Embassy Office Parks Reit
812DLFCD27,Dlf Cyber City Developers Ltd
893SHFL27,Satin Housing Finance Ltd
801MMFSL27,Mahindra & Mahindra Financial Services Ltd
0ECAPEL28,Ecap Equities Ltd
11DKGF26,Dvara Kshetriya Gramin Financial Services Pvt Ltd
1250SFPL26,Samunnati Finance Private Ltd
802IUTA126,India Universal Trust Al1
812IUTA127,India Universal Trust Al1
820IUTA130,India Universal Trust Al1
106632HC26,Hari And Company Investments Madras Private Ltd
940AFSL27,Avanse Financial Services Ltd
95SHDF27,Shubham Housing Development Finance Company
135NFPL27,Namdev Finvest Pvt Ltd
115VFPL26,Varthana Finance Pvt Ltd
895SISL39,Sify Infinit Spaces Ltd
1090AFPL26,Avanti Finance Pvt Ltd
205SRPL28,Santladevi Resorts Pvt Ltd
847BOBPER,Bobcard Ltd
935AAHL28,Adani Airport Holdings Ltd
0RL34,Rec Ltd
10SGHPL29,Sadbhav Gadag Highway Pvt Ltd
915AFPL027,Ambit Finvest Pvt Ltd
940AKCFL27,Ak Capital Finance Ltd
940PL25728,Plum 25-7
945PLKIG27,2024 Pl Kingsley
885SAT29,Sansar Aug 2024 V Trust
11IFSPL27,Infinity Fincorp Solutions Pvt Ltd
756BHFL34,Bajaj Housing Finance Ltd
7781KMPL29,Kotak Mahindra Prime Ltd
825CIFCL29,Cholamandalam Investment And Finance Company Ltd
1225ICL28,Icl Fincorp Ltd
ICL041024,Icl Fincorp Ltd
ICLF041024,Icl Fincorp Ltd
940AVFSL27,Avanse Financial Services Ltd
824MMFSL34,Mahindra & Mahindra Financial Services Ltd
949KIIFB28,Kerala Infrastructure Investment Fund Board
949KIIFB29,Kerala Infrastructure Investment Fund Board
949KIIFB30,Kerala Infrastructure Investment Fund Board
949KIIFB31,Kerala Infrastructure Investment Fund Board
949KIIFB32,Kerala Infrastructure Investment Fund Board
949KIIFB33,Kerala Infrastructure Investment Fund Board
949KIIFB34,Kerala Infrastructure Investment Fund Board
791ABCL34,Aditya Birla Capital Ltd
1050AF27,Aye Finance Pvt Ltd
925SFL027,Sk Finance Ltd
1025HFL27,Hedge Finance Ltd
1050HFL30,Hedge Finance Ltd
95HHFL39,Hinduja Housing Finance Ltd
RRADPL27,Aethon Developers Pvt Ltd
79611HDB28,Hdb Financial Services Ltd
799MPL26A,Mankind Pharma Ltd
797MPL27,Mankind Pharma Ltd
9564AFSL28,Avanse Financial Services Ltd
94AFSL27,Avanse Financial Services Ltd
RRBHFL29,Bajaj Housing Finance Ltd
0360OPL27,360 One Prime Ltd
1045EFL30,Electronica Finance Ltd
9IKFFL27,Ikf Finance Ltd
1325LFL26,Lendingkart Finance Ltd
1210KSL26,Krazybee Services Ltd
975DMIFP27,Dmi Finance Pvt Ltd
975SCL29A,Sammaan Capital Ltd
925SCL26G,Sammaan Capital Ltd
76937NST27,Nexus Select Trust
77165NST28,Nexus Select Trust
929AKCF26,Ak Capital Finance Ltd
94AFSL27A,Avanse Financial Services Ltd
1140KFL27,Keertana Finserv Ltd
798SBIPERP,State Bank Of India
808MRRPL35,Mancherial Repallewada Road Pvt Ltd
828MRRPL31,Mancherial Repallewada Road Pvt Ltd
8ORL27,Oberoi Realty Ltd
805ORL28,Oberoi Realty Ltd
708PGC34,Power Grid Corporation Of India Ltd
743JUPPL34,Jamnagar Utilities & Power Pvt Ltd
808SKRPL35,Suryapet Khammam Road Pvt Ltd
828SKRPL31,Suryapet Khammam Road Pvt Ltd
13PFSP31,Pahal Financial Services Pvt Ltd
772IHFCL29,Icici Home Finance Company Ltd
896SFL27,Shriram Finance Ltd
1182ESPL26,Earlysalary Services Pvt Ltd
102EFSL27,Edelweiss Financial Services Ltd
961NWFL26A,Nuvama Wealth Finance Ltd
827HFSL34,Hdb Financial Services Ltd
114BFL26,Berar Finance Ltd
809AFL29,Aavas Financiers Ltd
950IFSLD26,Incred Financial Services Ltd
99MCSL26,Muthoot Capital Services Ltd
95HLFL30,Hinduja Leyland Finance Ltd
945DXXIV29,Dhruva Xxiv
799MRHFL28,Mahindra Rural Housing Finance Ltd
960AVFSL27,Avanse Financial Services Ltd
94AVFSL27,Avanse Financial Services Ltd
732IREDA29,Indian Renewable Energy Development Agency Ltd
78241ABH29,Aditya Birla Housing Finance Ltd
726IIFCL34,India Infrastructure Finance Company Ltd
747IIFCL27,India Infrastructure Finance Company Ltd
709RL39,Rec Ltd
734RL30,Rec Ltd
88ISIPL29,Indium Software (India) Pvt Ltd
95NWFL26,Nuvama Wealth Finance Ltd
803PFL29,Poonawalla Fincorp Ltd
89267SFL27,Shriram Finance Ltd
945OFSL26,Oxyzo Financial Services Ltd
832KPIL27A,Kalpataru Projects International Ltd
715IRFC39,Indian Railway Finance Corporation
975VFL28A,Veritas Finance Ltd
965VFL27,Veritas Finance Ltd
865AESL34,Adani Energy Solutions Ltd
990IKFFL27,Ikf Finance Ltd
12MFL26,Moneyboxx Finance Ltd
RRIHFCL27,Icici Home Finance Company Ltd
9HLFL27,Hinduja Leyland Finance Ltd
723SBI39,State Bank Of India
920DCBBL34,Dcb Bank Ltd
NWFL181124,Nuvama Wealth Finance Ltd
942360OP27,360 One Prime Ltd
825GHFL26,Gic Housing Finance Ltd
828GHFL26,Gic Housing Finance Ltd
10MCSLD26,Muthoot Capital Services Ltd
1350NFPL27,Namdev Finvest Pvt Ltd
0AFL26,Ambium Finserve Ltd
10CIPL30,Casablanca Industries Pvt Ltd
114KFL27A,Keertana Finserv Ltd
960ARFL34,Arka Fincap Ltd
775IHFCL34,Icici Home Finance Company Ltd
IHFC261124,Icici Home Finance Company Ltd
737IREDA31,Indian Renewable Energy Development Agency Ltd
10CJDPL28,Century Joint Developments Pvt Ltd
754MBP28,Mindspace Business Parks Reit
1010ICFL27,Indostar Capital Finance Ltd
1015ICFL27,Indostar Capital Finance Ltd
97THFPL27,Tyger Home Finance Pvt Ltd
741BOB39,Bank Of Baroda
1090USFB31,Utkarsh Small Finance Bank Ltd
AXFL291124,Axis Finance Ltd
803IUTL226,India Universal Trust Al2
809IUTL227,India Universal Trust Al2
817IUTL230,India Universal Trust Al2
990IFSL27,Incred Financial Services Ltd
845MFSL26,Mas Financial Services Ltd
117NCPL26,Neogrowth Credit Pvt Ltd
125NFPL31,Namdev Finvest Pvt Ltd
1040MCSL26,Muthoot Capital Services Ltd
950HLFLPERA,Hinduja Leyland Finance Ltd
1331PA11T28,Prosperity Asset 11 Trust
96ESFBL30,Equitas Small Finance Bank Ltd
117VFPL27,Varthana Finance Pvt Ltd
792IIL30,India Infradebt Ltd
793IIL34,India Infradebt Ltd
775KMPL27,Kotak Mahindra Prime Ltd
711PFCL40,Power Finance Corporation Ltd
710PFCL35,Power Finance Corporation Ltd
77215BFL27,Bajaj Finance Ltd
723DMEDL34,Dme Development Ltd
1045MFL33,Muthoot Fincorp Ltd
785ABHFL28,Aditya Birla Housing Finance Ltd
950IFSL26B,Incred Financial Services Ltd
1030KSL26,Krazybee Services Ltd
740NBARD30,National Bank For Agriculture And Rural Development
95MCSL26,Muthoot Capital Services Ltd
91CFSL29,Credila Financial Services Ltd
962NWFL27,Nuvama Wealth Finance Ltd
965SFL27,Sammaan Finserve Ltd
709IRFC34,Indian Railway Finance Corporation
837AHFL28,Aadhar Housing Finance Ltd
11KFL26,Kosamattam Finance Ltd
773EOPR29,Embassy Office Parks Reit
FHL191224,Fortis Healthcare Ltd
FHL191224A,Fortis Healthcare Ltd
FHL191224B,Fortis Healthcare Ltd
880HLFL29,Hinduja Leyland Finance Ltd
10EFCL27,Edel Finance Company Ltd
911360OP27,360 One Portfolio Managers Ltd
0MSFL026,Marwadi Shares And Finance Ltd
1025SFL029,Sakthi Finance Ltd
95SFL027,Sakthi Finance Ltd
SFL24,Sakthi Finance Ltd
710RECL35,Rec Ltd
721GIL34,Grasim Industries Ltd
789AXFL29,Axis Finance Ltd
7882AXFL27,Axis Finance Ltd
7845AXFL34,Axis Finance Ltd
766BHFL28,Bajaj Housing Finance Ltd
735IIFCL34,India Infrastructure Finance Company Ltd
747IIFCL28,India Infrastructure Finance Company Ltd
94MFSL26,Mas Financial Services Ltd
96MFSL26,Mas Financial Services Ltd
860LDL27,Lodha Developers Ltd
985NWFL26,Nuvama Wealth Finance Ltd
823IIL34,India Infradebt Ltd
712PGCIL34,Power Grid Corporation Of India Ltd
743PNB39,Punjab National Bank
835MCFPL29,Mizuho Capsave Finance Private Ltd
88912SFL28,Shriram Finance Ltd
1125AFPL29,Annapurna Finance Pvt Ltd
716PFCL40,Power Finance Corporation Ltd
74PFCL30A,Power Finance Corporation Ltd
835MRHF34,Mahindra Rural Housing Finance Ltd
712HUDCO34,Housing &Urban Development Corporation Ltd
974HCI26,Hari And Company Investments Madras Private Ltd
1011HCI26,Hari And Company Investments Madras Private Ltd
925VT28,Vajra 014 Trust
980IKFHF28,Ikf Home Finance Ltd
12FFSL27,Finkurve Financial Services Ltd
109AFPL26,Avanti Finance Pvt Ltd
715IRFC34,Indian Railway Finance Corporation
10MCSL026,Muthoot Capital Services Ltd
94AKCFL27,Ak Capital Finance Ltd
10ICFL26,Indostar Capital Finance Ltd
841AFLPER,Axis Finance Ltd
835MCFPL27,Mizuho Capsave Finance Private Ltd
11ESPL26,Earlysalary Services Pvt Ltd
942KIIF28A,Kerala Infrastructure Investment Fund Board
942KIIFB29,Kerala Infrastructure Investment Fund Board
942KIIFB30,Kerala Infrastructure Investment Fund Board
942KIIFB31,Kerala Infrastructure Investment Fund Board
942KIIFB33,Kerala Infrastructure Investment Fund Board
942KIIFB34,Kerala Infrastructure Investment Fund Board
942KIIFB32,Kerala Infrastructure Investment Fund Board
875AVHF29,Aptus Value Housing Finance India Ltd
975MAS26,Mas Financial Services Ltd
968THFP27,Tyger Home Finance Pvt Ltd
84HHFL28,Hinduja Housing Finance Ltd
NWFL311224,Nuvama Wealth Finance Ltd
950IFSL26C,Incred Financial Services Ltd
99IKFF27,Ikf Finance Ltd
9AFIP28,Aptus Finance India Pvt Ltd
10KFL26,Kosamattam Finance Ltd
1010AFL27,Aye Finance Pvt Ltd
995AFL26,Aye Finance Pvt Ltd
14ACAP26,Akara Capital Advisors Pvt Ltd
108EAAAL27,Eaaa India Alternatives Ltd
925SKFL28,Sk Finance Ltd
725IOCL30,Indian Oil Corporation Ltd
775UNOML26,Uno Minda Ltd
775UNOML27,Uno Minda Ltd
89043SFL30,Shriram Finance Ltd
930PFL27,Piramal Finance Ltd
938ARFL29,Arka Fincap Ltd
1095AFL26,Ambium Finserve Ltd
1125IML26A,Indel Money Ltd
855MOHFL27,Motilal Oswal Home Finance Ltd
753NABRD28,National Bank For Agriculture And Rural Development
13IML27,Indel Money Ltd
995SCL35,Sammaan Capital Ltd
94AKCF28,Ak Capital Finance Ltd
1075NFL27,Navi Finserv Ltd
720RECL35,Rec Ltd
777KMPL30,Kotak Mahindra Prime Ltd
RRCIPL30,Casablanca Industries Pvt Ltd
925SKFL27A,Sk Finance Ltd
842AFL30,Aavas Financiers Ltd
846AFL30,Aavas Financiers Ltd
723BOB35,Bank Of Baroda
968THFPL28,Tyger Home Finance Pvt Ltd
725IRFC35A,Indian Railway Finance Corporation
ZCECAPEL27,Ecap Equities Ltd
101ICFL27,Indostar Capital Finance Ltd
950OPL35,360 One Prime Ltd
777IHFCL30,Icici Home Finance Company Ltd
115MFL26,Manba Finance Ltd
78537ABH30,Aditya Birla Housing Finance Ltd
975NWFL28,Nuvama Wealth Finance Ltd
728IREDA35,Indian Renewable Energy Development Agency Ltd
1065MFPL27,Moneywise Financial Services Pvt Ltd
95IFSL27,Incred Financial Services Ltd
1095KSL26,Krazybee Services Ltd
1130KFL27,Keertana Finserv Ltd
PFL230125A,Piramal Finance Ltd
1030HFL26,Hedge Finance Ltd
11HFL30,Hedge Finance Ltd
18SRPL28,Shoquba Realty Pvt Ltd
952NWFL27,Nuvama Wealth Finance Ltd
720NHPC35,Nhpc Ltd
1175AFIL28,Achiievers Finance India Ltd
12AFIL30,Achiievers Finance India Ltd
12AFIL27,Achiievers Finance India Ltd
12AFIL2027,Achiievers Finance India Ltd
1225AFIL28,Achiievers Finance India Ltd
1250AFIL30,Achiievers Finance India Ltd
945JESNP28,Jsquare Electrical Steel Nashik Pvt Ltd
IFSL24125,Incred Financial Services Ltd
1468LVJ26,Leasex Valerian Jan 25
10MCSL27B,Muthoot Capital Services Ltd
990IKF27,Ikf Finance Ltd
940UTD2430,Universe Trust Dec 2024
940UTD30,Universe Trust Dec 2024
TFL29125,Truhome Finance Ltd
104NFL27,Navi Finserv Ltd
98AFPL28,Auxilo Finserve Pvt Ltd
10UCL29,Ugro Capital Ltd
97AFPL27,Auxilo Finserve Pvt Ltd
1350LLDL29,Lucina Land Development Ltd
0NHIT34,National Highways Infra Trust
0NHIT35,National Highways Infra Trust
115VFPL27,Varthana Finance Pvt Ltd
1115MHFC30,Muthoot Housing Finance Company Ltd
EEL310125,Ecap Equities Ltd
1081BHGC28,Bamboo Hotel And Global Centre (Delhi) Pvt Ltd
7886MMFS28,Mahindra & Mahindra Financial Services Ltd
87HHFL30,Hinduja Housing Finance Ltd
75855SEI35,Sustainable Energy Infra Trust
9SFL30A,Sbfc Finance Ltd
PLDAN31125,2024 Pl Dan
725NBFI40,National Bank For Financing Infrastructure And Development
823JDFI28,John Deere Financial India Pvt Ltd
724PFCL35,Power Finance Corporation Ltd
725PFCL45,Power Finance Corporation Ltd
975MML27,Muthoot Mcred Ltd
93HLFL35,Hinduja Leyland Finance Ltd
760RMIL28,Ramco Industries Ltd
1002UCL26,Ugro Capital Ltd
786ABHFL28,Aditya Birla Housing Finance Ltd
790ABHFL27,Aditya Birla Housing Finance Ltd
9CFSL35,Credila Financial Services Ltd
873ABCLPRP,Aditya Birla Capital Ltd
767CHT42,Cube Highways Trust
729HUDCO35,Housing &Urban Development Corporation Ltd
950HLFLPRP,Hinduja Leyland Finance Ltd
960MFSL27,Mas Financial Services Ltd
13KDFL27,Kanakadurga Finance Ltd
728RECL40,Rec Ltd
1150BRFL27,Berar Finance Ltd
776IHFCL30,Icici Home Finance Company Ltd
781IHFCL28,Icici Home Finance Company Ltd
728IRFC40,Indian Railway Finance Corporation
1075NBSP26,Nirmal Bang Securities Pvt Ltd
11SHFL27,Satin Housing Finance Ltd
95HHFLPER,Hinduja Housing Finance Ltd
12ACAPL28,Akara Capital Advisors Pvt Ltd
975NWFL27,Nuvama Wealth Finance Ltd
734PNB35,Punjab National Bank
1081BHG28,Bamboo Hotel And Global Centre (Delhi) Pvt Ltd
980CM2526,Cartera Mfi 2025
773TIL35,Thdc India Ltd
19KTPL28,Kohinoor Technologies Pvt Ltd
840NHL30,Narayana Hrudayalaya Ltd
960IFSL27,Incred Financial Services Ltd
9OPL28,360 One Prime Ltd
975OFS27,Oxyzo Financial Services Ltd
77BOM35,Bank Of Maharashtra
11IML026,Indel Money Ltd
742PFC28,Power Finance Corporation Ltd
738PFC32,Power Finance Corporation Ltd
818MCFPL28,Mizuho Capsave Finance Private Ltd
1115MHF30,Muthoot Housing Finance Company Ltd
116MFIL27,Mahaveer Finance India Ltd
1028UCL29,Ucl-20-2-29-Cp
765TSL30,Tata Steel Ltd
8VPPL45,Vardhita Properties Pvt Ltd
759CHT44,Cube Highways Trust
975VFL29,Veritas Finance Ltd
965VFL28,Veritas Finance Ltd
1060NFL27,Navi Finserv Ltd
91PFL35,Piramal Finance Ltd
1250MFL28,Moneyboxx Finance Ltd
1250MFL26A,Moneyboxx Finance Ltd
986HCI27,Hari And Company Investments Madras Private Ltd
10NHFL29,Nido Home Finance Ltd
EFCL250225,Edel Finance Company Ltd
1090ESP26A,Earlysalary Services Pvt Ltd
5GMRAL28,Gmr Airports Ltd
1325LFL26A,Lendingkart Finance Ltd
995HFSPL28,Hiranandani Financial Services Pvt Ltd
740IREDA36,Indian Renewable Energy Development Agency Ltd
799RECPERP,Rec Ltd
830MMFSL35,Mahindra & Mahindra Financial Services Ltd
115MFL26A,Manba Finance Ltd
86TFL27,Truhome Finance Ltd
925HLFL30,Hinduja Leyland Finance Ltd
10MCSL28,Muthoot Capital Services Ltd
12LVAF27,Loanx Velvet Ash Feb 2025
995ISCFL26,Indostar Capital Finance Ltd
995ICFL626,Indostar Capital Finance Ltd
744PFCL30,Power Finance Corporation Ltd
74PFCL35,Power Finance Corporation Ltd
895AFIPL29,Aptus Finance India Pvt Ltd
12MFL27,Moneyboxx Finance Ltd
1255MFL27,Moneyboxx Finance Ltd
115AFL27,Ambium Finserve Ltd
875JEL28,Jsw Energy Ltd
88JEL30,Jsw Energy Ltd
95MFIC26,2025 02 Mfi Cosecant
1135STF27,Sagittarius Trust February 2025
930IG04128,Indigo 041
990IN04128,Indigo 041
940OPL27,360 One Prime Ltd
777AIEY28,Anzen India Energy Yield Plus Trust
1225ICLF29,Icl Fincorp Ltd
0ICLFL29,Icl Fincorp Ltd
0ICLFL30B,Icl Fincorp Ltd
11IML2026,Indel Money Ltd
79413ABC28,Aditya Birla Capital Ltd
895AFIP29,Aptus Finance India Pvt Ltd
113KFL27,Keertana Finserv Ltd
960SFL35,Sammaan Finserve Ltd
1125MHFC30,Muthoot Housing Finance Company Ltd
1035EFCL28,Edel Finance Company Ltd
875AVHFI30,Aptus Value Housing Finance India Ltd
790ABHFL28,Aditya Birla Housing Finance Ltd
1060NFL26,Navi Finserv Ltd
737HUDCO35,Housing &Urban Development Corporation Ltd
1320IML30,Indel Money Ltd
1175MBFL27,Moneyboxx Finance Ltd
10KFL027,Kosamattam Finance Ltd
6HHPL28,Hopkins Healthcare Pvt Ltd
745PFCL28,Power Finance Corporation Ltd
11RDCCL28,Rdc Concrete (India) Ltd
925ARFL35,Arka Fincap Ltd
820HEGIC35,Hdfc Ergo General Insurance Company Ltd
8016ABCL29,Aditya Birla Capital Ltd
80208ABC30,Aditya Birla Capital Ltd
744RL28,Rec Ltd
732RL35,Rec Ltd
12MFLPERPE,Muthoot Fincorp Ltd
9MCHICL35,Manipalcigna Health Insurance Company Ltd
875JEL028,Jsw Energy Ltd
880JEL030,Jsw Energy Ltd
1365AFFI26,Ananya Finance For Inclusive Growth Pvt Ltd
975OFSL27A,Oxyzo Financial Services Ltd
6HHPL28A,Hopkins Healthcare Pvt Ltd
1250MFL29,Moneyboxx Finance Ltd
775HZL27,Hindustan Zinc Ltd
775HZL28,Hindustan Zinc Ltd
840IRDAPRP,Indian Renewable Energy Development Agency Ltd
950HLFLPER,Hinduja Leyland Finance Ltd
1035AFL27,Aye Finance Ltd
995AFL27,Aye Finance Ltd
794IIL30,India Infradebt Ltd
1225BRFL27,Berar Finance Ltd
9TCPIPL31,Tara Capital Partners India Pvt Ltd
830MCFPL30,Mizuho Capsave Finance Private Ltd
MFSL210325,Mas Financial Services Ltd
10MMLD28,Muthoot Mcred Ltd
10CJDPL28A,Century Joint Developments Pvt Ltd
12EGFSL27,Emkay Global Financial Services Ltd
835CHL28,Chalet Hotels Ltd
1026MFCL30,Muthoot Fincorp Ltd
855MOHFL28,Motilal Oswal Home Finance Ltd
874HCI31,Hari And Company Investments Madras Private Ltd
109ESPL27,Earlysalary Services Pvt Ltd
1JCL28,Jana Capital Ltd
EFCL25325,Edel Finance Company Ltd
EFCL250325,Edel Finance Company Ltd
12AFIL27A,Achiievers Finance India Ltd
EFCL25325A,Edel Finance Company Ltd
1175AFI28,Achiievers Finance India Ltd
12AFI30,Achiievers Finance India Ltd
125AFIL31,Achiievers Finance India Ltd
12AFIL27B,Achiievers Finance India Ltd
1225AFI28,Achiievers Finance India Ltd
94PLUM28,Plum258-9.4%-20-8-28-Ptc
1235DKGF28,Dvara Kshetriya Gramin Financial Services Pvt Ltd
865RRISF29,India Shelter Finance Corporation Ltd
1135MFL26,Manba Finance Ltd
980IKFFL27,Ikf Finance Ltd
949KIIF29,Kerala Infrastructure Investment Fund Board
949KIIF30,Kerala Infrastructure Investment Fund Board
949KIIF31,Kerala Infrastructure Investment Fund Board
949KIIF32,Kerala Infrastructure Investment Fund Board
949KIIF33,Kerala Infrastructure Investment Fund Board
949KIIF34,Kerala Infrastructure Investment Fund Board
949KIIF35,Kerala Infrastructure Investment Fund Board
749IIT28,Indigrid Infrastructure Trust
780IIT47,Indigrid Infrastructure Trust
758IIT47,Indigrid Infrastructure Trust
1025GROT29,2024 Pl Groot
10DCAL27,Dishman Carbogen Amcis Ltd
1002EIAL28,Eaaa India Alternatives Ltd
774IREDA35,Indian Renewable Energy Development Agency Ltd
797AFL30,Axis Finance Ltd
95AKCFL28,Ak Capital Finance Ltd
717IRFC35,Indian Railway Finance Corporation
728IIFCL32,India Infrastructure Finance Company Ltd
719HUDCO35,Housing &Urban Development Corporation Ltd
1135VFPL27,Varthana Finance Pvt Ltd
11AGAM2526,Aritra Growth Aqua March 2025
975KFIL27,Kogta Financial (India) Ltd
940S1328,Stellar 13 2024
850SISL28,Sis Ltd
960MFSL27A,Mas Financial Services Ltd
975OFSL28,Oxyzo Financial Services Ltd
975OFSL27B,Oxyzo Financial Services Ltd
975OFSL27C,Oxyzo Financial Services Ltd
975OFSL28A,Oxyzo Financial Services Ltd
715NBFID35,National Bank For Financing Infrastructure And Development
920AUSFB35,Au Small Finance Bank Ltd
0ICLFL29A,Icl Fincorp Ltd
1225ICL29,Icl Fincorp Ltd
0ICLFL29B,Icl Fincorp Ltd
1116NFL27,Navi Finserv Ltd
20PRIPL29,Prateek Realtors India Pvt Ltd
835HHFL29,Hinduja Housing Finance Ltd
1010V32526,Valencia 03 2025
10LGS8D27,Liquid Gold Series 8 Dec 2024
950RAVEN26,Raven 03 2025
875AVHFIRR,Aptus Value Housing Finance India Ltd
10PLRPL35,Powai Lake Residential Pvt Ltd
940CGCL35,Capri Global Capital Ltd
1050IFSP28,Infinity Fincorp Solutions Pvt Ltd
95STELLA27,Stellar 15 2024
1185LOSI26,Loanx Silverbell Mar 2025
1290MCFL27,Mangal Credit And Fincorp Ltd
755BFL35,Bajaj Finance Ltd
757BFL30,Bajaj Finance Ltd
11RDCCIL28,Rdc Concrete (India) Ltd
5GMRALD28,Gmr Airports Ltd
78618ABH28,Aditya Birla Housing Finance Ltd
10PLRPL35A,Powai Lake Residential Pvt Ltd
76KMPL28,Kotak Mahindra Prime Ltd
703NBFID30,National Bank For Financing Infrastructure And Development
6TL30,Tarc Ltd
704NBFID35,National Bank For Financing Infrastructure And Development
930PFL29,Piramal Finance Ltd
8MMFSL27A,Mahindra & Mahindra Financial Services Ltd
75BHFL35,Bajaj Housing Finance Ltd
702RECL40,Rec Ltd
1150AFL27,Ambium Finserve Ltd
7732AFL28,Axis Finance Ltd
694PGCIL35,Power Grid Corporation Of India Ltd
765HDBFS28,Hdb Financial Services Ltd
869SFL30,Shriram Finance Ltd
87SFL28,Shriram Finance Ltd
11IML26B,Indel Money Ltd
8SBVPL29,Shah Business Ventures Pvt Ltd
88HLFL30,Hinduja Leyland Finance Ltd
116SFPL28,Samunnati Finance Pvt Ltd
737BFL28,Bajaj Finance Ltd
1048NFL26,Navi Finserv Ltd
745ATIT35,Altius Telecom Infrastructure Trust
765PFL27,Poonawalla Fincorp Ltd
770PFL28,Poonawalla Fincorp Ltd
803ABHFL35,Aditya Birla Housing Finance Ltd
690HUDCO32,Housing &Urban Development Corporation Ltd
731IHFCL27,Icici Home Finance Company Ltd
734IHFCL28,Icici Home Finance Company Ltd
925SKF027,Sk Finance Ltd
761HFSL30,Hdb Financial Services Ltd
755HFSL29,Hdb Financial Services Ltd
810AHFL28,Aadhar Housing Finance Ltd
72503CHT28,Cube Highways Trust
73006CHT32,Cube Highways Trust
678IRFC30,Indian Railway Finance Corporation
RRAVFL30A,Aavas Financiers Ltd
RRAVFL30B,Aavas Financiers Ltd
860SANJA31,Sansar Jan 2025 Trust
738BFL30,Bajaj Finance Ltd
673HPCL30,Hindustan Petroleum Corporation Ltd
755LTMRH35,L&T Metro Rail (Hyderabad) Ltd
723BFL27,Bajaj Finance Ltd
640IIT34,Indigrid Infrastructure Trust
1310POPL27,Purva Oak Pvt Ltd
1310POP27A,Purva Oak Pvt Ltd
1310POP27B,Purva Oak Pvt Ltd
687REC30,Rec Ltd
686REC35,Rec Ltd
1130KFL27A,Keertana Finserv Ltd
1120ESPL27,Earlysalary Services Pvt Ltd
9CGCL28,Capri Global Capital Ltd
736IHFCL30,Icici Home Finance Company Ltd
RRNST32,Nexus Select Trust
1020PLF29,2025 Pl Frank
714BHFL27,Bajaj Housing Finance Ltd
985ACAP26,Akara Capital Advisors Pvt Ltd
123VFPL27,Varthana Finance Pvt Ltd
1135STA27,Scorpio Trust April 2025
990RGPL28,Renserv Global Pvt Ltd
7IREDAL30,Indian Renewable Energy Development Agency Ltd
686NHPCL38,Nhpc Ltd
686NHPCL39,Nhpc Ltd
686NHPCL40,Nhpc Ltd
686NHPCL31,Nhpc Ltd
686NHPCL32,Nhpc Ltd
686NHPCL33,Nhpc Ltd
686NHPCL34,Nhpc Ltd
686NHPCL35,Nhpc Ltd
686NHPCL36,Nhpc Ltd
686NHPCL37,Nhpc Ltd
1065KSL26,Krazybee Services Ltd
803ABCL35,Aditya Birla Capital Ltd
69HUDC30,Housing &Urban Development Corporation Ltd
850HLFL30,Hinduja Leyland Finance Ltd
840HLFL27,Hinduja Leyland Finance Ltd
930PFL27A,Piramal Finance Ltd
919PFL28,Piramal Finance Ltd
912PFL27,Piramal Finance Ltd
1005MFL28A,Muthoot Fincorp Ltd
684NTPC35,Ntpc Ltd
1125MFL27,Manba Finance Ltd
911LGS927,Liquid Gold Series 9
145DKGF35,Dvara Kshetriya Gramin Financial Services Pvt Ltd
114QSSP30,Qburst Software Services Pvt Ltd
704IIT28,Indigrid Infrastructure Trust
1125IML26B,Indel Money Ltd
720MBPR30,Mindspace Business Parks Reit
1175AFPL31,Annapurna Finance Pvt Ltd
12MML26,Midland Microfin Ltd
719JCL28,Jio Credit Ltd
835MASFS26,Mas Financial Services Ltd
925MASFS27,Mas Financial Services Ltd
EFCL150525,Edel Finance Company Ltd
OPL16525,360 One Prime Ltd
721EOPR28,Embassy Office Parks Reit
722EOPR28,Embassy Office Parks Reit
12MFILD26,Mahaveer Finance India Ltd
1125IML26C,Indel Money Ltd
665IRFC30,Indian Railway Finance Corporation
765PFL28,Poonawalla Fincorp Ltd
965KFIL28,Kogta Financial (India) Ltd
1075AMFL26,Ambium Finserve Ltd
EFCL21525,Edel Finance Company Ltd
EFCL210525,Edel Finance Company Ltd
661PFCL28,Power Finance Corporation Ltd
664PFCL30,Power Finance Corporation Ltd
73064ABH28,Aditya Birla Housing Finance Ltd
1040MFL33,Muthoot Fincorp Ltd
652RL28,Rec Ltd
681RL36,Rec Ltd
737AFL28,Axis Finance Ltd
1325IBPL26,Inbrew Beverages Pvt Ltd
719IHFCL28,Icici Home Finance Company Ltd
875AVHF30,Aptus Value Housing Finance India Ltd
925VJ16T34,Vajra 016 Trust
747ABCL29,Aditya Birla Capital Ltd
738ABCL28,Aditya Birla Capital Ltd
702BHFL28,Bajaj Housing Finance Ltd
741HDBFS30,Hdb Financial Services Ltd
741HDBFS28,Hdb Financial Services Ltd
950NWIL27,Nuvama Wealth And Investment Ltd
960ICFL27,Indostar Capital Finance Ltd
1075MML027,Midland Microfin Ltd
75168KID31,Kotak Infrastructure Debt Fund Ltd
915AFPL27,Ambit Finvest Pvt Ltd
125IML28,Indel Money Ltd
EFCL280525,Edel Finance Company Ltd
1110SFPL26,Samunnati Finance Pvt Ltd
95IFSL027,Incred Financial Services Ltd
708JCL28,Jio Credit Ltd
76PFL27,Poonawalla Fincorp Ltd
1275KFL27,Kanakadurga Finance Ltd
12LVAM25,Loanx Velvet Ash May 2025
647IRFC28,Indian Railway Finance Corporation
658IRFC30,Indian Railway Finance Corporation
1675ARPL30,Aloud Realty Pvt Ltd
911LGS1027,Liquid Gold Series 10
775APSE40,Adani Ports And Special Economic Zone Ltd
925VT27,Vajra 015 Trust
925VT29A,Vajra 015 Trust
925VT31,Vt-9.25%-20-1-29-Ptc
667NBFID30,National Bank For Financing Infrastructure And Development
1190LMPL28,Light Microfinance Pvt Ltd
12AFL27,Ambium Finserve Ltd
745IIL30,India Infradebt Ltd
1125IML27,Indel Money Ltd
10PDL27,Paisalo Digital Ltd
9HLFL35,Hinduja Leyland Finance Ltd
931VL27,Vedanta Ltd
945VL28,Vedanta Ltd
VL050625,Vedanta Ltd
1130MBFL27,Manba Finance Ltd
1135MBFL27,Manba Finance Ltd
818PFL35,Poonawalla Fincorp Ltd
776AHFL28,Aadhar Housing Finance Ltd
JBL050625,Jubilant Bevco Ltd
JBVL50625,Jubilant Beverages Ltd
814LDL28,Lodha Developers Ltd
656GIL30,Grasim Industries Ltd
652HUDCL28,Housing &Urban Development Corporation Ltd
986HCI27A,Hari And Company Investments Madras Private Ltd
895OPL27,360 One Prime Ltd
114AFSL28,Arman Financial Services Ltd
1150NCPL26,Neogrowth Credit Pvt Ltd
740VIT41,Vertis Infrastructure Trust
627PFCL27,Power Finance Corporation Ltd
778ABSL35,Aditya Birla Sun Life Insurance Company Ltd
659PFCL30,Power Finance Corporation Ltd
10SPPL28,Suruchi Properties Pvt Ltd
112KFL26,Keertana Finserv Ltd
CFSL110625,Credila Financial Services Ltd
1025NBSP26,Nirmal Bang Securities Pvt Ltd
637RECL27,Rec Ltd
670RECL29,Rec Ltd
690BHFL27,Bajaj Housing Finance Ltd
708BHFL30,Bajaj Housing Finance Ltd
12MML026,Midland Microfin Ltd
742DCBL32,Dalmia Cement (Bharat) Ltd
749DCBL35,Dalmia Cement (Bharat) Ltd
JSWEL12625,Jsw Energy Ltd
12MFLPERC,Muthoot Fincorp Ltd
975MML27A,Muthoot Mcred Ltd
970AXFPL28,Auxilo Finserve Pvt Ltd
758PFL28,Poonawalla Fincorp Ltd
950OFSL26,Oxyzo Financial Services Ltd
960OFSL27,Oxyzo Financial Services Ltd
85JMFC28,Jm Financial Credit Solutions Ltd
905ONEP28,360 One Prime Ltd
915BML27,Belstar Microfinance Ltd
1125IML027,Indel Money Ltd
114KFL26,Keertana Finserv Ltd
95PICAS27,Picasa-9.5%-23-2-27-Ptc
1150MBFL27,Manba Finance Ltd
915PFL27,Piramal Finance Ltd
925PFL30,Piramal Finance Ltd
91PFL27,Piramal Finance Ltd
10MCSLD27,Mcsl-17-6-27-Cp
725JDFI27,John Deere Financial India Pvt Ltd
1075NFL28,Navi Finserv Ltd
728IGIT35,Indigrid Infrastructure Trust
707IGIT30,Indigrid Infrastructure Trust
701IGIT29,Indigrid Infrastructure Trust
1230VFPL29,Varthana Finance Pvt Ltd
940ISCFL27,Indostar Capital Finance Ltd
94ISCFL27,Indostar Capital Finance Ltd
820HLFL28,Hinduja Leyland Finance Ltd
716KMPL28,Kotak Mahindra Prime Ltd
795HDBFS35,Hdb Financial Services Ltd
950SCL30,Sammaan Capital Ltd
975SCL35,Sammaan Capital Ltd
945SCL28,Sammaan Capital Ltd
945SCL29,Sammaan Capital Ltd
11AFL29,Aye Finance Ltd
114KFL28,Keertana Finserv Ltd
1070SISL27,Share India Securities Ltd
1075SISL27,Share India Securities Ltd
660RECL27,Rec Ltd
706RECL35,Rec Ltd
1142BFL27,Berar Finance Ltd
915HLFLPER,Hinduja Leyland Finance Ltd
93HCI28,Hari And Company Investments Madras Private Ltd
1140KFL28,Keertana Finserv Ltd
965HCI27,Hari And Company Investments Madras Private Ltd
14PCL29,Prachay Capital Ltd
13PCL29,Prachay Capital Ltd
14PCLD29,Prachay Capital Ltd
13PCLD29,Prachay Capital Ltd
13PCL2029,Prachay Capital Ltd
13PCL2029A,Prachay Capital Ltd
14PCL2029,Prachay Capital Ltd
1175MFL27,Moneyboxx Finance Ltd
965MFL028,Muthoot Fincorp Ltd
ABHF26625,Aditya Birla Housing Finance Ltd
695VIT28,Vertis Infrastructure Trust
10NFL27,Navi Finserv Ltd
740AVFL30,Aavas Financiers Ltd
1025HFL30,Hedge Finance Ltd
770PFL30,Poonawalla Fincorp Ltd
10HFL29,Hedge Finance Ltd
770PFL2035,Poonawalla Fincorp Ltd
680SMIL30,Samvardhana Motherson International Ltd
1180VFPL29,Varthana Finance Pvt Ltd
1225LXAA28,Loanx Alder Apr 2025
697EOPRE27,Embassy Office Parks Reit
1125MBFL27,Manba Finance Ltd
865AKCFL28,Ak Capital Finance Ltd
749RCFL28,Rashtriya Chemicals & Fertilizers Ltd
125ACAP28,Akara Capital Advisors Pvt Ltd
875OPL27,360 One Prime Ltd
10MML2028,Muthoot Mcred Ltd
1125BFL27,Berar Finance Ltd
1025AFL27,Aye Finance Ltd
1040AFL28,Aye Finance Ltd
1010HCI26,Hari And Company Investments Madras Private Ltd
10KFL2027,Kosamattam Finance Ltd
99FRIEZA26,Frieza 06 2025
8HLFL27,Hinduja Leyland Finance Ltd
729KMIL27,Kotak Mahindra Investments Ltd
733KMIL28,Kotak Mahindra Investments Ltd
865LGS1227,Liquid Gold Series 12
14DONN2527,Donn25-14%-17-01-27-Ptc
1110AFSL30,Arman Financial Services Ltd
784LBTL44,Lakadia Banaskantha Transco Ltd
77LBTL43,Lakadia Banaskantha Transco Ltd
LGS300625,Lgs-9%-22-7-27-Ptc
8EPPL45,Ekamaya Properties Pvt Ltd
8VPPL45A,Vypak Properties Pvt Ltd
11RSL26,Receivable Securitisation Trust 7
1275RST26,Rst-12.75%-31-8-26-Ptc
1195ESCP29,Earlysalary Services Pvt Ltd
85JMF28,Jm Financial Credit Solutions Ltd
85JMF28A,Jm Financial Credit Solutions Ltd
10HCI28,Hari And Company Investments Madras Private Ltd
915AKCF28,Ak Capital Finance Ltd
796LDL28,Macrotech Developers Ltd
1062KFL27,Kosamattam Finance Ltd
1062KFL27A,Kosamattam Finance Ltd
1035MCSL27,Muthoot Capital Services Ltd
770WXTL43,Wrss Xxi (A) Transco Ltd
784WXTL44,Wrss Xxi (A) Transco Ltd
925CGCL28,Capri Global Capital Ltd
711BFL28,Bajaj Finance Ltd
842LGS1327,Liquid Gold Series 13 June 2025
12ICLFL28A,Icl Fincorp Ltd
985ACAPL27,Akara Capital Advisors Pvt Ltd
7AHL45,Ashiana Housing Ltd
ICLFL10725,Icl Fincorp Ltd
ICLF10725,Icl Fincorp Ltd
71ABHFL27,Aditya Birla Housing Finance Ltd
113KFL027,Keertana Finserv Ltd
920NWIL27,Nuvama Wealth And Investment Ltd
705KMPL28,Kotak Mahindra Prime Ltd
1162LVJ025,Loanx Viburnum June 2025
705MMFSL27,Mahindra & Mahindra Financial Services Ltd
114KF27,Keertana Finserv Ltd
753PFL27,Poonawalla Fincorp Ltd
664HUDCO28,Housing &Urban Development Corporation Ltd
697BHFL28,Bajaj Housing Finance Ltd
1075SCNL30,Satin Creditcare Network Ltd
128NFL26,Niyogin Fintech Ltd
743PFCLPER,Power Finance Corporation Ltd
1210NFPL29,Namdev Finvest Pvt Ltd
LDL210725,Lodha Developers Ltd
11DKGFS27,Dvara Kshetriya Gramin Financial Services Pvt Ltd
745TIL35,Thdc India Ltd
ICFSL18725,Incred Financial Services Ltd
1095AFP27,Annapurna Finance Pvt Ltd
1125IMLD27,Indel Money Ltd
12IML28,Indel Money Ltd
1040KSL27,Krazybee Services Ltd
76ABCL35,Aditya Birla Capital Ltd
1025MFL31,Muthoot Fincorp Ltd
95MCSL27,Muthoot Capital Services Ltd
858KFC31,Kerala Financial Corporation
1120ESP27A,Earlysalary Services Pvt Ltd
858KFC32,Kerala Financial Corporation
858KFC33,Kerala Financial Corporation
858KFC34,Kerala Financial Corporation
858KFC35,Kerala Financial Corporation
1150SCNL31,Satin Creditcare Network Ltd
IFSL220725,Incred Financial Services Ltd
715MRHFL28,Mahindra Rural Housing Finance Ltd
1120KFPL27,Keertana Finserv Pvt Ltd
759GHFL27,Gic Housing Finance Ltd
749GHFL27,Gic Housing Finance Ltd
RREOPR35,Embassy Office Parks Reit
825AFPL28,Ambit Finvest Pvt Ltd
990OFSL28,Oxyzo Financial Services Ltd
9AFSL28,Avanse Financial Services Ltd
89AFSL27,Avanse Financial Services Ltd
91USGI35,Universal Sompo General Insurance Company Ltd
715SEIT30,Sustainable Energy Infra Trust
72728SEI32,Sustainable Energy Infra Trust
NWFL24725,Nuvama Wealth Finance Ltd
9PFL27,Piramal Finance Ltd
91PFL30,Piramal Finance Ltd
8424ABCPRP,Aditya Birla Capital Ltd
692DCCD28,Dlf Cyber City Developers Ltd
925VFIP28,Vastu Finserve India Pvt Ltd
925VFIP27,Vastu Finserve India Pvt Ltd
925VFIP28A,Vastu Finserve India Pvt Ltd
1090AFP26A,Avanti Finance Pvt Ltd
955CIFL28,Capital India Finance Ltd
1125NFPL31,Namdev Finvest Pvt Ltd
10MCSL2027,Muthoot Capital Services Ltd
705SCPSL28,Sbi Cards And Payment Services Ltd
EFCL30725,Edel Finance Company Ltd
EFCL300725,Edel Finance Company Ltd
975MFSL27,Mas Financial Services Ltd
1025NBSP27,Nirmal Bang Securities Pvt Ltd
707BFL28,Bajaj Finance Ltd
7345IGIT47,Indigrid Infrastructure Trust
699IIFCL30,India Infrastructure Finance Company Ltd
72959ABC28,Aditya Birla Capital Ltd
74242ABC30,Aditya Birla Capital Ltd
1070ESPL27,Earlysalary Services Pvt Ltd
865UTJ29,Universe Trust Jul 2025
980NJCPL28,Nj Capital Pvt Ltd
960ESFBL30,Equitas Small Finance Bank Ltd
940MFL28,Muthoot Fincorp Ltd
699IHFC28,Icici Home Finance Company Ltd
758ABHFL35,Aditya Birla Housing Finance Ltd
920SCL28,Sammaan Capital Ltd
1250I04432,Indigo 044
0MCIBPL27,Marwadi Chandarana Intermediaries Brokers Pvt Ltd
20KFMSPL29,Keelz Facility Management Services Pvt Ltd
11VITPPL55,Vitp Pvt Ltd
12AFIL30A,Achiievers Finance India Ltd
1175AFI28B,Achiievers Finance India Ltd
1225AFI28C,Achiievers Finance India Ltd
12AFIL27D,Achiievers Finance India Ltd
1116AMFL26,Ambium Finserve Ltd
12AFIL27E,Achiievers Finance India Ltd
125AFIL31F,Achiievers Finance India Ltd
1225LB2532,Loanx Bramble Jul 2025
908IND4329,Indigo043-9.08%-20-12-29-Ptc
990IND4329,Indigo043-9.90%-20-12-29-Ptc
741JDFIP29,John Deere Financial India Pvt Ltd
1020NFL27,Navi Finserv Ltd
1062KFL28,Kosamattam Finance Ltd
1062KFLD28,Kosamattam Finance Ltd
10EFL31,Electronica Finance Ltd
850MOFSL27,Motilal Oswal Financial Services Ltd
975PDL28,Paisalo Digital Ltd
804AFL35,Axis Finance Ltd
967KIIFB29,Kerala Infrastructure Investment Fund Board
967KIIFB30,Kerala Infrastructure Investment Fund Board
967KIIFB31,Kerala Infrastructure Investment Fund Board
967KIIFB32,Kerala Infrastructure Investment Fund Board
967KIIFB33,Kerala Infrastructure Investment Fund Board
967KIIFB34,Kerala Infrastructure Investment Fund Board
967KIIFB35,Kerala Infrastructure Investment Fund Board
85ABDFVL27,Aditya Birla Digital Fashion Ventures Ltd
790TFL28,Truhome Finance Ltd
698PGCIL35,Power Grid Corporation Of India Ltd
920BML28,Belstar Microfinance Ltd
1030NFL27,Navi Finserv Ltd
870AML28,Asirvad Microfinance Ltd
910BML27,Belstar Microfinance Ltd
91BML27,Belstar Microfinance Ltd
640NHPCL27,Nhpc Ltd
1065KSL27,Krazybee Services Ltd
11CFPL27,Choice Finserv Pvt Ltd
9NWFL27,Nuvama Wealth Finance Ltd
91HLFL31,Hinduja Leyland Finance Ltd
5GMRAL27,Gmr Airports Ltd
5GMRAL28A,Gmr Airports Ltd
1050NCL28,Neogen Chemicals Ltd
1140KFL27A,Keertana Finserv Ltd
960SCL35,Sammaan Capital Ltd
718HDBFS28,Hdb Financial Services Ltd
1225PFSP28,Pahal Financial Services Pvt Ltd
1175FFSL28,Finkurve Financial Services Ltd
842ABCLPER,Aditya Birla Capital Ltd
360OP19825,360 One Prime Ltd
693CHT29,Cube Highways Trust
73015CHT35,Cube Highways Trust
10KFL2027A,Kosamattam Finance Ltd
10KFL2028,Kosamattam Finance Ltd
1095MBFL27,Manba Finance Ltd
725KMPL30,Kotak Mahindra Prime Ltd
1010HCI27,Hari And Company Investments Madras Private Ltd
741MBPR33,Mindspace Business Parks Reit
111KFL27,Keertana Finserv Ltd
712UML26,Uno Minda Ltd
711UML26,Uno Minda Ltd
12MML2026,Midland Microfin Ltd
115SCNL32,Satin Creditcare Network Ltd
SFL200825,Sbfc Finance Ltd
734KMIL28,Kotak Mahindra Investments Ltd
1225AX25,Agri Xchng 2025
1330ACAP27,Akara Capital Advisors Pvt Ltd
9NWIL27,Nuvama Wealth And Investment Ltd
9NWIL27A,Nuvama Wealth And Investment Ltd
9NWFL027,Nuvama Wealth Finance Ltd
8HLFL28,Hinduja Leyland Finance Ltd
752PFL28,Poonawalla Fincorp Ltd
1290DKGF29,Dvara Kshetriya Gramin Financial Services Pvt Ltd
725MRHF27,Mahindra Rural Housing Finance Ltd
760IIL37,India Infradebt Ltd
10NFL26,Navi Finserv Ltd
1170AX2526,Agri Xchng4 2025
855HGIEL28,Hg Infra Engineering Ltd
91MFSL27,Mas Financial Services Ltd
10KFLD27,Kosamattam Finance Ltd
87AML28,Asirvad Microfinance Ltd
169BFPL29,Bhanu Infrabuild Pvt Ltd
1095BRFL27,Berar Finance Ltd
785MUML38,Mumbai Urja Marg Ltd
789HLFL27,Hinduja Leyland Finance Ltd
ZCHDBFS28,Hdb Financial Services Ltd
1353TERP28,Total Environment Resorts Pvt Ltd
1070ESP27,Earlysalary Services Pvt Ltd
123LVJ29,Loanx Verbena Jul 2025
1025NBFS27,Nirmal Bang Financial Services Pvt Ltd
1152SRGH31,Srg Housing Finance Ltd
1290AFPL27,Avanti Finance Pvt Ltd
1150MA2528,Magnetron Aug 2025
115MA2528,Magnetron Aug 2025
10PLRPLD35,Powai Lake Residential Pvt Ltd
ABCL020925,Aditya Birla Capital Ltd
875SPHIR26,Sapphire 08 2025
990SPHIR28,Sapphire 08 2025
1125SPHR28,Sapphire 08 2025
RRDIAL40,Delhi International Airport Ltd
1155KFL26,Kanakadurga Finance Ltd
1850PCKR29,Pradhaan City K R Puram Pvt Ltd
9HCI26,Hari And Company Investments Madras Private Ltd
915HCI27,Hari And Company Investments Madras Private Ltd
925HCI28,Hari And Company Investments Madras Private Ltd
1325SRFC30,Shri Ram Finance Corporation Pvt Ltd
1116AFL26,Ambium Finserve Ltd
0MSFL27,Marwadi Shares And Finance Ltd
1120KSL27,Krazybee Services Ltd
1095SFL27,Satin Finserv Ltd
1475ACAP27,Akara Capital Advisors Pvt Ltd
10PDL28,Paisalo Digital Ltd
1125UFL27,Unigold Finance Ltd
875OPLD27,360 One Prime Ltd
895NACL27,Northern Arc Capital Ltd
758PFL28A,Poonawalla Fincorp Ltd
11MGFL26,Mufin Green Finance Ltd
761ABCL35,Aditya Birla Capital Ltd
880PFL28,Piramal Finance Ltd
73274HDB28,Hdb Financial Services Ltd
19SHTPL28,Saya Hi- Tech Pvt Ltd
1140KFLD28,Keertana Finserv Ltd
940IKFFL27,Ikf Finance Ltd
12AFIL28,Achiievers Finance India Ltd
AFIL110925,Achiievers Finance India Ltd
1010AFL28,Aye Finance Ltd
903MHPL27,Manipal Hospitals Pvt Ltd
1005AFL27,Aye Finance Ltd
724BFL28,Bajaj Finance Ltd
770IREDPRP,Indian Renewable Energy Development Agency Ltd
98MML27,Muthoot Microfin Ltd
1165UCL31,Ugro Capital Ltd
7299KMPL28,Kotak Mahindra Prime Ltd
7288KMPL28,Kotak Mahindra Prime Ltd
7MBPR27,Mindspace Business Parks Reit
773SST29,Shivshakti Securitisation Trust
71BHFL28,Bajaj Housing Finance Ltd
1045KSL27,Krazybee Services Ltd
766RKST28,Radhakrishna Securitisation Trust
780SST30,Siddhivinayak Securitisation Trust
12ACAPL27,Akara Capital Advisors Pvt Ltd
12ACAPL027,Akara Capital Advisors Pvt Ltd
1026MFL31,Muthoot Fincorp Ltd
9087NWIL27,Nuvama Wealth And Investment Ltd
925MMLD27,Muthoot Mcred Ltd
885VFL29,Veritas Finance Ltd
885VFL29A,Veritas Finance Ltd
86AML27,Asirvad Microfinance Ltd
87AML028,Asirvad Microfinance Ltd
849CFSL30,Credila Financial Services Ltd
875OPL27A,360 One Prime Ltd
1375KFL28,Kanakadurga Finance Ltd
11PPL26,Progfin Pvt Ltd
0ACAPL26,Akara Capital Advisors Pvt Ltd
980MML28,Muthoot Microfin Ltd
119NFL30,Navi Finserv Ltd
1025NBS27,Nirmal Bang Securities Pvt Ltd
11SFPL27,Samunnati Finance Pvt Ltd
ABCRESET28,Aditya Birla Capital Ltd
752ABCL30,Aditya Birla Capital Ltd
744GSFP28,Goldman Sachs (India) Finance Pvt Ltd
673PFCL27,Power Finance Corporation Ltd
76RCFL29,Rashtriya Chemicals & Fertilizers Ltd
1165UCL031,Ugro Capital Ltd
11BRFL28,Berar Finance Ltd
745AREP30,Apraava Renewable Energy Pvt Ltd
735MCFPL28,Mizuho Capsave Finance Pvt Ltd
1275FCPL27,Finnable Credit Pvt Ltd
1099IGIC35,Indusind General Insurance Company Ltd
737BFL30,Bajaj Finance Ltd
72KRT28,Knowledge Realty Trust
99SRFCPL27,Shri Ram Finance Corporation Pvt Ltd
11PPL27,Progfin Pvt Ltd
970OFSL28,Oxyzo Financial Services Ltd
1050GFL27,Greaves Finance Ltd
810LDL30,Lodha Developers Ltd
1075MCSL31,Muthoot Capital Services Ltd
910HLFL32,Hinduja Leyland Finance Ltd
1175TT2527,Trinity Trust Sep 2025
722AFL27,Axis Finance Ltd
1350EIL30,Equinox India Infraestate Ltd
1095SFLD27,Satin Finserv Ltd
1125CWCP27,Credit Wise Capital Pvt Ltd
0JMTL30,Jtpm Metal Traders Ltd
1075MML27A,Midland Microfin Ltd
11MBF28,Manba Finance Ltd
95KRL28,Keystone Realtors Ltd
691DLFCC28,Dlf Cyber City Developers Ltd
1435ACAP26,Akara Capital Advisors Pvt Ltd
1130NFPL28,Namdev Finvest Pvt Ltd
1475ATPL26,Arugn Technologies Pvt Ltd
1735ATPL29,Arugn Technologies Pvt Ltd
91LGS28,Liquid Gold Series 14
1050LGS28,Liquid Gold Series 14
115MFIL28,Mahaveer Finance India Ltd
1175NCPL27,Neogrowth Credit Pvt Ltd
98OFSL28,Oxyzo Financial Services Ltd
963CHL30,Convenient Hospitals Ltd
99SFCPL27,Shri Ram Finance Corporation Pvt Ltd
1025SRFC28,Shri Ram Finance Corporation Pvt Ltd
IFSL300925,Ifsl-Near Month Future Of Gold
NWFL300925,Nuvama Wealth Finance Ltd
SFL29928,Shriram Finance Ltd
1425CSAI27,Csa Investments Pvt Ltd
1725CPPL30,Conmin Projects India Pvt Ltd
875360OP27,360 One Prime Ltd
870AEL28,Adani Enterprises Ltd
910SKFL28,Sk Finance Ltd
908NWFL27,Nuvama Wealth Finance Ltd
1150IFL28A,Icl Fincorp Ltd
0IFL29,Icl Fincorp Ltd
0IFL31,Icl Fincorp Ltd
925HLFL31,Hinduja Leyland Finance Ltd
916INDIG29,Indigo 045
IFSL81025,Incred Financial Services Ltd
875PFL27,Piramal Finance Ltd
695BHFL28,Bajaj Housing Finance Ltd
12ACAPL27A,Akara Capital Advisors Pvt Ltd
705JCL27,Jio Credit Ltd
1125VFPL26,Varthana Finance Pvt Ltd
1140VFPL30,Varthana Finance Pvt Ltd
7264KMPL30,Kotak Mahindra Prime Ltd
11PPL027,Progfin Pvt Ltd
855AML27,Asirvad Microfinance Ltd
723KMIL28,Kotak Mahindra Investments Ltd
719KMIL28,Kotak Mahindra Investments Ltd
20ISPL28,Iinspira Springdale Pvt Ltd
NWFL131025,Nuvama Wealth Finance Ltd
775BPRPL35,Bilaspur Pathrapali Road Pvt Ltd
785BPRPL30,Bilaspur Pathrapali Road Pvt Ltd
11SGIL29,Signatureglobal (India) Ltd
745BFL35,Bajaj Finance Ltd
930SCL2035,Sammaan Capital Ltd
915SCL30,Sammaan Capital Ltd
696IT45,It-6.96-Reset Rate-31-03-45-Pv
73IT2045,It-7.30-Reset Rate-31-03-45-Pv
755PFL27,Poonawalla Fincorp Ltd
1050GFL027,Greaves Finance Ltd
1350LLD29,Lucina Land Development Ltd
1025MBFL27,Moneyboxx Finance Ltd
975UCL27,Ugro Capital Ltd
1055JSFB35,Jana Small Finance Bank Ltd
IFSL151025,Incred Financial Services Ltd
KPDL161025,Kolte-Patil Developers Ltd
770ATSTL26,Adani Transmission Step-Two Ltd
770ATSTL27,Adani Transmission Step-Two Ltd
693SBI35,State Bank Of India
770ATSTL28,Adani Transmission Step-Two Ltd
775ATSTL29,Adani Transmission Step-Two Ltd
775ATSTL30,Adani Transmission Step-Two Ltd
780ATSTL40,Adani Transmission Step-Two Ltd
799ATSTL42,Adani Transmission Step-Two Ltd
12MFL35,Muthoot Fincorp Ltd
1140KRFL27,Keertana Finserv Ltd
1152SRHF31,Srg Housing Finance Ltd
723AFL28,Axis Finance Ltd
733HDBFS30,Hdb Financial Services Ltd
11SSFL28,Spandana Sphoorty Financial Ltd
907NWIL28,Nuvama Wealth And Investment Ltd
12VMVPL29,Valencia And Mishal Ventures Pvt Ltd
925MML27A,Muthoot Mcred Ltd
930MML28,Muthoot Mcred Ltd
975MMLD28,Muthoot Mcred Ltd
18VPIL29,Vpil-18%-Reset Rate-27-04-29-P
915MFL28A,Muthoot Fincorp Ltd
885MFL28,Muthoot Fincorp Ltd
699OPAL30,Ongc Petro Additions Ltd
1135NMFL27,Namra Finance Ltd
NWFL281025,Nuvama Wealth Finance Ltd
753GWHP39,Gawar Waranga Highways Pvt Ltd
77GWHPL39,Gawar Waranga Highways Pvt Ltd
1115PPL27,Progfin Pvt Ltd
13ACAPL28,Akara Capital Advisors Pvt Ltd
1070ESPL28,Earlysalary Services Pvt Ltd
1150KSL27,Krazybee Services Ltd
95KFIL27,Kogta Financial (India) Ltd
73MRHF28,Mahindra Rural Housing Finance Ltd
0360OPL28,360 One Prime Ltd
NWFL301025,Nuvama Wealth Finance Ltd
1020CMEE27,Clean Max Enviro Energy Solutions Ltd
79PFL31,Poonawalla Fincorp Ltd
79PFL30,Poonawalla Fincorp Ltd
10NFL2027,Navi Finserv Ltd
71PFCL40,Power Finance Corporation Ltd
11MGFL27,Mufin Green Finance Ltd
9MFL28,Muthoot Fincorp Ltd
735IIF30,Irb Invit Fund
74IIF35,Irb Invit Fund
74IIF40,Irb Invit Fund
765GICHF28,Gic Housing Finance Ltd
850PDL28,Paisalo Digital Ltd
845PDL27,Paisalo Digital Ltd
98MML27A,Muthoot Microfin Ltd
1165UCL31A,Ugro Capital Ltd
805HHFL30,Hinduja Housing Finance Ltd
4AHPL29,Avigna Housing Pvt Ltd
RRGHDPL28,Grand Hills Developments Pvt Ltd
RRGHDPL29,Grand Hills Developments Pvt Ltd
975RSIL30,R Systems International Ltd
365JPL30,Jsw Paints Ltd
99MML27,Muthoot Microfin Ltd
10MML28,Muthoot Microfin Ltd
907KMPL28,Kotak Mahindra Prime Ltd
805JSWEL28,Jsw Energy Ltd
1140NFL27,Namra Finance Ltd
LDL131125,Lodha Developers Ltd
686NBFID30,National Bank For Financing Infrastructure And Development
715NBFID40,National Bank For Financing Infrastructure And Development
925MML027,Muthoot Mcred Ltd
71485MBR30,Mindspace Business Parks Reit
12ACAPL28A,Akara Capital Advisors Pvt Ltd
72841ABH30,Aditya Birla Housing Finance Ltd
1165UCL31B,Ugro Capital Ltd
10AFPL28,Auxilo Finserve Pvt Ltd
840JFSL27,Jm Financial Services Ltd
849JFSL28,Jm Financial Services Ltd
726JCL30,Jio Credit Ltd
970AFPL28,Auxilo Finserve Pvt Ltd
12MML27,Midland Microfin Ltd
895NWFL28,Nuvama Wealth Finance Ltd
745MRHFL30,Mahindra Rural Housing Finance Ltd
12ACAPL27B,Akara Capital Advisors Pvt Ltd
144AFIL27,Achiievers Finance India Ltd
735AFL30,Axis Finance Ltd
838ABCLPER,Aditya Birla Capital Ltd
921SKFL30,Sk Finance Ltd
925CGCL28B,Capri Global Capital Ltd
1115FFSL27,Finkurve Financial Services Ltd
11KFL31,Kosamattam Finance Ltd
1125FFSL28,Finkurve Financial Services Ltd
1085MGFL26,Mufin Green Finance Ltd
739AIEY36,Anzen India Energy Yield Plus Trust
727ABL35,Axis Bank Ltd
708PFCL35,708Pfcl35
NWFL251125,Nwfl251125
785ISFCL30,785Isfcl30
795AVHFL30,Aptus Value Housing Finance India Ltd
1075MML27B,1075Mml27B
950UCL27,950Ucl27
1425CIPL27,1425Cipl27
830JMFSL27,Jm Financial Services Ltd
89MFSL27,Mas Financial Services Ltd
1020MFL27,Moneyboxx Finance Ltd
1050KSL27,Krazybee Services Ltd
739IIL31,India Infradebt Ltd
1155KFL27,Kanakadurga Finance Ltd
0IRFC35,Indian Railway Finance Corporation
SFL011225,Shriram Finance Ltd
1050HFL29,Hedge Finance Ltd
11HFL31,Hedge Finance Ltd
115RFALE28,Rafale - 2025
SGHPL29,Sadbhav Gadag Highway Pvt Ltd
89CGL27,Capri Global Capital Ltd
1116AFL27A,Ambium Finserve Ltd
970MML27,Muthoot Microfin Ltd
886OPL28,360 One Prime Ltd
1025STL27,Stl Networks Ltd
1135AFSL27,Arman Financial Services Ltd
895NWIL28,Nuvama Wealth And Investment Ltd
1175MGFL30,Mufin Green Finance Ltd
SGHPL29A,Sadbhav Gadag Highway Pvt Ltd
76SFL32,Shriram Finance Ltd
69601MBP28,Mindspace Business Parks Reit
0KPDL35,Kolte-Patil Developers Ltd
0360OAM27,360 One Alternates Asset Management Ltd
880IFSL27,Incred Financial Services Ltd
879SCL30,Sammaan Capital Ltd
886SCL30,Sammaan Capital Ltd
1025NBS27A,Nirmal Bang Securities Pvt Ltd
751THDC28,Tata Housing Development Company Ltd
85PDL28,Paisalo Digital Ltd
725RJCL28,Rj Corp Ltd
1002AFPL30,Annapurna Finance Pvt Ltd
1107FCL27,Finstars Capital Ltd
895NWIL27,Nuvama Wealth And Investment Ltd
1225FCPL28,Finnable Credit Pvt Ltd
702PGCIL35,Power Grid Corporation Of India Ltd
1156NFPL30,Namdev Finvest Pvt Ltd
73SCCL29,Standard Chartered Capital Ltd
12ACAP27,Akara Capital Advisors Pvt Ltd
880MFL2028,Muthoot Fincorp Ltd
1375MML28,Midland Microfin Ltd
698HUDC32,Housing &Urban Development Corporation Ltd
845PDL2027,Paisalo Digital Ltd
698NST35,Nexus Select Trust
824CFSL27,Credila Financial Services Ltd
837CFSL28,Credila Financial Services Ltd
IFSL121225,Incred Financial Services Ltd
NSL151225,Nexus Select Trust
8MPFL27,Manappuram Finance Ltd
AHRT151225,Affordable Housing Rmbs Trust-I
995MML28,Muthoot Microfin Ltd
985MML27,Muthoot Microfin Ltd
1095FFL28,Fusion Finance Ltd
999UCL29,Ugro Capital Ltd
1250ACAP27,Akara Capital Advisors Pvt Ltd
698DLFC30,Dlf Cyber City Developers Ltd
0MCHP30,Mac Charles Hub Projects Pvt Ltd
0MML30,Midland Microfin Ltd
1125SSFL27,Spandana Sphoorty Financial Ltd
1125EGFS27,Emkay Global Financial Services Ltd
705TPCL28,Tata Power Co Ltd
725TPCL30,Tata Power Co Ltd
89NWFL28,Nuvama Wealth Finance Ltd
115VFPL30,Varthana Finance Pvt Ltd
BIREI30RR,Brookfield India Real Estate Trust
1050GFL27A,Greaves Finance Ltd
1080NCPL31,Neogrowth Credit Pvt Ltd
1050SRFC28,Shri Ram Finance Corporation Pvt Ltd
1065SRFC28,Shri Ram Finance Corporation Pvt Ltd
896AKCFL28,Ak Capital Finance Ltd
12CVL27,Crest Ventures Ltd
EEL221225,Ecap Equities Ltd
76841PFL28,Poonawalla Fincorp Ltd
122FCPL29,Finnable Credit Pvt Ltd
115SSFL28,Spandana Sphoorty Financial Ltd
11SSFL28A,Spandana Sphoorty Financial Ltd
1150SSFL28,Spandana Sphoorty Financial Ltd
14AFIL28,Achiievers Finance India Ltd
983OFSL27,Oxyzo Financial Services Ltd
875NJCPL27,Nj Capital Pvt Ltd
NWFL231225,Nuvama Wealth Finance Ltd
1115AFPL27,Avanti Finance Pvt Ltd
11MGFLD27,Mufin Green Finance Ltd
1095FFL28A,Fusion Finance Ltd
11CFPL27A,Choice Finserv Pvt Ltd
955SLICL35,Shriram Life Insurance Company Ltd
1325SRFC31,Shri Ram Finance Corporation Pvt Ltd
760TFL30,Truhome Finance Ltd
1135NFL27,Namra Finance Ltd
1175AFPL32,Annapurna Finance Pvt Ltd
1170MML27,Midland Microfin Ltd
1095SFL27A,Satin Finserv Ltd
815MPFL27,Manappuram Finance Ltd
875MFSL28,Mas Financial Services Ltd
115KFL29,Keertana Finserv Ltd
0MCIBPL27A,Marwadi Chandarana Intermediaries Brokers Pvt Ltd
1175FCPL28,Finnable Credit Pvt Ltd
1180FCPL29,Finnable Credit Pvt Ltd
1116FFSL27,Finkurve Financial Services Ltd
737KMIL28,Kotak Mahindra Investments Ltd
734KMIL27,Kotak Mahindra Investments Ltd
105SISL27,Share India Securities Ltd
1050ESPL28,Earlysalary Services Pvt Ltd
RROFSL28,Ofsl-Tbill+Spread-Rr-3-1-28-Pv
725AIPPL29,Ascendas It Park (Pune) Pvt Ltd
NWFL311225,Nuvama Wealth Finance Ltd
123ACAP27,Akara Capital Advisors Pvt Ltd
842LGS1728,Lgs17-8.42%-20-04-28-Ptc
957LGS1728,Lgs17-9.57%-20-04-28-Ptc
1140IRWL27,Ironwell-11.40%-19-11-27-Ptc
1116AFL28,Ambium Finserve Ltd
13LLDL29,Lucina Land Development Ltd
1150GFL27,Greaves Finance Ltd
FFS060126A,Fedbank Financial Services Ltd
1085SFL27,Satin Finserv Ltd
RRSGL30,Steelco Gujarat Ltd
11DKGFSF28,Dvara Kshetriya Gramin Financial Services Pvt Ltd
945KFIL28,Kogta Financial (India) Ltd
RRUMPL30,Urjah Metallics Pvt Ltd
12AFIL31,Achiievers Finance India Ltd
1175AFIL29,Achiievers Finance India Ltd
125AFIL30A,Achiievers Finance India Ltd
1275AFIL31,Achiievers Finance India Ltd
1225PFL28,Purple Finance Ltd
11KFL2031,Kosamattam Finance Ltd
745KMPL31,Kotak Mahindra Prime Ltd
1015SCNL28,Satin Creditcare Network Ltd
812AFLPER,Axis Finance Ltd
9IFSL27,Incred Financial Services Ltd
812HLFL31,Hinduja Leyland Finance Ltd
892NWFL28,Nuvama Wealth Finance Ltd
925MML28,Muthoot Mcred Ltd
905SCL36,Sammaan Capital Ltd
1125EFL31,Electronica Finance Ltd
83710ABCPER,Aditya Birla Capital Ltd
1273IML30,Indel Money Ltd
10DCAL29,Dishman Carbogen Amcis Ltd
930KIIFB30,Kerala Infrastructure Investment Fund Board
930KIIFB31,Kerala Infrastructure Investment Fund Board
930KIIFB32,Kerala Infrastructure Investment Fund Board
930KIIFB33,Kerala Infrastructure Investment Fund Board
930KIIFB34,Kerala Infrastructure Investment Fund Board
930KIIFB35,Kerala Infrastructure Investment Fund Board
930KIIFB36,Kerala Infrastructure Investment Fund Board
NWFL19126,Nuvama Wealth Finance Ltd
7426KMPL29,Kotak Mahindra Prime Ltd
1075NFL28A,Navi Finserv Ltd
76091KMI29,Kotak Mahindra Investments Ltd
76101KMI29,Kotak Mahindra Investments Ltd
RRGHIAL41,Gmr Hyderabad International Airport Ltd
892NWIL28,Nuvama Wealth And Investment Ltd
725BHFL29,Bajaj Housing Finance Ltd
RRVFSPL33,Vistaar Financial Services Pvt Ltd
RRKFL29,Kosamattam Finance Ltd
1050IML28,Indel Money Ltd
11IML29,Indel Money Ltd
1175IML31,Indel Money Ltd
12SCNL31,Satin Creditcare Network Ltd
89OPL29,360 One Prime Ltd
780IOB36,Indian Overseas Bank
960HLFLPRP,Hinduja Leyland Finance Ltd
97MML28,Muthoot Microfin Ltd
0EFCL29,Edel Finance Company Ltd
1050ESP28,Earlysalary Services Pvt Ltd
765BFL36,Bajaj Finance Ltd
8APL28,Adani Power Ltd
820APL29,Adani Power Ltd
830APL30,Adani Power Ltd
840APL31,Adani Power Ltd
1160KFL28,Kanakadurga Finance Ltd
0MML2027,Midland Microfin Ltd
1295LMPL28,Light Microfinance Pvt Ltd
1065MFL28,Manba Finance Ltd
NWFL270126,Nuvama Wealth Finance Ltd
1135AFSL28,Arman Financial Services Ltd
10PPL27,Progfin Pvt Ltd
9CGCL2028,Capri Global Capital Ltd
14RFL27,Regency Fincorp Ltd
1050GFL28,Greaves Finance Ltd
911SMRTS28,Samriddhi Trust
880OPL28,360 One Prime Ltd
10SCNL28,Satin Creditcare Network Ltd
11DKGFSP29,Dvara Kshetriya Gramin Financial Services Pvt Ltd
1035STLN28,Stl Networks Ltd
11PPL27A,Progfin Pvt Ltd
11PKTPL36,Pune Kharadi Tower Pvt Ltd
715HZL28,Hindustan Zinc Ltd
715HZL29,Hindustan Zinc Ltd
1225AXCH27,Agri Xchng5 2025
135IDG4828,Indigo 048-13.50%-20-6-28-Ptc
83VAJRA35,Vajra018Trust-8.3%-20-4-35-Ptc
875DFPL27,Dmi Finance Pvt Ltd
801PFL36,Poonawalla Fincorp Ltd
880VFL30,Veritas Finance Ltd
9OPL29,360 One Prime Ltd
970MML28,Muthoot Microfin Ltd
11UFL27,Unigold Finance Ltd
12CIPL31,Csa Investments Pvt Ltd
0MSAFL28,Marwadi Shares And Finance Ltd
780NFL36,Nabkisan Finance Ltd
1250ACAPL29,Akara Capital Advisors Pvt Ltd
1075SFL28,Satin Finserv Ltd
75378KRT29,Knowledge Realty Trust
896AKCFL29,Ak Capital Finance Ltd
RRAFPL28,Auxilo Finserve Pvt Ltd
1030EFCL29,Edel Finance Company Ltd
1365POPL30,Purva Oak Pvt Ltd
12KFL28,Keertana Finserv Ltd
1365POP30,Purva Oak Pvt Ltd
1365POP30A,Purva Oak Pvt Ltd
845AAHL29,Adani Airport Holdings Ltd
745NBFID36,National Bank For Financing Infrastructure And Development
10MGFL27,Mufin Green Finance Ltd
1116FFS27A,Finkurve Financial Services Ltd
95EFSL29,Edelweiss Financial Services Ltd
731BFL28,Bajaj Finance Ltd
785AVHFI31,Aptus Value Housing Finance India Ltd
787HUDCPRP,Housing &Urban Development Corporation Ltd
910SKFL29,Sk Finance Ltd
692PFCL28,Power Finance Corporation Ltd
724PFCL31,Power Finance Corporation Ltd
883LGS1828,Liquid Gold Series 18
980LGS1828,Liquid Gold Series 18
12IOPPL30,Immencity Office Parks Pvt Ltd
11FCPL28,Finnable Credit Pvt Ltd
1030EEL29,Ecap Equities Ltd
9IFSL28,Incred Financial Services Ltd
77SCCL27,Standard Chartered Capital Ltd
13AGXC2627,Agxchnge26-13%-10-9-27-Ptc
788PFL28,Poonawalla Fincorp Ltd
104MFL33,Muthoot Fincorp Ltd
755BFL31,Bajaj Finance Ltd
740BFL29,Bajaj Finance Ltd
742MRHFL28,Mahindra Rural Housing Finance Ltd
695RECL28,Rec Ltd
NWFL20226,Nuvama Wealth Finance Ltd
1035MFSP28,Moneywise Financial Services Pvt Ltd
1140AFL27,Ambium Finserve Ltd
761IIL31,India Infradebt Ltd
752APSEZ31,Adani Ports And Special Economic Zone Ltd
1050LIFL29,Laxmi India Finance Ltd
CSAI240226,Csa Investments Pvt Ltd
13UCIL27,Unifinz Capital India Ltd
758KMIL29,Kotak Mahindra Investments Ltd
747KMIL28,Kotak Mahindra Investments Ltd
GHFL240226,Gic Housing Finance Ltd
1160KDFL28,Kanakadurga Finance Ltd
NWFL24226,Nuvama Wealth Finance Ltd
12FFSL28,Finkurve Financial Services Ltd
965MML28,Muthoot Mcred Ltd
9AKCFL29,Ak Capital Finance Ltd
925MML28A,Muthoot Mcred Ltd
729NHPCL32,Nhpc Ltd
729NHPCL33,Nhpc Ltd
729NHPCL34,Nhpc Ltd
729NHPC35,Nhpc Ltd
729NHPCL36,Nhpc Ltd
729NHPCL37,Nhpc Ltd
729NHPCL38,Nhpc Ltd
729NHPCL39,Nhpc Ltd
729NHPCL40,Nhpc Ltd
729NHPCL41,Nhpc Ltd
105ESPL28,Earlysalary Services Pvt Ltd
12VFPL29,Varthana Finance Pvt Ltd
1075SFL28A,Satin Finserv Ltd
86IFSL28,Incred Financial Services Ltd
124PFSPL28,Pahal Financial Services Pvt Ltd
772KKRL37,Kodad Khammam Road Ltd
782KKRL29,Kodad Khammam Road Ltd
837ABCPERP,Aditya Birla Capital Ltd
696PFCL28,Power Finance Corporation Ltd
731PFCL36,Power Finance Corporation Ltd
749EOPR36,Embassy Office Parks Reit
NWFL27226,Nuvama Wealth Finance Ltd
1150PW2628,Pw26-11.50%-17-08-28-Ptc
710BOB33,Bank Of Baroda
920SCL36,Sammaan Capital Ltd
89IND04930,Indigo 049-8.90%-20-7-30-Ptc
96IND04930,Indigo 049-9.60%-20-7-30-Ptc
1440AFIL28,Achiievers Finance India Ltd
71652MBR29,Mindspace Business Parks Reit
875MFL29,Muthoot Fincorp Ltd
0MCHPPL30,Mac Charles Hub Projects Pvt Ltd
1050BFCL27,Best Finance Corporation Ltd
750ATIT33,Altius Telecom Infrastructure Trust
RCPL060326,Ratnaafin Capital Pvt Ltd
790ABSLI36,Aditya Birla Sun Life Insurance Company Ltd
1075SFLD28,Satin Finserv Ltd
1125NFL28,Namra Finance Ltd
85IFL28,Ikf Finance Ltd
774AFL36,Axis Finance Ltd
11CFPL28,Choice Finserv Pvt Ltd
759NEEPC36,North Eastern Electric Power Corporation Ltd
1051SFCP27,Shri Ram Finance Corporation Pvt Ltd
1425CIPL28,Csa Investments Pvt Ltd
760HFSL31,Hdb Financial Services Ltd
840RHFL29,Repco Home Finance Ltd
990OFSL29,Oxyzo Financial Services Ltd
719RECL31,Rec Ltd
1250TCL30,Tapir Constructions Ltd
11FCPL2028,Finnable Credit Pvt Ltd
1050HFL29A,Hedge Finance Ltd
1110FCPL29,Finnable Credit Pvt Ltd
11HFL31A,Hedge Finance Ltd
766JCL31,Jio Credit Ltd
895VL29,Vedanta Ltd
10IML28,Indel Money Ltd
1260NFL27,Niyogin Fintech Ltd
12SSFBL31,Slice Small Finance Bank Ltd
925PDL28,Paisalo Digital Ltd
756IIL31,India Infradebt Ltd
95UCL27,Ugro Capital Ltd
135SDL30,Squadron Developers Ltd
925MCML28,Muthoot Mcred Ltd
930MMCL28,Muthoot Mcred Ltd
965MMCL28,Muthoot Mcred Ltd
722ABLBL29,Aditya Birla Lifestyle Brands Ltd
11CFPL2028,Choice Finserv Pvt Ltd
1375KFL29,Kanakadurga Finance Ltd
11RCL34,Rj Corp Ltd
11RCL34A,Rj Corp Ltd
705SBI36,State Bank Of India
12MFLPRP,Muthoot Fincorp Ltd
125BCSL29,Best Capital Services Ltd
125ING5129,Indigo 051
1175MCFL28,Mangal Credit And Fincorp Ltd
0JSWKSL31,Jsw Kalinga Steel Ltd
ZCJSWKSL31,Jsw Kalinga Steel Ltd
1025SFL28A,Satin Finserv Ltd
1250RIST33,Rua India Securitisation Trust 2026-1
125RIST33,Rist26-12.50%-23-01-33-Ptc
1116FFS27,Finkurve Financial Services Ltd
135ING5028,Ing50-13.5%-20-8-28-Ptc
720BIL29,Balkrishna Industries Ltd
738BIL30,Balkrishna Industries Ltd
755BIL31,Balkrishna Industries Ltd
880360OP28,360 One Prime Ltd
EFCL24326,Edel Finance Company Ltd
1350EIIL30,Equinox India Infraestate Ltd
875VFIPL28,Vastu Finserve India Pvt Ltd
875VFIP28A,Vastu Finserve India Pvt Ltd
875VFIPL29,Vastu Finserve India Pvt Ltd
14RFL2027,Regency Fincorp Ltd
10SGHPL29A,Sadbhav Gadag Highway Pvt Ltd
109AFSL28,Arman Financial Services Ltd
860MASFS29,Mas Financial Services Ltd
105ESPL28A,Earlysalary Services Pvt Ltd
11KFL27,Kanakadurga Finance Ltd
885FFSL33,Fedbank Financial Services Ltd
890FFSL33,Fedbank Financial Services Ltd
1190AX2627,Ax726-11.90%-22-03-27-Ptc
12KFL28A,Keertana Finserv Ltd
811PIICL29,Pilani Investment And Industries Corporation Ltd
735MCFPL27,Mizuho Capsave Finance Pvt Ltd
893AKCFL29,Ak Capital Finance Ltd
905AKCFL29,Ak Capital Finance Ltd
925CGCL36,Capri Global Capital Ltd
890CGCL29,Capri Global Capital Ltd
1050SFL28,Satin Finserv Ltd
1325UCL32,Ugro Capital Ltd
12SCCNL31,Satin Creditcare Network Ltd
1025MFL31A,Muthoot Fincorp Ltd
11CWCPL28,Credit Wise Capital Pvt Ltd
NWFL250326,Nuvama Wealth Finance Ltd
1190MML28,Midland Microfin Ltd
12NGCPL27,Neogrowth Credit Pvt Ltd
1250BCSL29,Best Capital Services Ltd
94OFSL29,Oxyzo Financial Services Ltd
98OFSL27,Oxyzo Financial Services Ltd
772ABCL31,Aditya Birla Capital Ltd
901HFSPL29,Hiranandani Financial Services Pvt Ltd
1050PPL27,Progfin Pvt Ltd
910AML28,Asirvad Microfinance Ltd
1099IGIC36,Indusind General Insurance Company Ltd
IFSL30326A,Incred Financial Services Ltd
RSETP27326,Renew Solar Energy (Jharkhand Three) Pvt Ltd
11UFL28,Unigold Finance Ltd
10SPPL30,Siskin Projects Pvt Ltd
10KFL29A,Kosamattam Finance Ltd
1450KFL31,Kanakadurga Finance Ltd
18VPL31,Vardhman Polytex Ltd
1250PFL31,Purple Finance Ltd
1116ABFL27,Ambium Finserve Ltd
980NFL27,Navi Finserv Ltd
PFL06426,Purple Finance Ltd
1020MBFL28,Moneyboxx Finance Ltd
12SFL28,Shalibhadra Finance Ltd
12VMVPL029,Valencia And Mishal Ventures Pvt Ltd
1071RST27,Rst-10.71%-6-10-26-Ptc
1236RST27,Rst-12.36%-6-10-26-Ptc
895AKCFL28,Ak Capital Finance Ltd
1050IML29,Indel Money Ltd
770AFL29,Axis Finance Ltd
777BFL29,Bajaj Finance Ltd
860MFL28,Manappuram Finance Ltd
12LMPL27,Light Microfinance Pvt Ltd
1030NFL28,Navi Finserv Ltd
77545HFS29,Hdb Financial Services Ltd
12KFL27,Keertana Finserv Ltd
1420CIPL28,Csa Investments Pvt Ltd
774KMPL29,Kotak Mahindra Prime Ltd
1090NFL28,Namra Finance Ltd
1295LLDL29,Lucina Land Development Ltd
84308PFL36,Poonawalla Fincorp Ltd
10IML2028,Indel Money Ltd
7AHL46,Ashiana Housing Ltd
13UCIL28,Unifinz Capital India Ltd
1115CWCP28,Credit Wise Capital Pvt Ltd
1175AFIL29A,Achiievers Finance India Ltd
12AFIL31A,Achiievers Finance India Ltd
1250AFIL30A,Achiievers Finance India Ltd
1275AFIL32,Achiievers Finance India Ltd
7616ABHF29,Aditya Birla Housing Finance Ltd
758MRHL28,Mahindra Rural Housing Finance Ltd
12PFL28,Purple Finance Ltd
1325DKGF29,Dvara Kshetriya Gramin Financial Services Pvt Ltd
1050TCPL31,Triumph Composites Pvt Ltd
758HFSL28,Hdb Financial Services Ltd
1350I05228,Indigo 052
