SYMBOL,NAME
ABB,Abb India Ltd
AEGISLOG,Aegis Logistics Ltd
ARE&M,Amara Raja Energy & Mobility Ltd
AMBALALSA,Ambalal Sarabhai Enterprises Ltd
ANDHRAPET,Andhra Petrochemicals Ltd
ANSALAPI,Ansal Properties & Infrastructure Ltd
UTIQUE,Utique Enterprises Ltd
ARUNAHTEL,Aruna Hotels Ltd
BOMDYEING,Bombay Dyeing & Manufacturing Company Ltd
ASIANHOTNR,Asian Hotels (North) Ltd
ATUL,Atul Ltd
ATVPR,Atv Projects India Ltd
BAJAJELEC,Bajaj Electricals Ltd
BAJAJHIND,Bajaj Hindusthan Sugar Ltd
FORCEMOT,Force Motors Ltd
BAJFINANCE,Bajaj Finance Ltd
BALRAMCHIN,Balrampur Chini Mills Ltd
BANCOINDIA,Banco Products (India) Ltd
ABREL,Aditya Birla Real Estate Ltd
BANARISUG,Bannari Amman Sugars Ltd
BASF,Basf India Ltd
BATAINDIA,Bata India Ltd
BEML,Beml Ltd
BEL,Bharat Electronics Ltd
BHAGGAS,Bhagawati Gas Ltd
BEPL,Bhansali Engineering Polymers Ltd
BIHSPONG,Bihar Sponge Iron Ltd
BIRLACABLE,Birla Cable Ltd
BLUESTARCO,Blue Star Ltd
DISAQ,Disa India Ltd
QUESTCAP,Quest Capital Markets Ltd
BPL,Bpl Ltd
OAL,Oriental Aromatics Ltd
CENTEXT,Century Extrusions Ltd
CESC,Cesc Ltd
CHAMBLFERT,Chambal Fertilisers & Chemicals Ltd
EXIDEIND,Exide Industries Ltd
CIPLA,Cipla Ltd
DICIND,Dic India Ltd
CRISIL,Crisil Ltd
CGPOWER,Cg Power And Industrial Solutions Ltd
DABUR,Dabur India Ltd
DALMIASUG,Dalmia Bharat Sugar And Industries Ltd
ARVIND,Arvind Ltd
BHEL,Bharat Heavy Electricals Ltd
HINDPETRO,Hindustan Petroleum Corporation Ltd
IFCI,Ifci Ltd
MTNL,Mahanagar Telephone Nigam Ltd
MRPL,Mangalore Refinery And Petrochemicals Ltd
CHENNPETRO,Chennai Petroleum Corporation Ltd
SBIN,State Bank Of India
SAIL,Steel Authority Of India Ltd
TITAN,Titan Company Ltd
IDBI,Idbi Bank Ltd
DCW,Dcw Ltd
DHAMPURSUG,Dhampur Sugar Mills Ltd
DIAMINESQ,Diamines & Chemicals Ltd
ELANTAS,Elantas Beck India Ltd
DRREDDY,Dr Reddys Laboratories Ltd
EIDPARRY,Eid Parry India Ltd
PGHL,Procter & Gamble Health Ltd
ELECTCAST,Electrosteel Castings Ltd
ESABINDIA,Esab India Ltd
EPL,Epl Ltd
ESTER,Ester Industries Ltd
FGP,Fgp Ltd
PHCAP,Ph Capital Ltd
FINCABLES,Finolex Cables Ltd
COCKERILL,John Cockerill India Ltd
UFLEX,Uflex Ltd
FOSECOIND,Foseco India Ltd
GOLDENTOBC,Golden Tobacco Ltd
GANESHBE,Ganesh Benzoplast Ltd
METROGLOBL,Metroglobal Ltd
GTL,Gtl Ltd
GODFRYPHLP,Godfrey Phillips India Ltd
GODREJIND,Godrej Industries Ltd
KANSAINER,Kansai Nerolac Paints Ltd
GOODRICKE,Goodricke Group Ltd
GOODYEAR,Goodyear India Ltd
GTNINDS,Gtn Industries Ltd
GHCL,Ghcl Ltd
GFLLIMITED,Gfl Ltd
GLFL,Gujarat Lease Financing Ltd
HCL-INSYS,Hcl Infosystems Ltd
HDFCBANK,Hdfc Bank Ltd
HEROMOTOCO,Hero Motocorp Ltd
HFCL,Hfcl Ltd
HSCL,Himadri Speciality Chemical Ltd
HCC,Hindustan Construction Company Ltd
HINDOILEXP,Hindustan Oil Exploration Company Ltd
AGI,Agi Greenpac Ltd
HINDZINC,Hindustan Zinc Ltd
NDLVENTURE,Ndl Ventures Ltd
HMT,Hmt Ltd
PRAGBOS,Prag Bosimi Synthetics Ltd
HLVLTD,Hlv Ltd
IGPL,Ig Petrochemicals Ltd
INDIAGLYCO,India Glycols Ltd
INDLEASE,India Lease Development Ltd
MARGOFIN,Margo Finance Ltd
INDORAMA,Indo Rama Synthetics (India) Ltd
INFY,Infosys Ltd
INGERRAND,Ingersoll-Rand (India) Ltd
ITHL,International Travel House Ltd
IONEXCHANG,Ion Exchange India Ltd
SUNDROP,Sundrop Brands Ltd
JISLJALEQS,Jain Irrigation Systems Ltd
JASCH,Jasch Industries Ltd
JINDALPOLY,Jindal Poly Films Ltd
JSWSTEEL,Jsw Steel Ltd
KAJARIACER,Kajaria Ceramics Ltd
KAKATCEM,Kakatiya Cement Sugar & Industries Ltd
KSL,Kalyani Steels Ltd
WHIRLPOOL,Whirlpool Of India Ltd
KGDENIM,Kg Denim Ltd
KINETICENG,Kinetic Engineering Ltd
KIRLOSBROS,Kirloskar Brothers Ltd
KIRLOSIND,Kirloskar Industries Ltd
KIRLFER,Kirloskar Ferrous Industries Ltd
ENVAIREL,Envair Electrodyne Ltd
KOTAKBANK,Kotak Mahindra Bank Ltd
KSB,Ksb Ltd
LGBBROSLTD,Lg Balakrishnan & Bros Ltd
TRENT,Trent Ltd
LMW,Lmw Ltd
LICHSGFIN,Lic Housing Finance Ltd
LUPIN,Lupin Ltd
LYKALABS,Lyka Labs Ltd
RAMCOCEM,The Ramco Cements Ltd
HYBRIDFIN,Hybrid Financial Services Ltd
MAFATIND,Mafatlal Industries Ltd
MAHSEAMLES,Maharashtra Seamless Ltd
MAHSCOOTER,Maharashtra Scooters Ltd
MAJESAUT,Majestic Auto Ltd
MANALIPETC,Manali Petrochemicals Ltd
BARODARY,Baroda Rayon Corporation Ltd
MFSL,Max Financial Services Ltd
MIDINDIA,Mid India Industries Ltd
MIRCELECTR,Mirc Electronics Ltd
CENTENKA,Century Enka Ltd
MODTHREAD,Modern Thread India Ltd
LORDSCHLO,Lords Chloro Alkali Ltd
SPICEJET,Spicejet Ltd
MOREPENLAB,Morepen Laboratories Ltd
MRF,Mrf Ltd
HEIDELBERG,Heidelbergcement India Ltd
NCC,Ncc Ltd
VEDL,Vedanta Ltd
NAHARSPING,Nahar Spinning Mills Ltd
NAPEROL,Naperol Investments Ltd
GRASIM,Grasim Industries Ltd
NIITLTD,Niit Ltd
JAYKAY,Jaykay Enterprises Ltd
NIRLON,Nirlon Ltd
ONGC,Oil And Natural Gas Corporation Ltd
OILCOUNTUB,Oil Country Tubular Ltd
ORIENTHOT,Oriental Hotels Ltd
OSWALAGRO,Oswal Agro Mills Ltd
INDSUCR,Indian Sucrose Ltd
PANCM,Panyam Cements & Mineral Industries Ltd
RELIANCE,Reliance Industries Ltd
PILITA,Pil Italica Lifestyle Ltd
RAYMOND,Raymond Ltd
PIDILITIND,Pidilite Industries Ltd
PIXTRANS,Pix Transmissions Ltd
BIRLACORPN,Birla Corporation Ltd
SURYAROSNI,Surya Roshni Ltd
PRIMESECU,Prime Securities Ltd
PRSMJOHNSN,Prism Johnson Ltd
RAIN,Rain Industries Ltd
PRUDMOULI,Prudential Sugar Corporation Ltd
AMJLAND,Amj Land Holdings Ltd
PUNJCOMMU,Punjab Communications Ltd
RSWM,Rswm Ltd
RAJSREESUG,Rajshree Sugars & Chemicals Ltd
RALLIS,Rallis India Ltd
RAMANEWS,Shree Rama Newsprint Ltd
RAMAPPR-B,Rama Paper Mills Ltd
RAPICUT,Rapicut Carbides Ltd
WELSPLSOL,Welspun Specialty Solutions Ltd
RUBFILA,Rubfila International Ltd
PATANJALI,Patanjali Foods Ltd
SALORAINTL,Salora International Ltd
SAMTELIN,Samtel India Ltd
JINDALSAW,Jindal Saw Ltd
JKLAKSHMI,Jk Lakshmi Cement Ltd
SHREECEM,Shree Cement Ltd
SKPMIL,Shree Krishna Paper Mills & Industries Ltd
SILVERLINE,Silverline Technologies Ltd
TATAPOWER,Tata Power Company Ltd
SPMLINFRA,Spml Infra Ltd
SUNDRMFAST,Sundram Fasteners Ltd
SUNFLAG,Sunflag Iron & Steel Company Ltd
SPLPETRO,Supreme Petrochem Ltd
SWARAJENG,Swaraj Engines Ltd
TATAELXSI,Tata Elxsi Ltd
ACC,Acc Ltd
THERMAX,Thermax Ltd
TIRUMALCHM,Thirumalai Chemicals Ltd
THOMASCOOK,Thomas Cook (India) Ltd
TIMEX,Timex Group India Ltd
TOKYOPLAST,Tokyo Plast International Ltd
TORNTPHARM,Torrent Pharmaceuticals Ltd
TPINDIA,Tpi India Ltd
TRANSCHEM,Transchem Ltd
AMBUJACEM,Ambuja Cements Ltd
UTLINDS,Utl Industries Ltd
UNIENTER,Uniphos Enterprises Ltd
VHL,Vardhman Holdings Ltd
HINDALCO,Hindalco Industries Ltd
WSTCSTPAPR,West Coast Paper Mills Ltd
HOCL,Hindustan Organic Chemicals Ltd
MPILCORPL,Mpil Corporation Ltd
PASUPTAC,Pasupati Acrylon Ltd
TEAM24,Team24 Consumer Products Ltd
PGHH,Procter & Gamble Hygiene And Health Care Ltd
MUKANDLTD,Mukand Ltd
BBOX,Black Box Ltd
UCAL,Ucal  Ltd
HARRMALAYA,Harrisons Malayalam Ltd
FEDERALBNK,Federal Bank Ltd
TATASTEEL,Tata Steel Ltd
SKFINDIA,Skf India Ltd
ASHOKLEY,Ashok Leyland Ltd
CUMMINSIND,Cummins India Ltd
TATACOMM,Tata Communications Ltd
ABBOTINDIA,Abbott India Ltd
BAJAJHLDNG,Bajaj Holdings & Investment Ltd
BHARATFORG,Bharat Forge Ltd
ESCORTS,Escorts Kubota Ltd
HINDMOTORS,Hindustan Motors Ltd
LT,Larsen & Toubro Ltd
M&M,Mahindra & Mahindra Ltd
BOSCHLTD,Bosch Ltd
PREMIER,Premier Ltd
BPCL,Bharat Petroleum Corporation Ltd
SIEMENS,Siemens Ltd
TMPV,Tata Motors Passenger Vehicles Ltd
VOLTAS,Voltas Ltd
GESHIP,Great Eastern Shipping Company Ltd
DEEPAKFERT,Deepak Fertilisers & Petrochemicals Corporation Ltd
EXCELINDUS,Excel Industries Ltd
GRWRHITECH,Garware Hi-Tech Films Ltd
GLAXO,Glaxosmithkline Pharmaceuticals Ltd
GNFC,Gujarat Narmada Valley Fertilizers & Chemicals Ltd
NOVARTIND,Novartis India Ltd
SANOFI,Sanofi India Ltd
PFIZER,Pfizer Ltd
GSFC,Gujarat State Fertilizers & Chemicals Ltd
HINDUNILVR,Hindustan Unilever Ltd
JSWDULUX,Jsw Dulux Ltd
NOCIL,Nocil Ltd
TATACHEM,Tata Chemicals Ltd
TNPETRO,Tamilnadu Petroproducts Ltd
ZUARIIND,Zuari Industries Ltd
NESTLEIND,Nestle India Ltd
TATACONSUM,Tata Consumer Products Ltd
ASIANPAINT,Asian Paints Ltd
BRITANNIA,Britannia Industries Ltd
COLPAL,Colgate Palmolive (India) Ltd
EIHOTEL,Eih Ltd
INDHOTEL,Indian Hotels Company Ltd
CASTROLIND,Castrol India Ltd
ITC,Itc Ltd
APOLLOTYRE,Apollo Tyres Ltd
CEATLTD,Ceat Ltd
MODIRUBBER,Modi Rubber Ltd
FINPIPE,Finolex Industries Ltd
SUNRINV,Sunrise Industrial Traders Ltd
ZGOLDINV,Gold Rock Investments Ltd
DSINVEST,Dalal Street Investments Ltd
CENTRUM,Centrum Capital Ltd
KARTKIN,Kartik Investments Trust Ltd
TCIFINANCE,Tci Finance Ltd
ANTARIKSH,Antariksh Industries Ltd
IITL,Industrial Investment Trust Ltd
INDPRUD,Industrial & Prudential Investment Company Ltd
TATAINVEST,Tata Investment Corporation Ltd
JAYBHCR,Jayabharat Credit Ltd
PRISMX,Prismx Global Ventures Ltd
MOTOGENFIN,Motor & General Finance Ltd
RAPIDIN,Rapid Investments Ltd
WALCHPF,Walchand Peoplefirst Ltd
EENTER,E & E Enterprises Ltd
WHBRADY,Wh Brady & Company Ltd
TECHNVISN,Technvision Ventures Ltd
SHAILY,Shaily Engineering Plastics Ltd
BBTC,The Bombay Burmah Trading Corporation Ltd
BOMBCYC,Bombay Cycle & Motor Agency Ltd
GREAVESCOT,Greaves Cotton Ltd
MULLER,Muller & Phipps India Ltd
SFTL,Springform Technology Ltd
AMALGAM,Amalgamated Electricity Company Ltd
ANANDPROJ,Anand Projects Ltd
INDIANVSH,Indianivesh Ltd
COASTCORP,Coastal Corporation Ltd
CHOWGULSTM,Chowgule Steamships Ltd
GARWAOFFS,Garware Offshore Services Ltd
DHENUBUILD,Dhenu Buildcon Infra Ltd
ASIIL,Asi Industries Ltd
SAGCEM,Sagar Cements Ltd
DECCANCE,Deccan Cements Ltd
MANGLMCEM,Mangalam Cement Ltd
NCLIND,Ncl Industries Ltd
SAURASHCEM,Saurashtra Cement Ltd
SHREDIGCEM,Shree Digvijay Cement Company Ltd
BORORENEW,Borosil Renewables Ltd
LERTHAI,Lerthai Finance Ltd
TRIVENIGQ,Triveni Glass Ltd
NILACHAL,Nilachal Refractories Ltd
ANDHRAPAP,Andhra Paper Ltd
BALKRISIND,Balkrishna Industries Ltd
ORIENTPPR,Orient Paper & Industries Ltd
CITADEL,Citadel Realty And Developers Ltd
ROLLT,Rollatainers Ltd
SESHAPAPER,Seshasayee Paper And Boards Ltd
NATHIND,Nath Industries Ltd
VAPIENTER,Vapi Enterprise Ltd
DCM,Dcm Ltd
ZGAEKWAR,Gaekwar Mills Ltd
FORBESCO,Forbes & Company Ltd
HPCOTTON,Hp Cotton Textile Mills Ltd
UNITEDINT,United Interactive Ltd
JAMSHRI,Jamshri Realty Ltd
KATRSPG,Katare Spinning Mills Ltd
KESORAMIND,Kesoram Industries Ltd
LAKSHMIMIL,Lakshmi Mills Company Ltd
VTL,Vardhman Textiles Ltd
PENINLAND,Peninsula Land Ltd
PASUSPG,Pasupati Spinning & Weaving Mills Ltd
PHOENIXLTD,The Phoenix Mills Ltd
MARATHON,Marathon Nextgen Realty Ltd
RAJABAH,Raja Bahadur International Ltd
RELCHEMQ,Reliance Chemotex Industries Ltd
RUBYMILLS,Ruby Mills Ltd
SIMPLXREA,Simplex Realty Ltd
SWANCORP,Swan Corp Ltd
VICTMILL,Victoria Mills Ltd
ZSVTRADI,Sv Trading & Agencies Ltd
ZSVARAJT,Svaraj Trading & Agencies Ltd
KSHITIJ,Kshitij Investments Ltd
SALSAIN,Shree Salasar Investments Ltd
INDSOYA,Indsoya Ltd
ZODIACVEN,Zodiac Ventures Ltd
VEERENRGY,Veer Energy & Infrastructure Ltd
TILAK,Tilak Ventures Ltd
UNIJOLL,Unijolly Investments Company Ltd
WAGEND,Wagend Infra Venture Ltd
ELCIDIN,El Cid Investments Ltd
MEDIAONE,Mediaone Global Entertainment Ltd
HEALINV,Healthy Investments Ltd
SHRENTI,Shreenath Investment Company Ltd
BANSWRAS,Banswara Syntex Ltd
MODWOOL,Modella Woollens Ltd
MODIPON,Modipon Ltd
SHRIDINE,Shri Dinesh Mills Ltd
SRF,Srf Ltd
SIYSIL,Siyaram Silk Mills Ltd
SWADPOL,Swadeshi Polytex Ltd
SHRAJSYNQ,Shree Rajasthan Syntex Ltd
SHRMFGC,Shree Manufacturing Company Ltd
ZSATYASL,Satyam Silk Mills Ltd
BBL,Bharat Bijlee Ltd
ELPROINTL,Elpro International Ltd
GEE,Gee Ltd
HIRECT,Hind Rectifiers Ltd
NIPPOBATRY,Indo National Ltd
ZENSARTECH,Zensar Technologies Ltd
JYOTI,Jyoti Ltd
JSLINDL,Jsl Industries Ltd
KAYCEEI,Kaycee Industries Ltd
INDOKEM,Indokem Ltd
PANAENERG,Panasonic Energy India Company Ltd
NELCO,Nelco Ltd
PERMAGN,Permanent Magnets Ltd
HIGHENE,High Energy Batteries India Ltd
STDBAT,Standard Batteries Ltd
UNIVCABLES,Universal Cables Ltd
WSI,W. S. Industries (India) Ltd
DLTNCBL,Delton Cables Ltd
LAKSELEC,Lakshmi Electrical Control Systems Ltd
MODULEX,Modulex Construction Technologies Ltd
DELTAMAGNT,Delta Manufacturing Ltd
LONGSPUR,Longspur International Ventures Ltd
RELTD,Ravindra Energy Ltd
EMPOWER,Empower India Ltd
ZMULTIPU,Multipurpose Trading & Agencies Ltd
RIDHISYN,Ridhi Synthetics Ltd
GRANDMA,Grandma Trading & Agencies Ltd
ZARDIINV,Ardi Investments & Trading Company Ltd
SOFTBPO,Softbpo Global Services Ltd
NYSSACORP,Nyssa Corporation Ltd
FLOMIC,Flomic Global Logistics Ltd
KRISHNA,Krishna Ventures Ltd
UNIABEXAL,Uni Abex Alloy Products Ltd
SARDAEN,Sarda Energy & Minerals Ltd
BGWTATO,Bhagwati Autocast Ltd
BOMBWIR,Bombay Wire Ropes Ltd
AZADIND,Azad India Mobility Ltd
INDIANHUME,Indian Hume Pipe Company Ltd
INLCM,Indian Link Chain Manufacturers Ltd
INVPRECQ,Investment & Precision Castings Ltd
INFORTEC,Informed Technologies India Ltd
KAIRA,Kaira Can Company Ltd
ORIENTCER,Orient Ceratech Ltd
NATIONSTD,National Standard (India) Ltd
RATHIST,Rathi Steel & Power Ltd
DUNCANENG,Duncan Engineering Ltd
SANDUMA,Sandur Manganese & Iron Ores Ltd
STOVACQ,Stovec Industries Ltd
CHOLAHLDNG,Cholamandalam Financial Holdings Ltd
ZWELCAST,Welcast Steels Ltd
WMINIMT,Western Ministil Ltd
AUTOAXLES,Automotive Axles Ltd
ATLASCYCLE,Atlas Cycles (Haryana) Ltd
AUTOPRD,Automobile Products Of India Ltd
ACGL,Automobile Corporation Of Goa Ltd
SETCO,Setco Automotive Ltd
TALBROAUTO,Talbros Automotive Components Ltd
ZFSTEERING,Zf Steering Gear India Ltd
SMLMAH,Sml Mahindra Ltd
TIL,Til Ltd
EICHERMOT,Eicher Motors Ltd
JAINEX,Jainex Aamcol Ltd
ALFREDHE,Alfred Herbert India Ltd
VELJAN,Veljan Denison Ltd
DYNAMATECH,Dynamatic Technologies Ltd
GGDPROP,G. G. Dandekar Properties Ltd
GMMPFAUDLR,Gmm Pfaudler Ltd
KIRLPNU,Kirloskar Pneumatic Company Ltd
TULIVE,Tulive Developers Ltd
KPT,Kpt Industries Ltd
LAKSHMIEW,Lakshmi Engineering And Warehousing Ltd
MANUGRAPH,Manugraph India Ltd
HARSHILAGR,Harshil Agrotech Ltd
MONOT,Monotype India Ltd
NESCO,Nesco Ltd
INTEGRAEN,Integra Engineering India Ltd
SEMAC,Semac Construction Ltd
TEXINFRA,Texmaco Infrastructure & Holdings Ltd
WENDT,Wendt (India) Ltd
PSITINFRA,Ps It Infrastructure & Services Ltd
GHVINFRA,Ghv Infra Projects Ltd
RESPONIND,Responsive Industries Ltd
SHYMINV,Shyamkamal Investments Ltd
ZHEMHOLD,Hem Holdings & Trading Ltd
MAHACORP,Maharashtra Corporation Ltd
DOLATALGO,Dolat Algotech Ltd
WESTLIFE,Westlife Foodworld Ltd
ZEEL,Zee Entertainment Enterprises Ltd
ZKOVALIN,Kovalam Investment & Trading Company Ltd
SVPGLOB,Svp Global Textiles Ltd
MULTIIN,Multiplus Holdings Ltd
SKYLMILAR,Skyline Millars Ltd
BIMETAL,Bimetal Bearings Ltd
TAPARIA,Taparia Tools Ltd
BHARATGEAR,Bharat Gears Ltd
BRADYM,Brady & Morris Engineering Company Ltd
LATIMMETAL,La Tim Metal & Industries Ltd
ELECON,Elecon Engineering Company Ltd
GRAUWEIL,Grauer & Weil India Ltd
HIMTEK,Him Teknoforge Ltd
GABRIEL,Gabriel India Ltd
HERCULES,Hercules Investments Ltd
ALGOQUANT,Algoquant Fintech Ltd
IFBIND,Ifb Industries Ltd
SINGERIND,Singer India Ltd
INTLCOMBQ,International Combustion India Ltd
FMGOETZE,Federal-Mogul Goetze (India) Ltd
JOSTS,Josts Engineering Company Ltd
SCHAEFFLER,Schaeffler India Ltd
RANEHOLDIN,Rane Holdings Ltd
ROLCOEN,Rolcon Engineering Company Ltd
SNL,Snl Bearings Ltd
JAIPAN,Jaipan Industries Ltd
MANCREDIT,Mangal Credit And Fincorp Ltd
TRF,Trf Ltd
WPIL,Wpil Ltd
KENNAMET,Kennametal India Ltd
HINDHARD,Hindustan Hardy Ltd
TRITONV,Triton Valves Ltd
SUDAI,Sudal Industries Ltd
PRAKASH,Prakash Industries Ltd
HVL,Hariyana Ventures Ltd
ZPRBHSTE,Prabhu Steel Industries Ltd
ARSHIYA,Arshiya Ltd
GRINDWELL,Grindwell Norton Ltd
LAKPRE,Lakshmi Precision Screws Ltd
STANROS,Stanrose Mafatlal Investments & Finance Ltd
GENESYS,Genesys International Corporation Ltd
ALNATRD,Alna Trading & Exports Ltd
VOLKAI,Kairosoft Ai Solutions Ltd
PARNAXLAB,Parnax Lab Ltd
GOURMET,Gourmet Gateway India Ltd
VIVIDHA,Visagar Polytex Ltd
ISHWATR,Ishwarshakti Holdings & Traders Ltd
TERRAFORM,Terraform Magnum Ltd
APIS,Apis India Ltd
VELOX,Velox Shipping And Logistics Ltd
EMERGENT,Emergent Industrial Solutions Ltd
KANANIIND,Kanani Industries Ltd
GSLTD,Galaxy Supermarket Ltd
ZSARVAMA,Sarvamangal Mercantile Company Ltd
ARIHANTSUP,Arihant Superstructures Ltd
VIKSHEN,Viksit Engineering Ltd
BLISSGVS,Bliss Gvs Pharma Ltd
STYRENIX,Styrenix Performance Materials Ltd
ALEMBICLTD,Alembic Ltd
AMNPLST,Amines & Plasticizers Ltd
ANUHPHR,Anuh Pharma Ltd
MODISONLTD,Modison Ltd
BAYERCROP,Bayer Cropscience Ltd
STARSOURCE,Star Source Multi Trade Ltd
CITURGIA,Citurgia Biochemicals Ltd
SUDARCOLOR,Sudarshan Colorants India Ltd
COROMANDEL,Coromandel International Ltd
DEEPAKNTR,Deepak Nitrite Ltd
DMCC,Dmcc Speciality Chemicals Ltd
FERMENTA,Fermenta Biotech Ltd
GOCLCORP,Gocl Corporation Ltd
JAYCH,Jayshree Chemicals Ltd
KANORICHEM,Kanoria Chemicals & Industries Ltd
KELENRG,Keltech Energies Ltd
KEMP,Kemp & Company Ltd
NITTAGELA,Nitta Gelatin India Ltd
MPAGI,Mp Agro Industries Ltd
AGVENTURES,Ag Ventures Ltd
PBGLOBAL,Pb Global Ltd
PCBL,Pcbl Chemical Ltd
AMAL,Amal Ltd
POLYCHEM,Polychem Ltd
PUNJABCHEM,Punjab Chemicals & Crop Protection Ltd
ZR2,Zr2 Bioenergy Ltd
SADHNANIQ,Sadhana Nitro Chem Ltd
SUDARSCHEM,Sudarshan Chemical Industries Ltd
TECILCHEM,Tecil Chemicals & Hydro Power Ltd
ULTRAMAR,Ultramarine & Pigments Ltd
TRANSPEK,Transpek Industry Ltd
UNICHEMLAB,Unichem Laboratories Ltd
MYSORPETRO,Mysore Petro Chemicals Ltd
ALKYLAMINE,Alkyl Amines Chemicals Ltd
TUTIALKA,Tuticorin Alkali Chemicals And Fertilizers Ltd
ASTRAZEN,Astrazeneca Pharma India Ltd
PRIMO,Primo Chemicals Ltd
TANFACIND,Tanfac Industries Ltd
GUJPETR,Gujarat Petrosynthese Ltd
SWADEIN,Swadeshi Industries & Leasing Ltd
GUJTHEM,Gujarat Themis Biosyn Ltd
SCBL,Saptak Chem And Business Ltd
MAKERSL,Makers Laboratories Ltd
CONTCHM,Continental Chemicals Ltd
JBCHEPHARM,Jb Chemicals & Pharmaceuticals Ltd
IGLFXPL-B,Indo Gulf Industries Ltd
ADVPETR-B,Advance Petrochemicals Ltd
RAJSPTR,Rajasthan Petro Synthetics Ltd
APTPACK,Apt Packaging Ltd
BLUECHIPT,Bluechip Tex Industries Ltd
JAGAJITIND,Jagatjit Industries Ltd
KESARENT,Kesar Enterprises Ltd
TI,Tilaknagar Industries Ltd
EMERALL,Emerald Leisures Ltd
RAVALSUGAR,The Ravalgaon Sugar Farm Ltd
SAKHTISUG,Sakthi Sugars Ltd
WALCHANNAG,Walchandnagar Industries Ltd
IFBAGRO,Ifb Agro Industries Ltd
KFBL,Kothari Fermentation & Biochem Ltd
CAPRO,Caprolactam Chemicals Ltd
GMBREW,Gm Breweries Ltd
RANASUG,Rana Sugars Ltd
PICCASUG,Piccadily Sugar & Allied Industries Ltd
SDBL,Som Distilleries & Breweries Ltd
CJGEL,Cj Gelatine Products Ltd
ASALCBR,Associated Alcohols & Breweries Ltd
THAKKERS,Thakkers Group Ltd
CORAGRO,Coromandel Agro Products & Oils Ltd
FOODSIN,Foods & Inns Ltd
IVP,Ivp Ltd
KLRFM,Kovilpatti Lakshmi Roller Flour Mills Ltd
OLYOI,Olympic Oil Industries Ltd
MLKFOOD,Milkfood Ltd
POLSON,Polson Ltd
SIGNGCL,Signature Green Corporation Ltd
WIPRO,Wipro Ltd
ORIBEVER,Orient Beverages Ltd
DHANUKA,Dhanuka Agritech Ltd
TTKHLTCARE,Ttk Healthcare Ltd
TGVSL,Tgv Sraac Ltd
LIMECHM,Lime Chemicals Ltd
KANPRPLA,Kanpur Plastipack Ltd
TAINWALCHM,Tainwala Chemicals And Plastics (India) Ltd
JAGSNPHARM,Jagsonpal Pharmaceuticals Ltd
KHAICHEM,Khaitan Chemicals & Fertilizers Ltd
UNTTEMI,United Leasing & Industries Ltd
NOL,National Oxygen Ltd
GILLETTE,Gillette India Ltd
WIREFABR,Wires & Fabriks Sa Ltd
ANSALHSG,Ansal Housing Ltd
COMPUPN,Computer Point Ltd
MCCHRLS-B,Mac Charles India Ltd
ADDIND,Addi Industries Ltd
PIONRINV,Pioneer Investcorp Ltd
ASHNOOR,Ashnoor Textile Mills Ltd
UNITECH,Unitech Ltd
VIPIND,Vip Industries Ltd
FIBERWEB,Fiberweb India Ltd
GYFTR,Gyftr Ltd
EASTBUILD,East Buildtech Ltd
MNPLFIN,Manipal Finance Corporation Ltd
BAJAJST,Bajaj Steel Industries Ltd
KIDUJA,Kiduja India Ltd
KEYCORP,Key Corporation Ltd
SHIKHARLETR,Shikhar Leasing & Trading Ltd
GUJHOTE,Gujarat Hotels Ltd
FYNX,Fynx Capital Ltd
RASRESOR,Ras Resorts & Apart Hotels Ltd
JOLYPLS,Jolly Plastic Industries Ltd
PARMCOS-B,Paramount Cosmetics India Ltd
JINDHOT,Jindal Hotels Ltd
DESIFARMS,Desi Farms India Ltd
JPTRLES,Jupiter Industries & Leasing Ltd
SIMMOND,Simmonds Marshall Ltd
BNALTD,B & A Ltd
HAWKINCOOK,Hawkins Cookers Ltd
WARRENTEA,Warren Tea Ltd
COCHMAL,Cochin Malabar Estates & Industries Ltd
BESTEAST,Best Eastern Hotels Ltd
NEAGI,Neelamalai Agro Industries Ltd
ISTLTD,I S T Ltd
COSMOFIRST,Cosmo First Ltd
NEWMKTAVE,New Markets Avenue Ltd
APOLLOHOSP,Apollo Hospitals Enterprise Ltd
NITINCAST,Nitin Castings Ltd
NEXOME,Nexome Capital Markets Ltd
EVERESTIND,Everest Industries Ltd
IRONWOOD,Ironwood Education Ltd
MSRINDIA,Msr India Ltd
AYMSYNTEX,Aym Syntex Ltd
PANCARBON,Panasonic Carbon India Company Ltd
FINKURVE,Finkurve Financial Services Ltd
HBLEAS,Hb Leasing & Finance Company Ltd
SHRICON,Shricon Industries Ltd
SULABEN,Sulabh Engineers & Services Ltd
FRONTCAP,Frontier Capital Ltd
NAVNETEDUL,Navneet Education Ltd
KEDIACN,Kedia Construction Company Ltd
TRANOCE,Transoceanic Properties Ltd
AUSOMENT,Ausom Enterprise Ltd
THAKRAL,Thakral Services India Ltd
RUCHINFRA,Ruchi Infrastructure Ltd
GOLDLEG,Golden Legand Leasing & Finance Ltd
VJTFEDU,Vjtf Eduservices Ltd
VOLLF,Voltaire Leasing & Finance Ltd
NETLINK,Netlink Solutions India Ltd
TRILIANCE,Triliance Polymers Ltd
LANCORHOL,Lancor Holdings Ltd
INDINFO,Indian Infotech & Software Ltd
BANASFN,Banas Finance Ltd
VISAKAIND,Visaka Industries Ltd
INFOMEDIA,Infomedia Press Ltd
HATHWAYB,Hathway Bhawani Cabletel & Datacom Ltd
GUFICBIO,Gufic Biosciences Ltd
GRPLTD,Grp Ltd
INDAG,Indag Rubber Ltd
MMRUBBR-B,Mm Rubber Company Ltd
PTL,Ptl Enterprises Ltd
TVSSRICHAK,Tvs Srichakra Ltd
SEL,Sanathnagar Enterprises Ltd
BENARAS,Benares Hotels Ltd
BHAGWOX,Bhagawati Oxygen Ltd
BOMOXY-B1,Bombay Oxygen Investments Ltd
CRAVATEX,Cravatex Ltd
BERGEPAINT,Berger Paints India Ltd
CAPRIHANS,Caprihans India Ltd
GRAPHITE,Graphite India Ltd
CEMPRO,Cemindia Projects Ltd
EMPIND,Empire Industries Ltd
GRAVISSHO,Graviss Hospitality Ltd
GARFIBRES,Garware Technical Fibres Ltd
GARWAMAR,Garware Marine Industries Ltd
GOACARBON,Goa Carbon Ltd
HARDCAS,Hardcastle & Waud Manufacturing Company Ltd
HEG,Heg Ltd
HINDCOMPOS,Hindustan Composites Ltd
ZHINDHSG,Hindustan Housing Company Ltd
BIRLANU,Birlanu Ltd
INDIANCARD,Indian Card Clothing Company Ltd
INTLCONV,International Conveyors Ltd
JAYSREETEA,Jay Shree Tea & Industries Ltd
KOTIC,Kothari Industrial Corporation Ltd
MODRNSH,Modern Shares & Stockbrokers Ltd
MAPROIN,Mapro Industries Ltd
OSEASPR,Oseaspre Consultants Ltd
HUHTAMAKI,Huhtamaki India Ltd
PREMSYN,Premier Synthetics Ltd
RJSHAH,Rj Shah & Company Ltd
SHAHCON,Shah Construction Company Ltd
SHALPAINTS,Shalimar Paints Ltd
SINNAR,Sinnar Bidi Udyog Ltd
HINDMILL,Hindoostan Mills Ltd
ZSOUTGAS,Southern Gas Ltd
TECHCON,Technojet Consultants Ltd
SUPREMEIND,Supreme Industries Ltd
THACKER,Thacker & Company Ltd
TRADWIN,Trade Wings Ltd
UPHOT,Up Hotels Ltd
VSTIND,Vst Industries Ltd
SWASTIVI,Swasti Vinayaka Synthetics Ltd
MADHUSE,Madhusudan Securities Ltd
YAMNINV,Yamini Investments Company Ltd
PREMCAP,Premier Capital Services Ltd
ZMILGFIN,Milgrey Finance & Investments Ltd
JINDRILL,Jindal Drilling & Industries Ltd
ZARCOLEA,Arco Leasing Ltd
KUSUMEL,Kusam Electrical Industries Ltd
JUMBFNL,Jumbo Finance Ltd
SAKTHIFIN,Sakthi Finance Ltd
EASYFIN,Easy Fincorp Ltd
AEROENTER,Aeroflex Enterprises Ltd
JMDVL,Jmd Ventures Ltd
TVOLCON,Tivoli Construction Ltd
SHIVATEX,Shiva Texyarn Ltd
VBDESAI,V B Desai Financial Services Ltd
QUADRANT,Quadrant Televentures Ltd
1STCUS,First Custodian Fund India Ltd
KAMANWALA,Kamanwala Housing Construction Ltd
WSFX,Wsfx Global Pay Ltd
ANJANIFOODS,Anjani Foods Ltd
RKDAGRRTL,Rkd Agri & Retail Ltd
PARSHWANA,Parshwanath Corporation Ltd
RAJVI,Rajvi Logitrade Ltd
MILLENNIUM,Millennium Online Solutions ( India ) Ltd
ICDSLTD,Icds Ltd
CANFINHOME,Can Fin Homes Ltd
MUNCAPM,Munoth Capital Markets Ltd
IVC,Il&Fs Investment Managers Ltd
SHRIRAMFIN,Shriram Finance Ltd
CHOLAFIN,Cholamandalam Investment And Finance Company Ltd
BOMTALKIES,Bombay Talkies Ltd
SAGARSYST,Sagar Systech Ltd
ICONIKSPEV,Iconik Sports And Events Ltd
VLSFINANCE,Vls Finance Ltd
INDCEMCAP,India Cements Capital Ltd
ADMANUM,Ad-Manum Finance Ltd
MEHIF,Mehta Integrated Finance Ltd
INTRGLB,Inter Globe Finance Ltd
MCLTD,Munoth Communication Ltd
SHRISTI,Shristi Infrastructure Development Corporation Ltd
CREST,Crest Ventures Ltd
VAKRANGEE,Vakrangee Ltd
GUJCRED,Gujarat Credit Corporation Ltd
SYLPH,Sylph Industries Ltd
DHARFIN,Dharani Finance Ltd
ALEXANDER,Alexander Stamps And Coin Ltd
INDBANK,Indbank Merchant Banking Services Ltd
SHRYDUS,Shrydus Industries Ltd
BHARAT,Bharat Bhushan Finance & Commodity Brokers Ltd
CAPTRUST,Capital Trust Ltd
USHAKIRA,Ushakiran Finance Ltd
VIVOBIOT,Vivo Bio Tech Ltd
VEERHEALTH,Veerhealth Care Ltd
PANINDIAC,Pan India Corporation Ltd
SAHARAHOUS,Sahara Housingfina Corporation Ltd
NDASEC,Nda Securities Ltd
SUPRATRE,Supra Trends Ltd
GSBFIN,Gsb Finance Ltd
MORARKFI,Morarka Finance Ltd
MONARCH,Monarch Networth Capital Ltd
PROFINC,Pro Fin Capital Services Ltd
TEAMGTY,Team India Guaranty Ltd
SANCF,Sanchay Finvest Ltd
CRESCENTIS,Crescentis Capital Ltd
MANTRA,Mantra Capital Ltd
BEFOUNDMOL,Befound Movement Ltd
AVONMORE,Avonmore Capital & Management Services Ltd
LIBORDFIN,Libord Finance Ltd
YASHMGM,Yash Management & Satellite Ltd
ARIHANTCAP,Arihant Capital Markets Ltd
ISLCONSUL,Isl Consulting Ltd
DCMFINSERV,Dcm Financial Services Ltd
RRFIN,Rr Financial Consultants Ltd
FEDDERSHOL,Fedders Holding Ltd
SAMBHAAV,Sambhaav Media Ltd
OLYMTFI,Olympic Management & Financial Services Ltd
DJSSS,Djs Stock & Shares Ltd
OMEGAIN,Omega Interactive Technologies Ltd
SUGALDAM,Sugal & Damani Share Brokers Ltd
NETTLINX,Nettlinx Ltd
BGIL,Bgil Films & Technologies Ltd
SCANSTL,Scan Steels Ltd
GICHSGFIN,Gic Housing Finance Ltd
AJCON,Ajcon Global Services Ltd
CHRTEDCA,Chartered Capital & Investment Ltd
STANCAP,Standard Capital Markets Ltd
YOGI,Yogi Ltd
CUBIFIN,Cubical Financial Services Ltd
RELICTEC,Relic Technologies Ltd
NIMBSPROJ,Nimbus Projects Ltd
INVIGO,Invigorated Business Consulting Ltd
BAIDFIN,Baid Finserv Ltd
VIPULLTD,Vipul Ltd
KZLFIN,Kz Leasing & Finance Ltd
MEHSECU,Mehta Securities Ltd
RFL,Ruparel Food Products Ltd
UGROCAP,Ugro Capital Ltd
SAHLIBHFI,Shalibhadra Finance Ltd
ABIRAFN,Abirami Financial Services India Ltd
MANSIFIN,Mansi Finance (Chennai) Ltd
AASTAFIN,Aastamangalam Finance Ltd
MUTHOOTCAP,Muthoot Capital Services Ltd
MASTERTR,Master Trust Ltd
ZNILKENG,Nilkanth Engineering Ltd
EFCIL,Efc (I) Ltd
SOBME,Sobhagya Mercantile Ltd
TTGIL,Tomorrow Technologies Global Innovations Ltd
ZSARACOM,Saraswati Commercial India Ltd
WINROC,Winro Commercial India Ltd
ASGARD,Asgard Alcobev Ltd
VEGA,Vega Jewellers Ltd
SKYBIOTECH,Skybiotech Healthcare Ltd
TCC,Tcc Concept Ltd
ROYALIND,Royal India Corporation Ltd
DHANSAFAL,Dhansafal Finserve Ltd
SHYAM,Ventura Guaranty Ltd
ZSANMCOM,Sanmitra Commercial Ltd
WARDHEALTH,Wardwizard Healthcare Ltd
VISVEN,Vishvprabha Ventures Ltd
MRUTR,Mrugesh Trading Ltd
DECNGOLD,Deccan Gold Mines Ltd
UPL,Upl Ltd
GDIL,Global Defence Industries Ltd
CRANESSOFT,Cranes Software International Ltd
SAICOM,Saianand Commercial Ltd
EY,Eyantra Ventures Ltd
TRIPR,Triochem Products Ltd
NIDHGRN,Nidhi Granites Ltd
AVIVA,Aviva Industries Ltd
ROSEMER,Rose Merc Ltd
TWIROST,Twin Roses Trades & Agencies Ltd
SIGIND,Signet Industries Ltd
KAJALSY,Kajal Synthetics & Silk Mills Ltd
AVANCE,Avance Technologies Ltd
MLINDLTD,M Lakhamsi Industries Ltd
TERRAREAL,Terraform Realstate Ltd
SECURKLOUD,Securekloud Technologies Ltd
ABANSENT,Abans Enterprises Ltd
VAMA,Vama Industries Ltd
SUNTECK,Sunteck Realty Ltd
BENTCOM,Bentley Commercial Enterprises Ltd
SILVERO,Silveroak Commercials Ltd
CLASELE,Classic Electricals Ltd
PRISMMEDI,Prism Medico And Pharmacy Ltd
SPVGLOBAL,Spv Global Trading Ltd
VERITAS,Veritas (India) Ltd
JAICORPLTD,Jai Corp Ltd
ZNIVITRD,Nivi Trading Ltd
ASHCAP,Ashirwad Capital Ltd
SVARTCORP,Swasti Vinayaka Art And Heritage Corporation Ltd
BAJGLOB,Bajaj Global Ltd
AVONMERC,Avon Mercantile Ltd
MMWL,Media Matrix Worldwide Ltd
TASHIND,Tashi India Ltd
AUTOINT,Autoriders International Ltd
ZSPEEDCO,Speedage Commercials Ltd
BHAGYANGR,Bhagyanagar India Ltd
SHANTAI,Shantai Industries Ltd
CHMBBRW,Chambal Breweries & Distilleries Ltd
ZMANSOON,Mansoon Trading Company Ltd
SGMART,Sg Mart Ltd
ARAVALIS,Aravali Securities & Finance Ltd
YASTF,Yash Trading & Finance Ltd
CUPIDALBV,Cupid Breweries And Distilleries Ltd
ZSHERAPR,Sheraton Properties & Finance Ltd
MAGANTR,Magnanimous Trade & Finance Ltd
CRSL,Cressanda Railway Solutions Ltd
STARTECK,Starteck Finance Ltd
SHARDUL,Shardul Securities Ltd
SERA,Sera Investments & Finance India Ltd
BENGALS,Bengal Steel Industries Ltd
IPOWER,I-Power Solutions India Ltd
UNIWSEC,Uniworth Securities Ltd
MERCTRD,Mercury Trade Links Ltd
NIRAVCOM,Nirav Commercials Ltd
WHITHAL,White Hall Commercial Company Ltd
ASUTENT,Asutosh Enterprise Ltd
APOLLOFI,Apollo Finvest India Ltd
ESQRMON,Esquire Money Guarantees Ltd
ENBETRD,Enbee Trade & Finance Ltd
GANONPRO,Ganon Products Ltd
DEVITRD,Devinsu Trading Ltd
SHRJAGP,Shri Jagdamba Polymers Ltd
LLOYDSME,Lloyds Metals And Energy Ltd
PUNCTRD,Punctual Trading Ltd
LLOYDSENT,Lloyds Enterprises Ltd
BETXIND,Betex India Ltd
VIRYA,Virya Resources Ltd
DHANCOT,Dhanlaxmi Cotex Ltd
OASISEC,Oasis Securities Ltd
GARNETINT,Garnet International Ltd
SHALPRO,Shalimar Productions Ltd
MEENST,Meenakshi Steel Industries Ltd
VARUNME,Varun Mercantile Ltd
VINVANI,Vinayak Vanijya Ltd
DONEAR,Donear Industries Ltd
SUPER,Super Sales India Ltd
VIYASH,Viyash Scientific Ltd
STCINDIA,State Trading Corporation Of India Ltd
ZENITHEXPO,Zenith Exports Ltd
KOHINOOR,Kohinoor Foods Ltd
NEELKANTH,Neelkanth Ltd
AVANTIFEED,Avanti Feeds Ltd
ZODJRDMKJ,Zodiac-Jrd-Mkj Ltd
SITAENT,Sita Enterprises Ltd
PULSRIN,Pulsar International Ltd
MANBRO,Manbro Industries Ltd
KEYFINSERV,Keynote Financial Services Ltd
ADANIENT,Adani Enterprises Ltd
ASTALLTD,Astal Laboratories Ltd
HARIAEXPO,Haria Exports Ltd
BHANDARI,Bhandari Hosiery Exports Ltd
RLF,Rlf Ltd
REGENTRP,Regent Enterprises Ltd
ORBTEXP,Orbit Exports Ltd
SAVERA,Savera Industries Ltd
CHROME,Chrome Silicon Ltd
ZJEETMAC,Jeet Machine Tools Ltd
NAVA,Nava Ltd
ZHINUDYP,Hindusthan Udyog Ltd
REMIEDEL,Remi Edelstahl Tubulars Ltd
GSAUTO,Gs Auto International Ltd
TRANSFRE,Trans Freight Containers Ltd
SBCL,Shivalik Bimetal Controls Ltd
GANDHITUBE,Gandhi Special Tubes Ltd
AMFORG,Amforge Industries Ltd
ONIXSOLAR,Onix Solar Energy Ltd
ORICONENT,Oricon Enterprises Ltd
ACROW,Acrow India Ltd
STLSTRINF,Steel Strips Infrastructures Ltd
PENIND,Pennar Industries Ltd
JYOTISTRUC,Jyoti Structures Ltd
JAYUSH,Jay Ushin Ltd
SSWL,Steel Strips Wheels Ltd
MANINDS,Man Industries (India) Ltd
IMEC,Imec Services Ltd
MDRNSTL,Modern Steels Ltd
BELDING,Belding India Ltd
GUJTLRM,Gujarat Toolroom Ltd
AJMERA,Ajmera Realty & Infra India Ltd
COCHINM,Cochin Minerals & Rutiles Ltd
INDIAHOMES,India Homes Ltd
KVFORGE,Krishanveer Forge Ltd
CARBORUNIV,Carborundum Universal Ltd
MMTC,Mmtc Ltd
VALLABHSQ,Vallabh Steels Ltd
SMFIL,Smiths & Founders (India) Ltd
BLOIN,Bloom Industries Ltd
MAITRI,Maitri Enterprises Ltd
SHAHALLOYS,Shah Alloys Ltd
ELANGO,Elango Industries Ltd
KANSHST,Kanishk Steel Industries Ltd
MAHALXSE,Mahalaxmi Seamless Ltd
SIMPLEXCAS,Simplex Castings Ltd
SSWRL,Shree Steel Wire Ropes Ltd
SIZEMASTER,Sizemasters Technology Ltd
SOUTHMG,Southern Magnesium & Chemicals Ltd
BAROEXT,Baroda Extrusion Ltd
GUJCONT,Gujarat Containers Ltd
KALYANIFRG,Kalyani Forge Ltd
PANCHMAHQ,Panchmahal Steel Ltd
ADITYA,Aditya Ispat Ltd
STEELCAS,Steelcast Ltd
PITTIENG,Pitti Engineering Ltd
GLITTEKG,Glittek Granites Ltd
PRADPME,Pradeep Metals Ltd
GNRL,Gujarat Natural Resources Ltd
TNSTLTU,Tamilnadu Steel Tubes Ltd
MSCTC,Mardia Samyoung Capillary Tubes Company Ltd
SHRDAIS,Sharda Ispat Ltd
MAHASTEEL,Mahamaya Steel Industries Ltd
NOVIS,Nova Iron & Steel Ltd
STERPOW,Sterling Powergensys Ltd
HINDCOPPER,Hindustan Copper Ltd
TULSYAN,Tulsyan Nec Ltd
AXELPOLY,Axel Polymers Ltd
NLCINDIA,Nlc India Ltd
SPECTRA,Spectra Industries Ltd
KAJARIR,Kic Metaliks Ltd
SOLIDSTON,Solid Stone Company Ltd
SHILGRAVQ,Shilp Gravures Ltd
WHITEORG,White Organic Agro Ltd
MFSINTRCRP,Mfs Intercorp Ltd
AROGRANITE,Aro Granite Industries Ltd
RUDRAECO,Rudra Ecovation Ltd
RAJKSYN,Rajkamal Synthetics Ltd
DEEPAKSP,Deepak Spinners Ltd
LOYALTEX,Loyal Textile Mills Ltd
HIMATSEIDE,Himatsingka Seide Ltd
BSL,Bsl Ltd
NEWTRAC,Newtrac Foods & Beverages Ltd
PBMPOLY,Pbm Polytex Ltd
ADINATH,Adinath Textiles Ltd
SURYALA,Suryalata Spinning Mills Ltd
TTL,T T Ltd
WELSPUNLIV,Welspun Living Ltd
INDIANACRY,Indian Acrylics Ltd
GANECOS,Ganesha Ecosphere Ltd
CEETAIN,Ceeta Industries Ltd
VARDMNPOLY,Vardhman Polytex Ltd
RISHYRN,Rishab Special Yarns Ltd
BLACKROSE,Black Rose Industries Ltd
STCORP,S & T Corporation Ltd
SUMEETINDS,Sumeet Industries Ltd
RAMGOPOLY,Ramgopal Polytex Ltd
SANGAMIND,Sangam India Ltd
TTLEL,Ttl Enterprises Ltd
MKVENTURES,Mkventures Capital Ltd
KUSHIND,Kush Industries Ltd
SRECR,Sreechem Resins Ltd
SURBHIN,Surbhi Industries Ltd
SEASONST,Seasons Textiles Ltd
ZENIFIB,Zenith Fibres Ltd
BHILSPIN,Bhilwara Spinners Ltd
VGL,Varvee Global Ltd
SANTETX,Sanrhea Technical Textiles Ltd
ASHIMASYN,Ashima Ltd
PIONEEREMB,Pioneer Embroideries Ltd
VIPPYSP,Vippy Spinpro Ltd
JAIHIND,Jaihind Industries Ltd
RAGHUSYN,Raghuvir Synthetics Ltd
JATTAINDUS,Jattashankar Industries Ltd
KAMADGIRI,Kamadgiri Fashion Ltd
OMNITEX,Omnitex Industries India Ltd
PATSPINLTD,Patspin India Ltd
ONEGLOBAL,One Global Service Provider Ltd
NEOINFRA,Neo Infracon Ltd
CCME,Ccme Global Ltd
WINSOME,Winsome Yarns Ltd
PREMIERPOL,Premier Polyfilm Ltd
EVERFIN,Everlon Financials Ltd
KRRAIL,K&R Rail Engineering Ltd
YARNSYN,Yarn Syndicate Ltd
GUJCOTEX,Gujarat Cotex Ltd
GARWSYN,Garware Synthetics Ltd
ECOHOTELS,Eco Hotels And Resorts Ltd
SARUPINDUS,Sarup Industries Ltd
OXFORDIN,Oxford Industries Ltd
MANORG,Mangalam Organics Ltd
HINDADH,Hindustan Adhesives Ltd
BPAGRI,Blue Pearl Agriventures Ltd
SRIKPRIND,Sri Kpr Industries Ltd
JYOTIRES,Jyoti Resins & Adhesives Ltd
MHLXMIRU,Mahalaxmi Rubtech Ltd
SOUTLAT,Southern Latex Ltd
WINSOMTX,Winsome Textile Industries Ltd
MODINSU,Modern Insulators Ltd
REGENCERAM,Regency Ceramics Ltd
ASAHIINDIA,Asahi India Glass Ltd
MURUDCERA,Murudeshwar Ceramics Ltd
SEKURITIND,Saint Gobain Sekurit India Ltd
ANANTRAJ,Anant Raj Ltd
MADHUDIN,Madhusudan Industries Ltd
RESTILE,Restile Ceramics Ltd
MADHAV,Madhav Marbles & Granites Ltd
HALDYNGL,Haldyn Glass Ltd
DUROPLY,Duroply Industries Ltd
SHREYANIND,Shreyans Industries Ltd
AGIOPAPER,Agio Paper & Industries Ltd
STARPAPER,Star Paper Mills Ltd
PAKKA,Pakka Ltd
TAHMARENT,Tahmar Enterprises Ltd
KSSMART,Ks Smart Technologies Ltd
NATPLY,National Plywood Industries Ltd
ARROWGREEN,Arrow Greentech Ltd
VISHNU,Vishnu Chemicals Ltd
JUMBO,Jumbo Bag Ltd
NRAIL,Nr Agarwal Industries Ltd
3PLAND,3P Land Holdings Ltd
SANPA,Sangal Papers Ltd
VENTURA,Ventura Textiles Ltd
SHKARTP,Shree Karthik Papers Ltd
STHINPA,South India Paper Mills Ltd
FAMILYCARE,Family Care Hospitals Ltd
VINDHYATEL,Vindhya Telelinks Ltd
RIR,Rir Power Electronics Ltd
ADOR,Ador Welding Ltd
IDM,International Data Management Ltd
SALZERELEC,Salzer Electronics Ltd
JETKINGQ,Jetking Infotrain Ltd
INDAGIV,Ind Agiv Commerce Ltd
APLAB,Aplab Ltd
PCS,Pcs Technology Ltd
USHAMART,Usha Martin Ltd
SPELS,Spel Semiconductor Ltd
SUBROS,Subros Ltd
EDVENSWA,Edvenswa Enterprises Ltd
PERVASIVE,Pervasive Commodities Ltd
HONAUT,Honeywell Automation India Ltd
SWITCHTE,Switching Technologies Gunther Ltd
LUMAXIND,Lumax Industries Ltd
DIGISPICE,Digispice Technologies Ltd
CALCOM,Calcom Vision Ltd
DYNAVSN,Dynavision Ltd
BCCFUBA,Bcc Fuba India Ltd
PRECISIO,Precision Electronics Ltd
FINELINE,Fine Line Circuits Ltd
HBLENGINE,Hbl Engineering Ltd
S&SPOWER,S&S Power Switchgear Ltd
RNITAI,Rnit Ai Solutions Ltd
GUJARATPOLY,Gujarat Poly Electronics Ltd
GIPCL,Gujarat Industries Power Company Ltd
MAGNUS,Magnus Steel And Infra Ltd
MOTHERSON,Samvardhana Motherson International Ltd
MODMA,Modern Malleables Ltd
MINDTECK,Mindteck (India) Ltd
HAVELLS,Havells India Ltd
ACIIN,Aci Infocom Ltd
SBECSYS,Sbec Systems India Ltd
INCAP,Incap Ltd
GUJINTRX,Gujarat Intrux Ltd
IGARASHI,Igarashi Motors India Ltd
SYMPHONY,Symphony Ltd
REGANTO,Reganto Enterprises Ltd
PANELEC,Pan Electronics India Ltd
VXLINSTR,Vxl Instruments Ltd
SHYAMTEL,Shyam Telecom Ltd
LEENEE,Lee & Nee Softwares Exports Ltd
PATELSAI,Patels Airtemp India Ltd
BUTTERFLY,Butterfly Gandhimathi Appliances Ltd
ATHENAGLO,Athena Global Technologies Ltd
NARMP,Narmada Macplast Drip Irrigation Systems Ltd
DUTRON,Dutron Polymers Ltd
RSSOFTWARE,R.S. Software (India) Ltd
MAGNAELQ,Magna Electro Castings Ltd
MARSONS,Marsons Ltd
ELNET,Elnet Technologies Ltd
ACCEL,Accel Ltd
WEBELSOLAR,Websol Energy System Ltd
ROTO,Roto Pumps Ltd
TTKPRESTIG,Ttk Prestige Ltd
DHINDIA,D & H India Ltd
RAJRATAN,Rajratan Global Wire Ltd
SURANAT&P,Surana Telecom And Power Ltd
ONWARDTEC,Onward Technologies Ltd
CENTUM,Centum Electronics Ltd
ALFATRAN,Alfa Transformers Ltd
NHCFOODS,Nhc Foods Ltd
PVP,Pvp Ventures Ltd
TRIGYN,Trigyn Technologies Ltd
KEI,Kei Industries Ltd
KEERTHI,Keerthi Industries Ltd
SRICC,Sri Chakra Cement Ltd
SURAJ,Suraj Products Ltd
APCL,Anjani Portland Cement Ltd
MODINATUR,Modi Naturals Ltd
PRSNTIN,Prashant India Ltd
TASTYBITE,Tasty Bite Eatables Ltd
RITESHIN,Ritesh International Ltd
AVTNPL,Avt Natural Products Ltd
HNDFDS,Hindustan Foods Ltd
NAHARINDUS,Nahar Industrial Enterprises Ltd
VADILENT,Vadilal Enterprises Ltd
VADILALIND,Vadilal Industries Ltd
ASHAI,Ashiana Agro Industries Ltd
ADFFOODS,Adf Foods Ltd
RGRL,Retro Green Revolution Ltd
WILLIMFI,Williamson Financial Services Ltd
AJANTSOY,Ajanta Soya Ltd
WILLAMAGOR,Williamson Magor & Company Ltd
KISAAN,Kisaan Parivar Industries Ltd
SIEL,Superior Industrial Enterprises Ltd
SPTRSHI,Saptarishi Agro Industries Ltd
PRIMAGR,Prima Agro Ltd
TARAI,Tarai Foods Ltd
MODAIRY,Modern Dairies Ltd
BAMBINO,Bambino Agro Industries Ltd
PRIMIND,Prime Industries Ltd
VIKASWSP,Vikas Wsp Ltd
VSFPROJ,Vsf Projects Ltd
BANSTEA,Bansisons Tea Industries Ltd
POONADAL,Poona Dal & Oil Industries Ltd
TRANSFD,Transglobe Foods Ltd
ANIKINDS,Anik Industries Ltd
SHINDL,Sharat Industries Ltd
DATIWARE,Datiware Maritime Infra Ltd
KMGMILK,Kmg Milk Food Ltd
KSE,Kse Ltd
VIRATCRA,Virat Crane Industries Ltd
IBINFO,Ib Infotech Enterprises Ltd
AMBARPIL,Ambar Protein Industries Ltd
CHORDIA,Chordia Food Products Ltd
CIANAGRO,Cian Agro Industries & Infrastructure Ltd
OMEAG,Omega Ag-Seeds Punjab Ltd
TAIIND,Tai Industries Ltd
NKIND,Nk Industries Ltd
BKV,Bkv Industries Ltd
NCCBLUE,Ncc Bluewater Products Ltd
NORBTEAEXP,Norben Tea & Exports Ltd
ASIANTNE,Asian Tea & Exports Ltd
HERITGFOOD,Heritage Foods Ltd
SIMRAN,Simran Farms Ltd
HINDUST,Hindustan Agrigenetics Ltd
CCL,Ccl Products (India) Ltd
KELLTONTEC,Kellton Tech Solutions Ltd
SURFI,Suryo Foods & Industries Ltd
INTEGFD,Integrated Proteins Ltd
LAKESHORE,Lake Shore Realty Ltd
RICOAUTO,Rico Auto Industries Ltd
OMAXAUTO,Omax Autos Ltd
MUNJALSHOW,Munjal Showa Ltd
JAMNAAUTO,Jamna Auto Industries Ltd
TVSHLTD,Tvs Holdings Ltd
JTEKTINDIA,Jtekt India Ltd
MUNJALAU,Munjal Auto Industries Ltd
JAYBARMARU,Jay Bharat Maruti Ltd
RACLGEAR,Racl Geartech Ltd
SAMKRG,Samkrg Pistons & Rings Ltd
ECSTSTL,Eastcoast Steel Ltd
SICALLOG,Sical Logistics Ltd
RATNAMANI,Ratnamani Metals & Tubes Ltd
VESUVIUS,Vesuvius India Ltd
ASAL,Automotive Stampings And Assemblies Ltd
ARCEEIN,Arcee Industries Ltd
ABCINDQ,Abc India Ltd
BALTE,Balurghat Technologies Ltd
COARO,Coastal Roadways Ltd
SIBARAUT,Sibar Auto Parts Ltd
TRANSWORLD,Transworld Shipping Lines Ltd
STARLOG,Starlog Enterprises Ltd
SHVSUIT,Shiva Suitings Ltd
TITANIN,Titan Intech Ltd
EUROTEXIND,Eurotex Industries And Exports Ltd
ICIL,Indo Count Industries Ltd
MARALOVER,Maral Overseas Ltd
SOMATEX,Soma Textiles & Industries Ltd
SOURCEIND,Source Industries (India) Ltd
ADVLIFE,Advance Lifestyles Ltd
KAKTEX,Kakatiya Textiles Ltd
OCTAVE,Perfect-Octave Media Projects Ltd
TRIDENT,Trident Ltd
HISARSP,Hisar Spinning Mills Ltd
ALOKINDS,Alok Industries Ltd
PASARI,Pasari Spinning Mills Ltd
AMARJOTHI,Amarjothi Spinning Mills Ltd
OLYMPTX,Olympia Industries Ltd
NAGREEKEXP,Nagreeka Exports Ltd
SUDTIND-B,Suditi Industries Ltd
SBFL,Shree Bhavya Fabrics Ltd
GEMSPIN,Gem Spinners India Ltd
EUREKAI,Eureka Industries Ltd
ADITYASP,Aditya Spinners Ltd
PRIMEURB,Prime Urban Development India Ltd
DHANFAB,Dhanlaxmi Fabrics Ltd
SLSTLQ,Sri Lakshmi Saraswathi Textiles Arni Ltd
ZODIACLOTH,Zodiac Clothing Company Ltd
MAXGROW,Maxgrow India Ltd
SRMCL,Sri Ramakrishna Mills Coimbatore Ltd
SUPERSPIN,Super Spinning Mills Ltd
SILINV,Sil Investments Ltd
SURYALAXMI,Suryalakshmi Cotton Mills Ltd
SAMTEX,Samtex Fashions Ltd
CITYMAN,Cityman Ltd
DHANROTO,Dhanalaxmi Roto Spinners Ltd
DAMODARIND,Damodar Industries Ltd
SANBLUE,Sanblue Corporation Ltd
UNIROYAL,Uniroyal Industries Ltd
TATIAGLOB,Tatia Global Vennture Ltd
SUNILTX,Sunil Industries Ltd
SRINACHA,Sri Nachammai Cotton Mills Ltd
BGDL,Bharat Global Developers Ltd
SAMBANDAM,Sambandam Spinning Mills Ltd
MKPMOB,Mkp Mobility Ltd
PARASPETRO,Paras Petrofils Ltd
KITEX,Kitex Garments Ltd
CRANEX,Cranex Ltd
BATLIBOI,Batliboi Ltd
AUSTENG,Austin Engineering Company Ltd
UNIDT,United Drilling Tools Ltd
FLUIDOM,Fluidomat Ltd
EMAINDIA,Ema India Ltd
WINDMACHIN,Windsor Machines Ltd
SHANTIGEAR,Shanthi Gears Ltd
MIVENMACH,Miven Machine Tools Ltd
HONDAPOWER,Honda India Power Products Ltd
HITECHGEAR,The Hi-Tech Gears Ltd
ELGIEQUIP,Elgi Equipments Ltd
UVDRHOR,United Van Der Horst Ltd
KLBRENG-B,Kilburn Engineering Ltd
BIRLAPREC,Birla Precision Technologies Ltd
YUKEN,Yuken India Ltd
TIMKEN,Timken India Ltd
VOITHPAPR,Voith Paper Fabrics India Ltd
ARTSON,Artson Ltd
SOLIMAC,Solitaire Machine Tools Ltd
DIACABS,Diamond Power Infrastructure Ltd
INDSILHYD,Indsil Hydro Power And Manganese Ltd
ITL,Itl Industries Ltd
FRONTSP,Frontier Springs Ltd
PRAJIND,Praj Industries Ltd
RASANDIK,Rasandik Engineering Industries India Ltd
YOGISUNG,Yogi Sungwon (India) Ltd
HLEGLAS,Hle Glascoat Ltd
GUJAPOLLO,Gujarat Apollo Industries Ltd
TANAA,Taneja Aerospace & Aviation Ltd
CONART,Conart Engineers Ltd
MINALIND,Minal Industries Ltd
SHIVAGR,Shivagrico Implements Ltd
MMFL,Mm Forgings Ltd
MAYURUNIQ,Mayur Uniquoters Ltd
CENLUB,Cenlub Industries Ltd
RAJOOENG,Rajoo Engineers Ltd
DOLPHIN,Dolphin Offshore Enterprises (India) Ltd
VJLAXMIE,Veejay Lakshmi Engineering Works Ltd
AHMDSTE,Ahmedabad Steelcraft Ltd
GVTD,Ge Vernova T&D India Ltd
RAMRAT,Ram Ratna Wires Ltd
JAYNECOIND,Jayaswal Neco Industries Ltd
KPIL,Kalpataru Projects International Ltd
NMSGLOBAL,Nms Global Ltd
CANDOUR,Candour Techtex Ltd
TIGLOB,T & I Global Ltd
CONTROLPR,Control Print Ltd
BEMHY,Bemco Hydraulics Ltd
ANSALBU,Ansal Buildwell Ltd
WEIZMANIND,Weizmann Ltd
BNRSEC,Bn Rathi Securities Ltd
RISHITECH,Rishi Techtex Ltd
SINCLAIR,Sinclairs Hotels Ltd
SAFARI,Safari Industries India Ltd
ADSDIAG,A D S Diagnostics Ltd
ZBINTXPP,Binayak Tex Processors Ltd
JJFINCOR,Jj Finance Corporation Ltd
COSMOFE,Cosmo Ferrites Ltd
CROPSTER,Cropster Agro Ltd
FUTURSEC,Futuristic Securities Ltd
SANCTRN,Sanco Trans Ltd
THRIVE,Thrive Future Habitats Ltd
EIHAHOTELS,Eih Associated Hotels Ltd
MEDICAPQ,Medi Caps Ltd
FOSECOC,Foseco Crucible (India) Ltd
BAPACK,B&A Packaging India Ltd
KOKUYOCMLN,Kokuyo Camlin Ltd
BHARATSE,Bharat Seats Ltd
CONTPTR,Continental Petroleums Ltd
NBFOOT,Nb Footwear Ltd
MACPLASQ,Machino Plastics Ltd
PEARLPOLY,Pearl Polymers Ltd
VENKEYS,Venkys (India) Ltd
ADVANIHOTR,Advani Hotels & Resorts (India) Ltd
SUPERHOUSE,Superhouse Ltd
RAMAVISION,Rama Vision Ltd
TCPLPACK,Tcpl Packaging Ltd
SHRIGANG,Shri Gang Industries & Allied Products Ltd
PURITY,Purity Flexpack Ltd
BALMLAWRIE,Balmer Lawrie & Company Ltd
KOVAI,Kovai Medical Center & Hospital Ltd
ELDEHSG,Eldeco Housing & Industries Ltd
MICROSE,Microse India Ltd
STDSHOE,Standard Shoe Sole And Mould (India) Ltd
DCMSHRIRAM,Dcm Shriram Ltd
DCMSRIND,Dcm Shriram Industries Ltd
MAWANASUG,Mawana Sugars Ltd
MINID,Mini Diamonds India Ltd
MAHAPEXLTD,Maha Rashtra Apex Corporation Ltd
NILKAMAL,Nilkamal Ltd
HOM,Homre Ltd
NAHARPOLY,Nahar Polyfilms Ltd
3MINDIA,3M India Ltd
BOSCH-HCIL,Bosch Home Comfort India Ltd
JMFINANCIL,Jm Financial Ltd
ADCINDIA,Adc India Communications Ltd
TNTELE,Tamilnadu Telecommunications Ltd
SUNRAJDI,Sunraj Diamond Exports Ltd
RIIL,Reliance Industrial Infrastructure Ltd
SHARP,Sharp India Ltd
LINDEINDIA,Linde India Ltd
INDBNK,Ind Bank Housing Ltd
JAIMATAG,Jai Mata Glass Ltd
LOTUSCHO,Lotus Chocolate Company Ltd
PACIFICI,Pacific Industries Ltd
CMMHOSP,Chennai Meenakshi Multispeciality Hospital Ltd
UNIOFFICE,Universal Office Automation Ltd
APMIN,Apm Industries Ltd
PRECWIRE,Precision Wires India Ltd
KRYPTONQ,Krypton Industries Ltd
SWISSMLTRY,Swiss Military Consumer Goods Ltd
MARBU,Martin Burn Ltd
FEL,Future Enterprises Ltd
INDTONER,Indian Toners & Developers Ltd
KUNSTOFF,Kunststoffe Industries Ltd
SCI,Shipping Corporation Of India Ltd
SIKA,Sika Interplant Systems Ltd
ITI,Iti Ltd
DREDGECORP,Dredging Corporation Of India Ltd
PHRMASI,Phaarmasia Ltd
NFL,National Fertilizers Ltd
IPRINGLTD,Ip Rings Ltd
PIIND,Pi Industries Ltd
PLASTIBLEN,Plastiblends India Ltd
YASHINNO,Yash Innoventures Ltd
KKPLASTICK,Kkalpana Plastick Ltd
WATERBASE,Waterbase Ltd
FLEXFO,Flex Foods Ltd
GOLKUNDIA,Golkunda Diamonds & Jewellery Ltd
APCOTEXIND,Apcotex Industries Ltd
FORTISMLR,Fortis Malar Hospitals Ltd
MASTEK,Mastek Ltd
EIMCOELECO,Eimco Elecon (India) Ltd
SAYAJIHOTL,Sayaji Hotels Ltd
ASHIANA,Ashiana Housing Ltd
SVAMSOF,Svam Software Ltd
ECOBOAR,Ecoboard Industries Ltd
DVL,Dhunseri Ventures Ltd
TIHIL,Trans India House Impex Ltd
MAHEPC,Mahindra Epc Irrigation Ltd
MITSHI,Mitshi India Ltd
SHUKJEW,Shukra Jewellery Ltd
MAZDA,Mazda Ltd
VHLTD,Viceroy Hotels Ltd
SOVERDIA,Sovereign Diamonds Ltd
MENONBE,Menon Bearings Ltd
MUKATPIP,Mukat Pipes Ltd
GUJRAFFIA,Gujarat Raffia Industries Ltd
SIMPLEXINF,Simplex Infrastructures Ltd
INNOVTEC,Innovative Tech Pack Ltd
SUPTANERY,Super Tannery Ltd
CONSTRONIC,Constronics Infra Ltd
AXTEL,Axtel Industries Ltd
GRANDOAK,Grand Oak Canyons Distillery Ltd
EASTINDIA,East India Drums And Barrels Manufacturing Ltd
VRWODAR,Vr Woodart Ltd
POONAWALLA,Poonawalla Fincorp Ltd
KINGFA,Kingfa Science & Technology (India) Ltd
PATIDAR,Patidar Buildcon Ltd
RAMAPHO,Rama Phosphates Ltd
VENLONENT,Venlon Enterprises Ltd
PETPLST,Pet Plastics Ltd
POLYPLEX,Polyplex Corporation Ltd
PANIDPR,Panther Industrial Products Ltd
ALBERTDAVD,Albert David Ltd
HARLETH,Haryana Leather Chemicals Ltd
CARYSIL,Carysil Ltd
KABRAEXTRU,Kabra Extrusiontechnik Ltd
VINYLINDIA,Vinyl Chemicals (India) Ltd
PCCOSMA,Pee Cee Cosma Sope Ltd
TCMLMTD,Tcm Ltd
IOLCP,Iol Chemicals & Pharmaceuticals Ltd
KESARPE,Kesar Petroproducts Ltd
VINATIORGA,Vinati Organics Ltd
LACTOSE,Lactose India Ltd
TEEAI,Teesta Agro Industries Ltd
AARTIIND,Aarti Industries Ltd
PNTKYOR,Pentokey Organy India Ltd
WANBURY,Wanbury Ltd
RESONANCE,Resonance Specialties Ltd
GAEL,Gujarat Ambuja Exports Ltd
RCF,Rashtriya Chemicals And Fertilizers Ltd
GUJINJEC,Gujarat Inject Kerala Ltd
KOPRAN,Kopran Ltd
AIMCOPEST,Aimco Pesticides Ltd
GUJTERC,Gujarat Terce Laboratories Ltd
KABRADG,Kabra Drugs Ltd
SEYAIND,Seya Industries Ltd
JAYAGROGN,Jayant Agro Organics Ltd
BCLIND,Bcl Industries Ltd
SHHARICH,Shree Hari Chemicals Export Ltd
INDOBORAX,Indo Borax & Chemicals Ltd
AARTIDRUGS,Aarti Drugs Ltd
BODALCHEM,Bodal Chemicals Ltd
ORCHPHARMA,Orchid Pharma Ltd
VIMTALABS,Vimta Labs Ltd
BIOFILCHEM,Biofil Chemicals & Pharmaceuticals Ltd
ISHITADR,Ishita Drugs & Industries Ltd
MARKSANS,Marksans Pharma Ltd
UNIVSTAR,Universal Starch Chem Allied Ltd
AAREYDRUGS,Aarey Drugs & Pharmaceuticals Ltd
NORRIS,Norris Medicines Ltd
ASINPET,Asian Petroproducts & Exports Ltd
CAMEXLTD,Camex Ltd
EVEXIA,Evexia Lifecare Ltd
INDOEURO,Indo Euro Indchem Ltd
SYNCOMF,Syncom Formulations India Ltd
RIDDHI,Riddhi Siddhi Gluco Biols Ltd
SVCIND,Svc Industries Ltd
IPCALAB,Ipca Laboratories Ltd
KILITCH,Kilitch Drugs India Ltd
RAAJMEDI,Raaj Medisafe India Ltd
CORALAB,Coral Laboratories Ltd
TULASEEBIOE,Tulasee Bio Ethanol Ltd
BACPHAR,Bacil Pharma Ltd
KREBSBIO,Krebs Biochemicals & Industries Ltd
KMCSHIL,Kmc Speciality Hospitals (India) Ltd
LAFFANSQ,Laffans Petrochemicals Ltd
BHASKAGR,Bhaskar Agrochemicals Ltd
SUKHJITS,Sukhjit Starch & Chemicals Ltd
SHARMEH,Sharma East India Hospitals & Medical Research Ltd
NEULANDLAB,Neuland Laboratories Ltd
GAYATRIBI,Gayatri Bioorganics Ltd
PODDARMENT,Poddar Pigments Ltd
PHARMAID,Pharmaids Pharmaceuticals Ltd
VIVIDIND,Vivid Global Industries Ltd
PRIYALT,Priya Ltd
TIRUSTA,Tirupati Starch & Chemicals Ltd
HEMORGANIC,Hemo Organic Ltd
JAYSYNTH,Jaysynth Orgochem Ltd
AEONXDIGI,Aeonx Digital Technology Ltd
AKSHARCHEM,Aksharchem India Ltd
BANDARAM,Bandaram Pharma Packtech Ltd
ADLINE,Adline Chem Lab Ltd
BERLDRG,Beryl Drugs Ltd
INDXTRA,Iel Ltd
ISTRNETWK,Istreet Network Ltd
GAGAN,Gagan Gases Ltd
PARKERAC,Parker Agrochem Exports Ltd
SHUKRAPHAR,Shukra Pharmaceuticals Ltd
ALUFLUOR,Alufluoride Ltd
OXYGENTAPH,Oxygenta Pharmaceutical Ltd
ARCHITORG,Archit Organosys Ltd
SIKOZY,Sikozy Realtors Ltd
INDOAMIN,Indo Amines Ltd
NATCAPSUQ,Natural Capsules Ltd
WELCURE,Welcure Drugs & Pharmaceuticals Ltd
BIBCL,Bharat Immunologicals & Biologicals Corporation Ltd
SOTL,Savita Oil Technologies Ltd
HESTERBIO,Hester Biosciences Ltd
KABSON,Kabsons Industries Ltd
BASANTGL,Basant Agro Tech India Ltd
SANDUPHQ,Sandu Pharmaceuticals Ltd
NACLIND,Nacl Industries Ltd
VISTAPH,Vista Pharmaceuticals Ltd
SUNPHARMA,Sun Pharmaceutical Industries Ltd
TITANBIO,Titan Biotech Ltd
JENBURPH,Jenburkt Pharmaceuticals Ltd
HIKAL,Hikal Ltd
CAPLIPOINT,Caplin Point Laboratories Ltd
FISCHER,Fischer Medical Ventures Ltd
LINKPH,Link Pharma Chem Ltd
DECIPHER,Decipher Labs Ltd
EMMESSA,Emmessar Biotech & Nutrition Ltd
NGLFINE,Ngl Fine Chem Ltd
EVERESTO,Everest Organics Ltd
AUROPHARMA,Aurobindo Pharma Ltd
PHYTO,Phyto Chem India Ltd
NATCOPHARM,Natco Pharma Ltd
DYNAMIND,Dynamic Industries Ltd
PANAMAPET,Panama Petrochem Ltd
BALPHARMA,Bal Pharma Ltd
BDH,Bdh Industries Ltd
JAUSPOL,Jauss Polymers Ltd
GLOBUSCON,Globus Constructors & Developers Ltd
CUBEXTUB,Cubex Tubings Ltd
POLYCHMP,Polymechplast Machines Ltd
STELLANT,Stellant Securities (India) Ltd
GALXBRG,Galaxy Bearings Ltd
VINRKLB,Rekvina Laboratories Ltd
SCAGRO,Sc Agrotech Ltd
RALEGRA,Ravileela Granites Ltd
UNRYLMA,Uniroyal Marine Exports Ltd
KARANWO,Karan Woo Sin Ltd
SHERVANI,Shervani Industrial Syndicate Ltd
BNAGROCHEM,Bn Agrochem Ltd
SUPERTEX,Supertex Industries Ltd
SHETR,Shetron Ltd
TRABI,Transgene Biotek Ltd
MPL,Mpl Plastics Ltd
NIKHILAD,Nikhil Adhesives Ltd
SPENTA,Spenta International Ltd
MULTIBASE,Multibase India Ltd
ANDREWYU,Andrew Yule & Company Ltd
LUDLOWJUT,Ludlow Jute & Specialities Ltd
ASHRAM,Ashram Online.Com Ltd
ROYALCU,Royal Cushion Vinyl Products Ltd
SURJIND,Suraj Industries Ltd
HITECHCORP,Hitech Corporation Ltd
BLOOM,Bloom Dekor Ltd
FILATEX,Filatex India Ltd
STDSFAC,Standard Surfactants Ltd
MORGAN,Morgan Ventures Ltd
AMRAPLIN,Amrapali Industries Ltd
PREMEXPLN,Premier Explosives Ltd
MIDEASTP,Mid East Portfolio Management Ltd
MOLDTECH,Mold-Tek Technologies Ltd
CRSTCHM,Crestchem Ltd
MPHASIS,Mphasis Ltd
DIVSHKT,Divyashakti Ltd
ORIENTLTD,Orient Press Ltd
ADVMULT,Advance Multitech Ltd
SHREYASI,Shreyas Intermediates Ltd
PANJON,Panjon Ltd
NIRBHAYIND,Nirbhay Colours India Ltd
DUROPACK,Duro Pack Ltd
SWARNSAR,Swarnsarita Jewels India Ltd
GANESHHOU,Ganesh Housing Ltd
NMDC,Nmdc Ltd
CINDHO,Cindrella Hotels Ltd
PATINTLOG,Patel Integrated Logistics Ltd
ALPHAGEO,Alphageo (India) Ltd
HAMPTON,Hampton Sky Realty Ltd
KKALPANAIND,Kkalpana Industries (India) Ltd
OKPLA,Ok Play India Ltd
KRITI,Kriti Industries India Ltd
WELTI,Welterman International Ltd
ASMTEC,Asm Technologies Ltd
PERFEPA,Perfectpac Ltd
AMBIT,Ambitious Plastomac Company Ltd
VISIONCINE,Vision Cinemas Ltd
AEIM,Artificial Electronics Intelligent Material Ltd
INDRANIB,Indrayani Biotech Ltd
EUROLED,Euro Leder Fashion Ltd
WINSOMBR,Winsome Breweries Ltd
ELEFLOR,Elegant Floriculture & Agrotech India Ltd
SAENTER,South Asian Enterprises Ltd
SKYIND,Sky Industries Ltd
PHOENXINTL,Phoenix International Ltd
BHUDEVI,Bhudevi Infra Projects Ltd
PRATIK,Pratik Panels Ltd
RISHIROOP,Rishiroop Ltd
PROMACT,Promact Plastics Ltd
STRGRENWO,Sterling Green Woods Ltd
SYSTMTXC,Systematix Corporate Services Ltd
SHAHISHIP,Shahi Shipping Ltd
ALPINEHOU,Alpine Housing Development Corporation Ltd
WWALUM,Worldwide Aluminium Ltd
IIRM,Iirm Holdings India Ltd
SFPIL,Square Four Projects India Ltd
SGLRES,Sgl Resources Ltd
CHOKSILA,Choksi Laboratories Ltd
CCHHL,Country Club Hospitality & Holidays Ltd
SALGUTI,Salguti Industries Ltd
MIDWEST,Midwest Gold Ltd
ENTRINT,Enterprise International Ltd
TPLPLASTEH,Tpl Plastech Ltd
WIMPLAST,Wim Plast Ltd
PHOTOQUP,Photoquip India Ltd
LIBERTSHOE,Liberty Shoes Ltd
LIPPISYS,Lippi Systems Ltd
ELECTHERM,Electrotherm (India) Ltd
BLUEDART,Blue Dart Express Ltd
EXPOEAPL,Expo Engineering And Projects Ltd
NATPLAS,National Plastic Industries Ltd
MFLINDIA,Mfl India Ltd
AJWAFUN,Ajwa Fun World & Resort Ltd
TEXELIN,Texel Industries Ltd
RAYALEMA,Royale Manor Hotels & Industries Ltd
MIRZAINT,Mirza International Ltd
TFCILTD,Tourism Finance Corporation Of India Ltd
THAKDEV,Thakkers Developers Ltd
ARENTERP,Rajdarshan Industries Ltd
BIL,Bhartiya International Ltd
KAMATHOTEL,Kamat Hotels (India) Ltd
TIRTPLS,Tirth Plastic Ltd
KEEPLEARN,Dsj Keep Learning Ltd
ECOPLAST,Ecoplast Ltd
ELEMARB,Elegant Marbles & Grani Industries Ltd
BITS,Bits Ltd
ADARSHPL,Adarsh Plant Protect Ltd
HPBL,Hcp Plastene Bulkpack Ltd
NICCOPAR,Nicco Parks & Resorts Ltd
NTCIND,Ntc Industries Ltd
SANDESH,Sandesh Ltd
GARNET,Garnet Construction Ltd
GOLDIAM,Goldiam International Ltd
BRIGHTBR,Bright Brothers Ltd
SHAWGELTIN,Narmada Gelatines Ltd
PGFOILQ,Pg Foils Ltd
GRATEXI,Gratex Industries Ltd
VELHO,Velan Hotels Ltd
HOWARHO,Howard Hotels Ltd
VALIANT,Valiant Communications Ltd
DRAGARWQ,Dr Agarwals Eye Hospital Ltd
MHSGRMS,Mahasagar Travels Ltd
GREENPLY,Greenply Industries Ltd
SEAMECLTD,Seamec Ltd
RAGHUNAT,Raghunath International Ltd
CHEVIOT,Cheviot Company Ltd
DAICHI,Dai-Ichi Karkaria Ltd
RAJINFRA,Rajeswari Infrastructure Ltd
SPICEISLIN,Spice Islands Industries Ltd
CONFIPET,Confidence Petroleum India Ltd
SIPL,Shelter Infra Projects Ltd
SHAKTIPR,Shakti Press Ltd
ASHSI,Ashirwad Steels & Industries Ltd
BANARBEADS,Banaras Beads Ltd
AREXMIS,Arex Industries Ltd
BI,Bilcare Ltd
ISFL,Isf Ltd
RISHILASE,Rishi Laser Ltd
JAINCO,Jainco Projects India Ltd
KUMPFIN,Kumbhat Financial Services Ltd
INTECCAP,Intec Capital Ltd
RAJSEC,Rajasthan Securities Ltd
SIDDHEGA,Siddheswari Garments Ltd
63MOONS,63 Moons Technologies Ltd
SHIKHAR,Shikhar Consultants Ltd
SARLAPOLY,Sarla Performance Fibers Ltd
INDOCRED,Indo Credit Capital Ltd
MKTCREAT,Market Creators Ltd
HFIL,Himalaya Food International Ltd
SONALAD,Sonal Adhesives Ltd
PADMAIND,Padmanabh Industries Ltd
21STCENMGM,Twentyfirst Century Management Services Ltd
HRYNSHP,Hariyana Ship Breakers Ltd
KALIND,Kalind Ltd
VAICC,Vaishno Cement Company Ltd
TYROON,Tyroon Tea Company Ltd
LAOPALA,La Opala Rg Ltd
STYLAMIND,Stylam Industries Ltd
VENUSREM,Venus Remedies Ltd
LASTMILE,Last Mile Enterprises Ltd
GUJCRAFT,Gujarat Craft Industries Ltd
HEERAISP,Heera Ispat Ltd
DHOOTIN,Dhoot Industrial Finance Ltd
CRIMSON,Crimson Metal Engineering Company Ltd
SHBAJRG,Shri Bajrang Alliance Ltd
URJA,Urja Global Ltd
ASHAPURMIN,Ashapura Minechem Ltd
SHREEPAC,Shree Pacetronix Ltd
GUJALKALI,Gujarat Alkalies And Chemicals Ltd
INDIACEM,India Cements Ltd
JKTYRE,Jk Tyre & Industries Ltd
SIL,Standard Industries Ltd
JUBLPHARMA,Jubilant Pharmova Ltd
THEINVEST,The Investment Trust Of India Ltd
SAMYAKINT,Samyak International Ltd
AADIIND,Aadi Industries Ltd
SPARKLEGR,Sparkle Gold Rock Ltd
ACKNIT,Acknit Industries Ltd
TITANSEC,Titan Securities Ltd
REALECO,Real Eco-Energy Ltd
VIVANZA,Vivanza Biosciences Ltd
YASHRAJC,Yashraj Containeurs Ltd
LORDSHOTL,Lords Ishwar Hotels Ltd
CSLFINANCE,Csl Finance Ltd
SANGHVIMOV,Sanghvi Movers Ltd
ANTELOPUS,Antelopus Selan Energy Ltd
PURETROP,Puretrop Fruits  Ltd
FAZE3Q,Faze Three Ltd
ANUPAM,Anupam Finserv Ltd
RAJPACK,Raj Packaging Industries Ltd
PRIVISCL,Privi Speciality Chemicals Ltd
NATRAJPR,Natraj Proteins Ltd
SAMRATPH,Samrat Pharmachem Ltd
NPRFIN,Npr Finance Ltd
NILE,Nile Ltd
AMCOIND,Amco India Ltd
OPTIEMUS,Optiemus Infracom Ltd
KREONFIN,Kreon Finnancial Services Ltd
GYANDEV,Gyan Developers & Builders Ltd
KISAN,Kisan Mouldings Ltd
KERALAYUR,Kerala Ayurveda Ltd
MONGIPA,Moongipa Capital Finance Ltd
MOHITPPR,Mohit Paper Mills Ltd
DAULAT,Daulat Securities Ltd
ODYSSEY,Odyssey Technologies Ltd
RSCINT,Rsc International Ltd
SURATRAML,Surat Trade And Mercantile Ltd
ATHARVENT,Atharv Enterprises Ltd
FUNDVISER,Fundviser Capital (India) Ltd
THEMISMED,Themis Medicare Ltd
KALLAM,Kallam Textiles Ltd
BRAWN,Brawn Biotech Ltd
FORINTL,Fortune International Ltd
KINGSINFR,Kings Infra Ventures Ltd
SWOJAS,Swojas Foods Ltd
NUTRICIRCLE,Nutricircle Ltd
SUBSM,Subhash Silk Mills Ltd
AUROLAB,Auro Laboratories Ltd
KJMCFIN,Kjmc Financial Services Ltd
SUVEN,Suven Life Sciences Ltd
ARYAMAN,Aryaman Financial Services Ltd
BRIDGESE,Bridge Securities Ltd
RISAINTL,Risa International Ltd
RAJTUBE,Rajasthan Tube Manufacturing Company Ltd
KAYPOWR,Kay Power And Paper Ltd
INTSTOIL,Inter State Oil Carrier Ltd
GLOBALCA,Global Capital Markets Ltd
SAINIK,Sainik Finance & Industries Ltd
ARIGATO,Arigato Universe Ltd
RICHUNV,Rich Universe Network Ltd
QUANTDIA,Quantum Digital Vision India Ltd
SPCAPIT,Sp Capital Financing Ltd
PAOS,Paos Industries Ltd
SHRAJOI,Shree Rajiv Lochan Oil Extraction Ltd
KOTHARIPRO,Kothari Products Ltd
PICCADIL,Piccadily Agro Industries Ltd
CLSEL,Chaman Lal Setia Exports Ltd
CHANDRAP,Chandra Prabhu International Ltd
KIMIABL,Kimia Biosciences Ltd
HINDTIN,Hindustan Tin Works Ltd
GODAVARI,Godavari Drugs Ltd
PREMCO,Premco Global Ltd
MUKESHB,Mukesh Babu Financial Services Ltd
GENUSPOWER,Genus Power Infrastructures Ltd
ASIANENE,Asian Energy Services Ltd
KBSINDIA,Kbs India Ltd
PRABHHANS,Prabhhans Industries Ltd
UGARSUGAR,Ugar Sugar Works Ltd
ORIENTBELL,Orient Bell Ltd
NRBBEARING,Nrb Bearings Ltd
VAMSHIRU,Vamshi Rubber Ltd
NILAINFRA,Nila Infrastructures Ltd
DBSTOCKBRO,Db International Stock Brokers Ltd
VINYOFL,Vinyoflex Ltd
JINDCAP,Jindal Capital Ltd
EPIC,Epic Energy Ltd
SUMEDHA,Sumedha Fiscal Services Ltd
KUWERIN,Kuwer Industries Ltd
CHOKSI,Choksi Asia Ltd
ASHISHPO,Ashish Polyplast Ltd
SHIVAAGRO,Shiva Global Agro Industries Ltd
SIDDHA,Siddha Ventures Ltd
KIRANSY-B,Kiran Syntex Ltd
SUMERUIND,Sumeru Industries Ltd
RUNGTAIR,Rungta Irrigation Ltd
GTTDATA,Gtt Data Solutions Ltd
VALSONQ,Valson Industries Ltd
SABOOSOD,Saboo Sodium Chloro Ltd
GSLSEC,Gsl Securities Ltd
TINNARUBR,Tinna Rubber And Infrastructure Ltd
VIKRAMTH,Vikram Thermo India Ltd
STRATMONT,Stratmont Industries Ltd
AKCAPIT,Ak Capital Services Ltd
RELAXO,Relaxo Footwears Ltd
VIRAT,Virat Industries Ltd
RRETAIL,Rajnish Retail Ltd
TERAI,Terai Tea Company Ltd
MANRAJH,Manraj Housing Finance Ltd
COSCO,Cosco India Ltd
KENFIN,Ken Financial Services Ltd
SHILPAMED,Shilpa Medicare Ltd
PARACABLES,Paramount Communications Ltd
NCLRESE,Ncl Research & Financial Services Ltd
EXPLICITFIN,Explicit Finance Ltd
LADDERUP,Ladderup Finance Ltd
UYFINCORP,U. Y. Fincorp Ltd
EKAMLEA,Ekam Leasing & Finance Company Ltd
SWASTIKA,Swastika Investmart Ltd
PRIMAPLA,Prima Plastics Ltd
TELECANOR,Telecanor Global Ltd
JAGSONSER,Jagsonpal Services Ltd
GARGFUR,Garg Furnace Ltd
SAMPRE,Sampre Nutritions Ltd
AAIL,Akar Auto Industries Ltd
VIPULORG,Vipul Organics Ltd
ECORECO,Eco Recycling Ltd
GOODLUCK,Goodluck India Ltd
GOYALASS,Goyal Associates Ltd
ZENITHHE,Zenith Healthcare Ltd
YORKEXP,York Exports Ltd
SUPREME,Supreme Holdings & Hospitality (India) Ltd
LYKISLTD,Lykis Ltd
PRIMEPRO,Prime Property Development Corporation Ltd
ZENLABS,Zenlabs Ethica Ltd
RAJRILTD,Raj Rayon Industries Ltd
ANIRIT,Anirit Ventures Ltd
GOWRALE,Gowra Leasing & Finance Ltd
JAGANLAM,Jagan Lamps Ltd
ASITCFIN,Asit C Mehta Financial Services Ltd
ENCODE,Encode Packaging India Ltd
SUPERBAK,Super Bakers India Ltd
OVOBELE,Ovobel Foods Ltd
ACSTECH,Acs Technologies Ltd
CHALLANI,Challani Capital Ltd
CORNE,Coral Newsprints Ltd
SHENTRA,Shentracon Chemicals Ltd
STERTOOLS,Sterling Tools Ltd
AGARWAL,Agarwal Fortune India Ltd
DYNAMICP,Dynamic Portfolio Management & Services Ltd
INLANPR,Inland Printers Ltd
CEEJAY,Ceejay Finance Ltd
SUNCITYSY,Suncity Synthetics Ltd
SHGANEL,Shree Ganesh Elastoplast Ltd
ANNAINFRA,Anna Infrastructures Ltd
BHAGERIA,Bhageria Industries Ltd
OIVL,Onesource Industries And Ventures Ltd
BNRUDY,Bnr Udyog Ltd
KRBL,Krbl Ltd
SSPDL,Sspdl Ltd
DAIKAFFI,Daikaffil Chemicals India Ltd
CILSEC,Cil Securities Ltd
CLIOINFO,Clio Infotech Ltd
CUPID,Cupid Ltd
SUNSHIEL,Sunshield Chemicals Ltd
HIPOLIN,Hipolin Ltd
GDLLEAS,Gdl Leasing & Finance Ltd
CHEMBOND,Chembond Material Technologies Ltd
CIFL,Capital India Finance Ltd
ABVL,Arunjyoti Bio Ventures Ltd
SUCROSA,Super Crop Safe Ltd
NGIND,Ng Industries Ltd
ASIAPAK,Asia Pack Ltd
SICAPIT,Si Capital & Financial Services Ltd
ERPSOFT,Erp Soft Systems Ltd
RRSECUR,Rr Securities Ltd
REMSONSIND,Remsons Industries Ltd
INTETHR,Integrated Thermoplastics Ltd
RAMSONS,Ramsons Projects Ltd
HARAFIN,Haryana Financial Corporation Ltd
STANPACK,Stanpacks India Ltd
AQYLON,Aqylon Nexus Ltd
RAMINFO,Raminfo Ltd
SUNILAGR,Sunil Agro Foods Ltd
DIANATEA,Diana Tea Company Ltd
VIKASECO,Vikas Ecotech Ltd
IOC,Indian Oil Corporation Ltd
ALFAICA,Alfa Ica India Ltd
SKCIL,Shri Keshav Cements And Infra Ltd
INDIAHOME,India Home Loan Ltd
ROOPAIND,Roopa Industries Ltd
SARTHAKGL,Sarthak Global Ltd
UNIQUEO,Unique Organics Ltd
BALAMINES,Balaji Amines Ltd
SWRNASE,Swarna Securities Ltd
VENMAX,Venmax Drugs And Pharmaceuticals Ltd
ARISE,Arihants Securities Ltd
VISAGAR,Visagar Financial Services Ltd
LIBORD,Libord Securities Ltd
REGAL,Regal Entertainment & Consultants Ltd
EBIX,Eraaya Lifespaces Ltd
COMPEAU,Competent Automobiles Company Ltd
ZDHJERK,Dhanvantri Jeevan Rekha Ltd
NEELKAN,Neelkanth Rockminerals Ltd
VINTAGES,Vintage Securities Ltd
CONTILI,Contil India Ltd
VIJSOLX,Vijay Solvex Ltd
SHRIKRISH,Shri Krishna Devcon Ltd
ALANKIT,Alankit Ltd
NIHARINF,Nihar Info Global Ltd
UNITDCR,United Credit Ltd
OMINFRAL,Om Infra Ltd
CHECKPOINT,Checkpoint Trends Ltd
ISHANCH,Ishan Dyes And Chemicals Ltd
GOTHIPL,Gothi Plascon India Ltd
BALUFORGE,Balu Forge Industries Ltd
CEENIK,Ceenik Exports India Ltd
PATELENG,Patel Engineering Ltd
KATIPATANG,Kati Patang Lifestyle Ltd
INANI,Inani Marbles & Industries Ltd
GEMSI,Gemstone Investments Ltd
ELFORGE,El Forge Ltd
MEDICAMEQ,Medicamen Biotech Ltd
ALICON,Alicon Castalloy Ltd
DILIGENT,Diligent Industries Ltd
EPSOMPRO,Epsom Properties Ltd
ALFAVIO,Alfavision Overseas India Ltd
ORGCOAT,Organic Coatings Ltd
CATVISION,Catvision Ltd
ABMKNO,Abm Knowledgeware Ltd
EMAMILTD,Emami Ltd
KEMISTAR,Kemistar Corporation Ltd
ASSOCER,Associated Ceramics Ltd
SKPSEC,Skp Securities Ltd
SYSCHEM,Syschem India Ltd
MEFCOMCAP,Mefcom Capital Markets Ltd
HEMANG,Hemang Resources Ltd
ARMANFIN,Arman Financial Services Ltd
EFORU,Eforu Entertainment Ltd
GLANCE,Glance Finance Ltd
SHILCTECH,Shilchar Technologies Ltd
TRADEWELL,Tradewell Holdings Ltd
SPRIGHT,Spright Agro Ltd
NUCLEUS,Nucleus Software Exports Ltd
COLINZ,Colinz Laboratories Ltd
NLFL,Nalin Lease Finance Ltd
MANAPPURAM,Manappuram Finance Ltd
RTSPOWR,Rts Power Corporation Ltd
COMFINTE,Comfort Intech Ltd
SHYAMACOMP,Shyama Computronics And Services Ltd
MAYURFL,Mayur Floorings Ltd
ANJANI,Anjani Synthetics Ltd
XTGLOBAL,Xtglobal Infotech Ltd
DECOMIC,Deco Mica Ltd
RANDER,Rander Corporation Ltd
RASIELEC,Rasi Electrodes Ltd
SCOOBEEDAY,Scoobee Day Garments (India) Ltd
CITIPOR,Citi Port Financial Services Ltd
DHRUVCA,Dhruva Capital Services Ltd
LINC,Linc Ltd
PRIMAIN,Prima Industries Ltd
INDGELA,India Gelatine & Chemicals Ltd
OPTIFIN,Optimus Finance Ltd
PARAGONF,Paragon Finance Ltd
PRATIKSH,Pratiksha Chemicals Ltd
EQUILATERA,Equilateral Enterprises Ltd
VSTTILLERS,Vst Tillers Tractors Ltd
B2BSOFT,B2B Software Technologies Ltd
RADHEDE,Radhe Developers India Ltd
KINETRU,Kinetic Trust Ltd
ELIXIR,Elixir Capital Ltd
TRISHAKT,Trishakti Industries Ltd
PANKAJPO,Pankaj Polymers Ltd
MARBLE,Marble City India Ltd
CINDRELL,Cindrella Financial Services Ltd
ADHHATA,Adhata Global Ltd
NATPLASTI,National Plastic Technologies Ltd
LEADFIN,Lead Financial Services Ltd
NATFIT,National Fittings Ltd
ARTEFACT,Artefact Projects Ltd
TUSALDAH,Tusaldah Ltd
NUTECGLOB,Nutech Global Ltd
DHPIND,Dhp India Ltd
RRIL,Rril Ltd
AVAILFC,Available Finance Ltd
INTCAPL,Integra Capital  Ltd
MGIL,Maruti Global Industries Ltd
HAVISHA,Sri Havisha Hospitality And Infrastructure Ltd
JAYIND,Jayatma Industries Ltd
ROSELABS,Roselabs Finance Ltd
KRETTOSYS,Kretto Syscon Ltd
VIKALPS,Vikalp Securities Ltd
ZYDUSWELL,Zydus Wellness Ltd
MILESTONE,Milestone Global Ltd
BERVINL,Bervin Investment & Leasing Ltd
GUJINV,Gujarat Investa Ltd
CONCOR,Container Corporation Of India Ltd
EASTRED,Eastern Treads Ltd
PANACEABIO,Panacea Biotec Ltd
PEETISEC,Peeti Securities Ltd
MERCURYEV,Mercury Ev-Tech Ltd
CHOICEIN,Choice International Ltd
SRAMSET,Shriram Asset Management Company Ltd
GOLECHA,Golechha Global Finance Ltd
EKANSH,Ekansh Concepts Ltd
SPAR,Sparc Electrex Ltd
BYKE,The Byke Hospitality Ltd
CSURGSU,Centenial Surgical Suture Ltd
ARIHANT,Arihant Foundations & Housing Ltd
HASTIFIN,Hasti Finance Ltd
UPSURGE,Upsurge Investment & Finance Ltd
PADAMCO,Padam Cotton Yarns Ltd
WOMENNET,Women Networks Ltd
POLYCON,Polycon International Ltd
SOURCENTRL,Source Natural Foods And Herbal Supplements Ltd
GGAUTO,Gg Automotive Gears Ltd
ALMONDZ,Almondz Global Securities Ltd
LWSKNIT,Lws Knitwear Ltd
TUNITEX,Tuni Textile Mills Ltd
RADIXIND,Radix Industries (India) Ltd
KIRANPR,Kiran Print Pack Ltd
NARPROP,Narendra Properties Ltd
MEGACOR,Mega Corporation Ltd
TNPL,Tamil Nadu Newsprint & Papers Ltd
SHAKTIPUMP,Shakti Pumps India Ltd
SYTIXSE,Systematix Securities Ltd
SUNGOLD,Sungold Capital Ltd
SAFFRON,Saffron Industries Ltd
PWASML,Prakash Woollen & Synthetic Mills Ltd
GOLDTECH,Aion-Tech Solutions Ltd
LYONSCO,Lyons Corporate Market Ltd
GRMOVER,Grm Overseas Ltd
MOHITIND,Mohit Industries Ltd
POLYLINK,Polylink Polymers India Ltd
MINAXI,Minaxi Textiles Ltd
BOSTON,Boston Commerce Ltd
CONTICON,Continental Controls Ltd
GBLINFRA,Global Infratech & Finance Ltd
NOUVEAU,Nouveau Global Ventures Ltd
DUKEOFS,Duke Offshore Ltd
CYBELEIND,Cybele Industries Ltd
FILME,Filmcity Media Ltd
CGVAK,Cg Vak Software & Exports Ltd
NAVKARURB,Navkar Urbanstructure Ltd
BLUECOAST,Blue Coast Hotels Ltd
MADHUCON,Madhucon Projects Ltd
SYBLY,Sybly Industries Ltd
RAJESHEXPO,Rajesh Exports Ltd
ESARIND,Esaar India Ltd
MARIS,Maris Spinners Ltd
INDERGR,Indergiri Finance Ltd
SKRABUL,Shukra Bullions Ltd
EVEREADY,Eveready Industries India Ltd
STEP2COR,Step Two Corporation Ltd
ORIENTTR,Orient Tradelink Ltd
VIKASPROP,Vikas Proppant & Granite Ltd
DESHRAK,Desh Rakshak Aushdhalaya Ltd
ACESOFT,Ace Software Exports Ltd
SOFTRAKV,Softrak Venture Investment Ltd
HATSUN,Hatsun Agro Product Ltd
ACCEDERE,Accedere Ltd
MIZVEN,Mizzen Ventures Ltd
RISHDIGA,Rishabh Digha Steel & Allied Products Ltd
MAINFRA,Maruti Infrastructure Ltd
JINDWORLD,Jindal Worldwide Ltd
SOMANYCERA,Somany Ceramics Ltd
JHACC,Jhaveri Credits & Capital Ltd
RAGHUTOB,Raghunath Tobacco Company Ltd
DRL,Disha Resources Ltd
CORALFINAC,Coral India Finance & Housing Ltd
AMITSEC,Amit Securities Ltd
PUSHPIN,Pushpsons Industries Ltd
ASHUTPM,Ashutosh Paper Mills Ltd
SANJIVIN,Sanjivani Paranteral Ltd
RANJITSE,Ranjit Securities Ltd
VASINFRA,Vas Infrastructure Ltd
KMFBLDR,Kmf Builders & Developers Ltd
BERYLSE,Beryl Securities Ltd
RAP,Rap Corp Ltd
DEVINE,Devine Impex Ltd
BAMPSL,Bampsl Securities Ltd
GENPHARMA,Genpharmasec Ltd
INCON,Incon Engineers Ltd
CGCL,Capri Global Capital Ltd
MIDPOLY,Midland Polymers Ltd
FDC,Fdc Ltd
GOGIACAPGL,Gogia Capital Growth Ltd
GORANIN,Gorani Industries Ltd
KGPETRO,Kg Petrochem Ltd
UFMINDL,Ufm Industries Ltd
STARCOM,Starcom Information Technology Ltd
COUNCODOS,Country Condos Ltd
OROSMITHS,Orosil Smiths India Ltd
TEJASSVI,Tejassvi Aaharam Ltd
LINCOLN,Lincoln Pharmaceuticals Ltd
SILVOAK,Silver Oak India Ltd
PRAVEG,Praveg Ltd
SURAJLTD,Suraj Ltd
SICL,Suvidha Infraestate Corporation Ltd
MARICO,Marico Ltd
TOKYOFIN,Tokyo Finance Ltd
NATGENI,National General Industries Ltd
UVS,Uvs Hospitality And Services Ltd
ABATEAS,Abate As Industries Ltd
HITTCO,Hittco Tools Ltd
YUVRAAJHPL,Yuvraaj Hygiene Products Ltd
RRMETAL,Rr Metalmakers India Ltd
VISIONCO,Vision Corporation Ltd
KARNAWATI,Karnawati Innovation Ltd
INANISEC,Inani Securities Ltd
ANKIN,Anka India Ltd
EMROCK,Emrock Corporation Ltd
MAYUR,Mayur Leather Products Ltd
AMERISE,Amerise Biosciences Ltd
FRONTFN,Frontline Financial Services Ltd
PRITHVIEXCH,Prithvi Exchange (India) Ltd
KHYATI,Khyati Multimedia Entertainment Ltd
RAINBOWF,Rainbow Foundations Ltd
VSDCONF,Vsd Confin Ltd
TRICOMFRU,Tricom Fruit Products Ltd
VIDHIING,Vidhi Specialty Food Ingredients Ltd
BHAGCHEM,Bhagiradha Chemicals & Industries Ltd
GATECH,Gacm Technologies Ltd
PANCHSHEEL,Panchsheel Organics Ltd
MENNPIS,Menon Pistons Ltd
PRISMFN,Prism Finance Ltd
GREENCREST,Greencrest Financial Services Ltd
GENNEX,Gennex Laboratories Ltd
HIRAUTO,Hira Automobiles Ltd
GINISILK,Gini Silk Mills Ltd
PRAENG,Prajay Engineers Syndicate Ltd
BIOGEN,Biogen Pharmachem Industries Ltd
GKCONS,Gk Consultants Ltd
APOLLOPIPE,Apollo Pipes Ltd
UNJHAFOR,Unjha Formulations Ltd
POLYMED,Poly Medicure Ltd
PFLINFOTC,Pfl Infotech Ltd
SHRADDHA,Shraddha Prime Projects Ltd
KACHCHH,Kachchh Minerals Ltd
PADALPO,Padmanabh Alloys & Polymers Ltd
KACL,Kaiser Corporation Ltd
KCLINFRA,Kcl Infra Projects Ltd
ATULAUTO,Atul Auto Ltd
SCANPRO,Scan Projects Ltd
PRERINFRA,Prerna Infrabuild Ltd
METALCO,Metal Coatings India Ltd
SGNTE,Sgn Telecoms Ltd
GANGAPA,Ganga Papers India Ltd
TIRSARJ,Tirupati Sarjan Ltd
MUNOTHFI,Munoth Financial Services Ltd
RODIUM,Rodium Realty Ltd
NATHUEC,Natura Hue Chem Ltd
IECEDU,Iec Education Ltd
INDUSFINL,Indus Finance Ltd
LAHOTIOV,Lahoti Overseas Ltd
ZENITHSTL,Zenith Steel Pipes & Industries Ltd
TRINITYLEA,Trinity League India Ltd
ASTAR,Asian Star Company Ltd
ORIRAIL,Oriental Rail Infrastructure Ltd
JOINDRE,Joindre Capital Services Ltd
BHARATAGRI,Bharat Agri Fert & Realty Ltd
UNITINT,Unitech International Ltd
SACHEMT,Sacheta Metals Ltd
POPULARES,Popular Estate Management Ltd
ANJANIFIN,Anjani Finance Ltd
SVAINDIA,Sva India Ltd
REXNORD,Rexnord Electronics & Controls Ltd
NWIL,Nurture Well Industries Ltd
KHANDSE,Khandwala Securities Ltd
SAWACA,Sawaca Enterprises Ltd
CCLINTER,Ccl International Ltd
GALLOPENT,Gallops Enterprise Ltd
CROISSANCE,Croissance Ltd
JOJO,Jojo Ltd
GALAGEX,Galaxy Agrico Exports Ltd
GOPAIST,Gopal Iron & Steels Company Gujarat Ltd
HINDAPL,Hindustan Appliances Ltd
AGARIND,Agarwal Industrial Corporation Ltd
DHAMPURE,Dhampure Specialty Sugars Ltd
SHAQUAK,Shantanu Sheorey Aquakult Ltd
GOLCA,Golden Carpets Ltd
SARTHAKIND,Sarthak Industries Ltd
SAICAPI,Sai Capital Ltd
BLUECHIP,Blue Chip India Ltd
LEXORAA,Lexoraa Industries Ltd
CHADPAP,Chadha Papers Ltd
VERTEX,Vertex Securities Ltd
RIBATEX,Riba Textiles Ltd
NEWINFRA,Newtime Infrastructure Ltd
SHREMETAL,Shree Metalloys Ltd
IITLPROJ,Iitl Projects Ltd
HARIGOV,Hari Govind International Ltd
CHLOGIST,Chartered Logistics Ltd
AMBIKCO,Ambika Cotton Mills Ltd
HINDALUMI,Hind Aluminium Industries Ltd
SPECFOOD,Spectrum Foods Ltd
DECPO,Deccan Polypacks Ltd
AMRAAGRI,Amraworld Agrico Ltd
AUTOPINS,Auto Pins (India) Ltd
ODYCORP,Odyssey Corporation Ltd
IKOMA,Ikoma Technologies Ltd
INDCTST,Inducto Steel Ltd
SAMINDUS,Sam Industries Ltd
SHVFL,Shree Vatsaa Finance & Leasing Ltd
POOJAENT,Vashu Bhagnani Industries Ltd
GRAVITY,Gravity India Ltd
ESPIRE,Espire Hospitality Limited
LCCINFOTEC,Lcc Infotech Ltd
FILATFASH,Filatex Fashions Ltd
AARCON,Aarcon Facilities Ltd
SINDHUTRAD,Sindhu Trade Links Ltd
ZENOTECH,Zenotech Laboratories Ltd
HINDBIO,Hindustan Bio Sciences Ltd
FRONTCORP,Frontline Corporation Ltd
SWELECTES,Swelect Energy Systems Ltd
WALLFORT,Wallfort Financial Services Ltd
KDDL,Kddl Ltd
TRUSTEDGE,Trustedge Capital Ltd
ABHICAP,Abhinav Capital Services Ltd
3BBLACKBIO,3B Blackbio Dx Ltd
SUMUKA,Sumuka Agro Industries Ltd
MONIND,Monind Ltd
SHKALYN,Shri Kalyan Holdings Ltd
ATVOENT,Atvo Enterprises Ltd
EPUJA,Epuja Spiritech Ltd
INDOCITY,Indo City Infotech Ltd
SBECSUG,Sbec Sugar Ltd
BRIJLEAS,Brijlaxmi Leasing & Finance Ltd
BSELALGO,Bsel Algo Ltd
RELIABVEN,Reliable Ventures India Ltd
TRIUMPIN,Triumph International Finance India Ltd
BANKBARODA,Bank Of Baroda
SMCREDT,Smc Credits Ltd
MOHITE,Mohite Industries Ltd
ACL,Andhra Cements Ltd
SKMEGGPROD,Skm Egg Products Export (India) Ltd
WELCORP,Welspun Corp Ltd
HOTLSILV,H S India Ltd
BANKINDIA,Bank Of India
INDRAMEDCO,Indraprastha Medical Corporation Ltd
JOHNPHARMA,Johnson Pharmacare Ltd
GAIL,Gail (India) Ltd
VAIBHAVGBL,Vaibhav Global Ltd
TRESCON,Trescon Ltd
GUJSTATFIN,Gujarat State Financial Corporation
JKPAPER,Jk Paper Ltd
SAREGAMA,Saregama India Ltd
OMKARPH,Omkar Pharmachem Ltd
ADROITINFO,Adroit Infotech Ltd
CYBERTECH,Cybertech Systems And Software Ltd
ICICIBANK,Icici Bank Ltd
CYIENT,Cyient Ltd
ENGINERSIN,Engineers India Ltd
DHANBANK,Dhanlaxmi Bank Ltd
GMDCLTD,Gujarat Mineral Development Corporation Ltd
GAYATRI,Gayatri Sugars Ltd
INDUSINDBK,Indusind Bank Ltd
ITDC,India Tourism Development Corporation Ltd
J&KBANK,Jammu & Kashmir Bank Ltd
CUB,City Union Bank Ltd
ARCHIES,Archies Ltd
AXISBANK,Axis Bank Ltd
HBSL,Hb Stockholdings Ltd
CMXLTD,Cmx Holdings Ltd
SOUTHBANK,South Indian Bank Ltd
ENERGYDEV,Energy Development Company Ltd
SONATSOFTW,Sonata Software Ltd
BENGALT,Bengal Tea & Fabrics Ltd
NATIONALUM,National Aluminium Company Ltd
INDNIPPON,India Nippon Electricals Ltd
NSIL,Nalwa Sons Investments Ltd
APARINDS,Apar Industries Ltd
TCIIND,Tci Industries Ltd
ACCELYA,Accelya Solutions India Ltd
ORCHASP,Orchasp Ltd
LANDMARC,Landmarc Leisure Corporation Ltd
HCLTECH,Hcl Technologies Ltd
TCFCFINQ,Tcfc Finance Ltd
GEOJITFSL,Geojit Financial Services Ltd
JINDALSTEL,Jindal Steel Ltd
BLBLIMITED,Blb Ltd
GLENMARK,Glenmark Pharmaceuticals Ltd
WOCKPHARMA,Wockhardt Ltd
INTEGHIT,Integrated Hitech Ltd
KJMCCORP,Kjmc Corporate Advisors (India) Ltd
INDSWFTLAB,Ind-Swift Laboratories Ltd
GVPIL,Ge Power India Ltd
SHREERAMA,Shree Rama Multi-Tech Ltd
MAHLIFE,Mahindra Lifespace Developers Ltd
GROARC,Groarc Industries India Ltd
VAARAD,Vaarad Ventures Ltd
ZYDUSLIFE,Zydus Lifesciences Ltd
SHIVACEM,Shiva Cement Ltd
CINEVISTA,Cinevista Ltd
INTENTECH,Intense Technologies Ltd
DANLAW,Danlaw Technologies India Ltd
AJANTPHARM,Ajanta Pharma Ltd
CURAA,Cura Technologies Ltd
HBPOR,Hb Portfolio Ltd
HBESD,Hb Estate Developers Ltd
AMBICAAGAR,Ambica Agarbathies & Aroma Industries Ltd
COMPUSOFT,Compucom Software Ltd
OMNIAX,Omni Axs Software Ltd
IZMO,Izmo Ltd
TVSMOTOR,Tvs Motor Company Ltd
MADALA,Madala Holdings Ltd
SUBEXLTD,Subex Ltd
TCI,Transport Corporation Of India Ltd
PADMALAYAT,Padmalaya Telefilms Ltd
AKSHOPTFBR,Aksh Optifibre Ltd
VIRGOGLOB,Virgo Global Ltd
PICTUREHS,Picturehouse Media Ltd
TRIVENI,Triveni Engineering & Industries Ltd
MUKTAARTS,Mukta Arts Ltd
HITKITGLO,Hit Kit Global Solutions Ltd
NAGPI,Nagpur Power & Industries Ltd
DSSL,Dynacons Systems & Solutions Ltd
PNBGILTS,Pnb Gilts Ltd
BCG,Brightcom Group Ltd
RAMCOIND,Ramco Industries Ltd
RAMCOSYS,Ramco Systems Ltd
TTML,Tata Teleservices (Maharashtra) Ltd
VIRINCHI,Virinchi Ltd
WEPSOLN,Wep Solutions Ltd
STLTECH,Sterlite Technologies Ltd
TIPSMUSIC,Tips Music Ltd
UMIYA-MRO,Umiya Buildcon Ltd
UNIVARTS,Universal Arts Ltd
FIRSTFIN,First Fintec Ltd
BABA,Baba Arts Ltd
BALAJITELE,Balaji Telefilms Ltd
TYCHE,Tyche Industries Ltd
CALSOFT,California Software Company Ltd
PNC,Pritish Nandy Communications Ltd
IOB,Indian Overseas Bank
TAJGVK,Taj Gvk Hotels & Resorts Ltd
CREATIVEYE,Creative Eye Ltd
AXISCADES,Axiscades Technologies Ltd
KONNDOR,Konndor Industries Ltd
UMESLTD,Usha Martin Education & Solutions Ltd
BSOFT,Birlasoft Ltd
USGTECH,Usg Tech Solutions Ltd
7TEC,Saven Technologies Ltd
AVANTEL,Avantel Ltd
MOSCHIP,Moschip Technologies Ltd
SIGMAADV,Sigma Advanced Systems Ltd
TRANSCOR,Transcorp International Ltd
CEREBRAINT,Cerebra Integrated Technologies Ltd
NEXTMEDIA,Next Mediaworks Ltd
SMARTLINK,Smartlink Holdings Ltd
GODREJCP,Godrej Consumer Products Ltd
GENUSPRIME,Genus Prime Infra Ltd
BFUTILITIE,Bf Utilities Ltd
UNITDSPR,United Spirits Ltd
OLECTRA,Olectra Greentech Ltd
MPSLTD,Mps Ltd
CERA,Cera Sanitaryware Ltd
BHARTIARTL,Bharti Airtel Ltd
SHALIWIR,Shalimar Wires Industries Ltd
COMPINFO,Compuage Infocom Ltd
GULPOLY,Gulshan Polyols Ltd
PONNIERODE,Ponni Sugars (Erode) Ltd
PNB,Punjab National Bank
OFSS,Oracle Financial Services Software Ltd
HAZOOR,Hazoor Multi Projects Ltd
KAMAHOLD,Kama Holdings Ltd
MPFSL,Mpf Systems Ltd
APTECHT,Aptech Ltd
UNIONBANK,Union Bank Of India
UBL,United Breweries Ltd
NOIDATOLL,Noida Toll Bridge Company Ltd
GRANULES,Granules India Ltd
CANBK,Canara Bank
BLIL,Balmer Lawrie Investments Ltd
POKARNA,Pokarna Ltd
DIVISLAB,Divis Laboratories Ltd
ASTRAMICRO,Astra Microwave Products Ltd
RADICO,Radico Khaitan Ltd
MARUTI,Maruti Suzuki India Ltd
RAJPALAYAM,Rajapalayam Mills Ltd
NAVINFLUOR,Navin Fluorine International Ltd
UCOBANK,Uco Bank
BAGFILMS,B.A.G. Films And Media Ltd
JSL,Jindal Stainless Ltd
SUPRAJIT,Suprajit Engineering Ltd
TVSELECT,Tvs Electronics Ltd
IGL,Indraprastha Gas Ltd
TVTODAY,Tv Today Network Ltd
PALREDTEC,Palred Technologies Ltd
PETRONET,Petronet Lng Ltd
BIOCON,Biocon Ltd
PTC,Ptc India Ltd
MAHABANK,Bank Of Maharashtra
RKFORGE,Ramkrishna Forgings Ltd
DATAMATICS,Datamatics Global Services Ltd
NDTV,New Delhi Television Ltd
STAR,Strides Pharma Science Ltd
ULTRACEMCO,Ultratech Cement Ltd
UNOMINDA,Uno Minda Ltd
TCS,Tata Consultancy Services Ltd
COFORGE,Coforge Ltd
GULFPETRO,Gp Petroleums Ltd
CENTURYPLY,Century Plyboards (India) Ltd
WELENT,Welspun Enterprises Ltd
NTPC,Ntpc Ltd
SALSTEEL,S.A.L. Steel Ltd
JBMA,Jbm Auto Ltd
DWARKESH,Dwarikesh Sugar Industries Ltd
INDOCO,Indoco Remedies Ltd
VIPCLOTHNG,Vip Clothing Ltd
IMPEXFERRO,Impex Ferro Tech Ltd
XCHANGING,Xchanging Solutions Ltd
JINDALPHOT,Jindal Photo Ltd
POCL,Pondy Oxides & Chemicals Ltd
JPPOWER,Jaiprakash Power Ventures Ltd
3IINFOLTD,3I Infotech Ltd
GOKEX,Gokaldas Exports Ltd
ALLDIGI,Alldigi Tech Ltd
IIFL,Iifl Finance Ltd
MANGALAM,Mangalam Drugs & Organics Ltd
SHOPERSTOP,Shoppers Stop Ltd
CYBERMEDIA,Cyber Media India Ltd
NDL,Nandan Denim Ltd
JSWHL,Jsw Holdings Ltd
JKCEMENT,Jk Cement Ltd
BEEYU,Beeyu Overseas Ltd
YESBANK,Yes Bank Ltd
NECLIFE,Nectar Lifesciences Ltd
MSPL,Msp Steel & Power Ltd
SPLIL,Spl Industries Ltd
KTKBANK,Karnataka Bank Ltd
MCLEODRUSS,Mcleod Russel India Ltd
FACORALL,Facor Alloys Ltd
VIVIMEDLAB,Vivimed Labs Ltd
RML,Rane (Madras) Ltd
HTMEDIA,Ht Media Ltd
SASKEN,Sasken Technologies Ltd
FCSSOFT,Fcs Software Solutions Ltd
SUZLON,Suzlon Energy Ltd
AURIONPRO,Aurionpro Solutions Ltd
RENUKA,Shree Renuka Sugars Ltd
KMSUGAR,K M Sugar Mills Ltd
BASML,Bannari Amman Spinning Mills Ltd
PBAINFRA,Pba Infrastructure Ltd
AIAENG,Aia Engineering Ltd
EKC,Everest Kanto Cylinder Ltd
KERNEX,Kernex Microsystems India Ltd
REPRO,Repro India Ltd
PVRINOX,Pvr Inox Ltd
ASMS,Bartronics India Ltd
CELEBRITY,Celebrity Fashions Ltd
NITINSPIN,Nitin Spinners Ltd
ROHLTD,Royal Orchid Hotels Ltd
ENIL,Entertainment Network (India) Ltd
CELLA,Cella Space Ltd
GSPL,Gujarat State Petronet Ltd
JAGRAN,Jagran Prakashan Ltd
DYNPRO,Dynemic Products Ltd
GVKPIL,Gvk Power & Infrastructure Ltd
SADBHAV,Sadbhav Engineering Ltd
RCOM,Reliance Communications Ltd
SAKUMA,Sakuma Exports Ltd
KEC,Kec International Ltd
GILLANDERS,Gillanders Arbuthnot & Company Ltd
INDOTECH,Indo Tech Transformers Ltd
BLKASHYAP,B. L. Kashyap And Sons Ltd
M&MFIN,Mahindra & Mahindra Financial Services Ltd
VISASTEEL,Visa Steel Ltd
NITCO,Nitco Ltd
MPDL,Mpdl Ltd
SOLARINDS,Solar Industries India Ltd
GALLANTT,Gallantt Ispat Ltd
MALUPAPER,Malu Paper Mills Ltd
UTTAMSUGAR,Uttam Sugar Mills Ltd
SGL,Stl Global Ltd
KKCL,Kewal Kiran Clothing Ltd
SUNTV,Sun Tv Network Ltd
GPIL,Godawari Power And Ispat Ltd
RSYSTEMS,R Systems International Ltd
EMKAY,Emkay Global Financial Services Ltd
TICL,Twamev Construction And Infrastructure Ltd
LOKESHMACH,Lokesh Machines Ltd
KAMDHENU,Kamdhenu Ltd
PAUSHAKLTD,Paushak Ltd
GTNTEX,Gtn Textiles Ltd
PFOCUS,Prime Focus Ltd
ALLCARGO,Allcargo Logistics Ltd
GMRAIRPORT,Gmr Airports Ltd
TECHM,Tech Mahindra Ltd
CIEINDIA,Cie Automotive India Ltd
VOLTAMP,Voltamp Transformers Ltd
ATLANTAA,Atlantaa Ltd
HGM,Handson Global Management (Hgm)Ltd
ACE,Action Construction Equipment Ltd
GEECEE,Geecee Ventures Ltd
GAYAPROJ,Gayatri Projects Ltd
FIEMIND,Fiem Industries Ltd
JHS,Jhs Svendgaard Laboratories Ltd
DCBBANK,Dcb Bank Ltd
GLOBALVECT,Global Vectra Helicorp Ltd
INSPIRISYS,Inspirisys Solutions Ltd
GTLINFRA,Gtl Infrastructure Ltd
SHIVAMAUTO,Shivam Autotech Ltd
NAUKRI,Info Edge (India) Ltd
TORNTPOWER,Torrent Power Ltd
PARSVNATH,Parsvnath Developers Ltd
SUTLEJTEX,Sutlej Textiles And Industries Ltd
LTFOODS,Lt Foods Ltd
SOBHA,Sobha Ltd
RUCHIRA,Ruchira Papers Ltd
TANLA,Tanla Platforms Ltd
ZEEMEDIA,Zee Media Corporation Ltd
SITINET,Siti Networks Ltd
LUMAXTECH,Lumax Auto Technologies Ltd
AUTOIND,Autoline Industries Ltd
NETWORK18,Network 18 Media & Investments Ltd
HUBTOWN,Hubtown Ltd
CTE,Cambridge Technology Enterprises Ltd
TIIL,Technocraft Industries (India) Ltd
REDINGTON,Redington Ltd
AICHAMP,Ai Champdany Industries Ltd
CINELINE,Cineline India Ltd
PGIL,Pearl Global Industries Ltd
FSL,Firstsource Solutions Ltd
PFC,Power Finance Corporation Ltd
AHLUCONT,Ahluwalia Contracts (India) Ltd
TFL,Transwarranty Finance Ltd
INDIANB,Indian Bank
SMSPHARMA,Sms Pharmaceuticals Ltd
ORIENTALTL,Oriental Trimex Ltd
ELAND,E-Land Apparel Ltd
IDEA,Vodafone Idea Ltd
JAGJANANI,Jagjanani Textiles Ltd
RAJTV,Raj Television Network Ltd
PAGEIND,Page Industries Ltd
AMDIND,Amd Industries Ltd
LEHAR,Lehar Footwears Ltd
ASTRAL,Astral Ltd
CAMLINFINE,Camlin Fine Sciences Ltd
ICRA,Icra Ltd
DISHTV,Dish Tv India Ltd
SAHYADRI,Sahyadri Industries Ltd
SRHHYPOLTD,Sree Rayalaseema Hi-Strength Hypo Ltd
FORTIS,Fortis Healthcare Ltd
TGBHOTELS,Tgb Banquets And Hotels Ltd
HILTON,Hilton Metal Forging Ltd
DELTACORP,Delta Corp Ltd
MICEL,Mic Electronics Ltd
INSECTICID,Insecticides (India) Ltd
ASAHISONG,Asahi Songwon Colors Ltd
HARYNACAP,Haryana Capfin Ltd
TIMETECHNO,Time Technoplast Ltd
HGS,Hinduja Global Solutions Ltd
NELCAST,Nelcast Ltd
V2RETAIL,V2 Retail Ltd
DLF,Dlf Ltd
TARMAT,Tarmat Ltd
ANKITMETAL,Ankit Metal & Power Ltd
SPARC,Sun Pharma Advanced Research Company Ltd
HDIL,Housing Development And Infrastructure Ltd
ADSL,Allied Digital Services Ltd
ALPA,Alpa Laboratories Ltd
SSLEL,Sir Shadi Lal Enterprises Ltd
OMAXE,Omaxe Ltd
REFEX,Refex Industries Ltd
CENTRALBK,Central Bank Of India
SELMC,Sel Manufacturing Company Ltd
ASIANTILES,Asian Granito India Ltd
KPRMILL,K.P.R. Mill Limited
TAKE,Take Solutions Ltd
PURVA,Puravankara Ltd
MOTILALOFS,Motilal Oswal Financial Services Ltd
VTMLTD,Vtm Ltd
INDOWIND,Indowind Energy Ltd
NAGREEKCAP,Nagreeka Capital & Infrastructure Ltd
MAGNUM,Magnum Ventures Ltd
POWERGRID,Power Grid Corporation Of India Ltd
KSCL,Kaveri Seed Company Ltd
PAISALO,Paisalo Digital Ltd
CCCL,Consolidated Construction Consortium Ltd
SUPREMEINF,Supreme Infrastructure India Ltd
MAANALU,Maan Aluminium Ltd
IL&FSENGG,Il&Fs Engineering And Construction Company Ltd
PARLEIND,Parle Industries Ltd
RELIGARE,Religare Enterprises Ltd
BVCL,Barak Valley Cements Ltd
RATHIBAR,Rathi Bars Ltd
ADANIPORTS,Adani Ports And Special Economic Zone Ltd
EDELWEISS,Edelweiss Financial Services Ltd
RGL,Renaissance Global Ltd
KOLTEPATIL,Kolte-Patil Developers Ltd
KAUSHALYA,Kaushalya Infrastructure Development Corporation Ltd
JYOTHYLAB,Jyothy Labs Ltd
ECLERX,Eclerx Services Ltd
TARIL,Transformers And Rectifiers (India) Ltd
BRIGADE,Brigade Enterprises Ltd
BGRENERGY,Bgr Energy Systems Ltd
MANAKSIA,Manaksia Ltd
PORWAL,Porwal Auto Components Ltd
PPAP,Ppap Automotive Ltd
ARIES,Aries Agro Ltd
KUANTUM,Kuantum Papers Ltd
RPOWER,Reliance Power Ltd
JKIL,J. Kumar Infraprojects Ltd
CORDSCABLE,Cords Cable Industries Ltd
KNRCON,Knr Constructions Ltd
ONMOBILE,Onmobile Global Ltd
SEPC,Sepc Ltd
BANG,Bang Overseas Ltd
IRB,Irb Infrastructure Developers Ltd
GSS,Gss Infotech Ltd
NAHARCAP,Nahar Capital And Financial Services Ltd
VGUARD,V-Guard Industries Ltd
RECLTD,Rec Ltd
GOKAKTEX,Gokak Textiles Ltd
TITAGARH,Titagarh Rail Systems Ltd
KIRIINDUS,Kiri Industries Ltd
BIRLAMONEY,Aditya Birla Money Ltd
TELOGICA,Telogica Ltd
JAIBALAJI,Jai Balaji Industries Ltd
BAJAJ-AUTO,Bajaj Auto Ltd
BAJAJFINSV,Bajaj Finserv Ltd
GOKUL,Gokul Refoils & Solvent Ltd
RPGLIFE,Rpg Life Sciences Ltd
SENSEX1,Kotak S&P Bse Sensex Etf
NIRAJ,Niraj Cement Structurals Ltd
BAFNAPH,Bafna Pharmaceuticals Ltd
CHLLTD,Chl Ltd
SEJALLTD,Sejal Glass Ltd
ARCHIDPLY,Archidply Industries Ltd
LOTUSEYE,Lotus Eye Hospital And Institute Ltd
SOMICONVEY,Somi Conveyor Beltings Ltd
LGBFORGE,Lgb Forge Ltd
LPDC,Landmark Property Development Company Ltd
SICAGEN,Sicagen India Ltd
SIMPLXPAP,Simplex Papers Ltd
20MICRONS,20 Microns Ltd
ZFCVINDIA,Zf Commercial Vehicle Control Systems India Ltd
ALKALI,Alkali Metals Ltd
ISGEC,Isgec Heavy Engineering Ltd
IMFA,Indian Metals & Ferro Alloys Ltd
TPHQ,Teamo Productions Hq Ltd
VEDAVAAG,Vedavaag Systems Ltd
MOLDTKPAC,Mold-Tek Packaging Ltd
MHRIL,Mahindra Holidays & Resorts India Ltd
LANDSMILL,Landsmill Green Ltd
ROML,Raj Oil Mills Ltd
BENGALASM,Bengal & Assam Company Ltd
ADANIPOWER,Adani Power Ltd
NHPC,Nhpc Ltd
PEIL,Premier Energy And Infrastructure Ltd
SURYAAMBA,Suryaamba Spinning Mills Ltd
GLOBUSSPR,Globus Spirits Ltd
OIL,Oil India Ltd
SWANDEF,Swan Defence And Heavy Industries Ltd
BTTL,Bhilwara Technical Textiles Ltd
SPSL,Shree Precoated Steels Ltd
EXPLEOSOL,Expleo Solutions Ltd
RTNPOWER,Rattanindia Power Ltd
DEN,Den Networks Ltd
ASTEC,Astec Lifesciences Ltd
DLINKINDIA,D-Link (India) Ltd
JSWENERGY,Jsw Energy Ltd
YUNIKM,Yunik Managing Advisors Ltd
GODREJPROP,Godrej Properties Ltd
DBCORP,D. B. Corp Ltd
MBLINFRA,Mbl Infrastructure Ltd
JUBLFOOD,Jubilant Foodworks Ltd
VASCONEQ,Vascon Engineers Ltd
THANGAMAYL,Thangamayil Jewellery Ltd
DBREALTY,Valor Estate Ltd
EMMBI,Emmbi Industries Ltd
HATHWAY,Hathway Cable & Datacom Ltd
TEXMOPIPES,Texmo Pipes And Products Ltd
SUNDARAM,Sundaram Multi Pap Ltd
COROENGG,Coromandel Engineering Company Ltd
ROSSELLIND,Rossell India Ltd
MANINFRA,Man Infraconstruction Ltd
TAMBOLIIN,Tamboli Industries Ltd
IL&FSTRANS,Il&Fs Transportation Networks Ltd
PERSISTENT,Persistent Systems Ltd
ISFT,Intrasoft Technologies Ltd
KCPSUGIND,Kcp Sugar & Industries Corporation Ltd
KECL,Kirloskar Electric Company Ltd
SATCH,Satchmo Holdings Ltd
TARAPUR,Tarapur Transformers Ltd
SJVN,Sjvn Ltd
EMAMIPAP,Emami Paper Mills Ltd
KRITINUT,Kriti Nutrients Ltd
GKB,Gkb Ophthalmics Ltd
HMVL,Hindustan Media Ventures Ltd
EMAMIREAL,Emami Realty Ltd
AHLWEST,Asian Hotels (West) Ltd
AHLEAST,Asian Hotels (East) Ltd
BAJAJCON,Bajaj Consumer Care Ltd
PRAKASHSTL,Prakash Steelage Ltd
GPPL,Gujarat Pipavav Port Ltd
WELINV,Welspun Investments And Commercials Ltd
WAAREEINDO,Indosolar Ltd
HEALTHX,Health X Platform Ltd
CPCAP,Cp Capital Ltd
RAMKY,Ramky Infrastructure Ltd
GREENPOWER,Orient Green Power Company Ltd
CANTABIL,Cantabil Retail India Ltd
SEATV,Sea Tv Network Ltd
WABAG,Va Tech Wabag Ltd
BEDMUTHA,Bedmutha Industries Ltd
ASHOKA,Ashoka Buildcon Ltd
JWL,Jupiter Wagons Ltd
OBEROIRLTY,Oberoi Realty Ltd
PRESTIGE,Prestige Estates Projects Ltd
SHAH,Shah Metacorp Ltd
COALINDIA,Coal India Ltd
GRAVITA,Gravita India Ltd
RPPINFRA,R P P Infra Projects Ltd
RDBIPL,Rdb Infrastructure And Power Ltd
MOIL,Moil Ltd
ZEELEARN,Zee Learn Ltd
KTIL,Kesar Terminals & Infrastructure Ltd
A2ZINFRA,A2Z Infra Engineering Ltd
KIRLOSENG,Kirloskar Oil Engines Ltd
RKDL,Ravi Kumar Distilleries Ltd
PSB,Punjab & Sind Bank
FMNL,Future Market Networks Ltd
SURANASOL,Surana Solar Ltd
SHEKHAWATI,Shekhawati Industries Ltd
KICL,Kalyani Investment Company Ltd
BFINVEST,Bf Investment Ltd
SUMMITSEC,Summit Securities Ltd
INOVSYNTH,Innovassynth Technologies (India) Ltd
STEL,Stel Holdings Ltd
TEXRAIL,Texmaco Rail & Engineering Ltd
INDTERRAIN,Indian Terrain Fashions Ltd
FCL,Fineotex Chemical Ltd
DHUNINV,Dhunseri Investments Ltd
ZENTEC,Zen Technologies Ltd
LOVABLE,Lovable Lingerie Ltd
PFS,Ptc India Financial Services Ltd
MUTHOOTFIN,Muthoot Finance Ltd
TRUEGREEN,True Green Bio Energy Ltd
VMS,Vms Industries Ltd
KARMAENG,Karma Energy Ltd
DELPHIFX,Delphi World Money Ltd
RUSHIL,Rushil Decor Ltd
ENKEIWHEL,Enkei Wheels (India) Ltd
KRIDHANINF,Kridhan Infra Ltd
INVENTURE,Inventure Growth & Securities Ltd
LTF,L&T Finance Ltd
IBULLSLTD,Indiabulls Ltd
TREEHOUSE,Tree House Education & Accessories Ltd
BROOKS,Brooks Laboratories Ltd
RUPA,Rupa & Company Ltd
TDPOWERSYS,Td Power Systems Ltd
APLLTD,Alembic Pharmaceuticals Ltd
VASWANI,Vaswani Industries Ltd
PGEL,Pg Electroplast Ltd
LESHAIND,Lesha Industries Ltd
RDBRL,Rdb Rasayans Ltd
TIJARIA,Tijaria Polypipes Ltd
ONELIFECAP,Onelife Capital Advisors Ltd
FLEXITUFF,Flexituff Ventures International Ltd
UEL,Ujaas Energy Ltd
TRITURBINE,Triveni Turbine Ltd
INDOTHAI,Indo Thai Securities Ltd
ESSARSHPNG,Essar Shipping Ltd
APLAPOLLO,Apl Apollo Tubes Ltd
GPTINFRA,Gpt Infraprojects Ltd
FERVENTSYN,Fervent Synergies Ltd
THOMASCOTT,Thomas Scott (India) Ltd
TERASOFT,Tera Software Ltd
PMCFIN,Pmc Fincorp Ltd
FUTSOL,Futuristic Solutions Ltd
AIML,Alliance Integrated Metaliks Ltd
RHIM,Rhi Magnesita India Ltd
MCX,Multi Commodity Exchange Of India Ltd
PYXISFIN,Pyxis Finvest Ltd
SCHNEIDER,Schneider Electric Infrastructure Ltd
OLPCL,Olympic Cards Ltd
NBCC,Nbcc (India) Ltd
MTEDUCARE,Mt Educare Ltd
HEXATRADEX,Hexa Tradex Ltd
MAXHEIGHTS,Max Heights Infrastucture Ltd
TBZ,Tribhovandas Bhimji Zaveri Ltd
VSSL,Vardhman Special Steels Ltd
LOOKS,Looks Health Services Ltd
SPECIALITY,Speciality Restaurants Ltd
LYPSAGEMS,Lypsa Gems & Jewellery Ltd
RTNINDIA,Rattanindia Enterprises Ltd
SAMPANN,Sampann Utpadan India Ltd
JTLIND,Jtl Industries Ltd
AMTL,Advance Metering Technology Ltd
NECCLTD,North Eastern Carrying Corporation Ltd
WAAREERTL,Waaree Renewable Technologies Ltd
JUPITERIN,Jupiter Infomedia Ltd
VINAYAKPOL,Vinayak Polycon International Ltd
JOINTECAED,Jointeca Education Solutions Ltd
DUCON,Ducon Infratechnologies Ltd
PROZONER,Prozone Realty Ltd
SRGHFL,Srg Housing Finance Ltd
COMCL,Comfort Commotrade Ltd
SHANTIGURU,Shanti Guru Industries Ltd
CASPIAN,Caspian Corporate Services Ltd
AERPACE,Aerpace Industries Ltd
VIRTUALG,Virtual Global Education Ltd
ZUARI,Zuari Agro Chemicals Ltd
STEELXIND,Steel Exchange India Ltd
TRIOMERC,Trio Mercantile & Trading Ltd
CIGNITITEC,Cigniti Technologies Ltd
CDG,Cdg Petchem Ltd
CARERATING,Care Ratings Ltd
PCJEWELLER,Pc Jeweller Ltd
INDUSTOWER,Indus Towers Ltd
COVIDH,Covidh Technologies Ltd
VMART,V-Mart Retail Ltd
NIBE,Nibe Ltd
MUKTA,Mukta Agriculture Ltd
MYSTICELE,Mystic Electronics Ltd
COMFINCAP,Comfort Fincap Ltd
SBISENSEX,Sbi Mutual Fund - Sbi Sensex Etf
BMAL,Bothra Metals & Alloys Ltd
REPCOHOME,Repco Home Finance Ltd
LAKHOTIA,Lakhotia Polyesters (India) Ltd
GCMSECU,Gcm Securities Ltd
NIBL,Nrb Industrial Bearings Ltd
PRIMECAPM,Prime Capital Market Ltd
KIFS,Kifs Financial Services Ltd
SREEL,Sreeleathers Ltd
SHARDAMOTR,Sharda Motor Industries Ltd
BINNYMILLS,Binny Mills Ltd
SVGLOBAL,S V Global Mill Ltd
SDC,Sdc Techmedia Ltd
JUSTDIAL,Just Dial Ltd
OONE,Objectone Information Systems Ltd
IFINSEC,India Finsec Ltd
BRAHMINFRA,Brahmaputra Infrastructure Ltd
AMPVOLTS,Ampvolts Ltd
KHOOBSURAT,Khoobsurat Ltd
ORIENTCEM,Orient Cement Ltd
ABFRL,Aditya Birla Fashion And Retail Ltd
SAMMAANCAP,Sammaan Capital Ltd
MMLF,Money Masters Leasing & Finance Ltd
ALSL,Alacrity Securities Ltd
GCMCOMM,Gcm Commodity & Derivatives Ltd
ESSENTIA,Integra Essentia Ltd
JULIEN,Julien Agro Infratech Ltd
TIGERLOGS,Tiger Logistics (India) Ltd
JKAGRI,Jk Agri Genetics Ltd
FLFL,Future Lifestyle Fashions Ltd
NOVELIX,Novelix Pharmaceuticals Ltd
PVVINFRA,Pvv Infra Ltd
VCU,Vcu Data Management Ltd
INDRENEW,Ind Renewable Energy Ltd
SRGFFL,Srg Fingrow Finance Ltd
ACFSL,Amrapali Capital And Finance Services Ltd
STELLAR,Stellar Capital Services Ltd
JPOLYINVST,Jindal Poly Investment And Finance Company Ltd
MOM100,Motilal Oswal Nifty Midcap 100 Etf
CPL,Captain Polyplast Ltd
NIFTYIETF,Icici Prudential Nifty 50 Etf
NIF100IETF,Icici Prudential Nifty 100 Etf
ARNOLD,Arnold Holdings Ltd
SUNLOC,Sunil Healthcare Ltd
JTLDEFENCE,Jtl Defence Ltd
SUYOG,Suyog Telematics Ltd
NATHBIOGEN,Nath Bio-Genes (India) Ltd
AGRITECH,Agri- Tech (India) Ltd
CHEMTECH,Chemtech Industrial Valves Ltd
NIF100BEES,Nippon India Etf Nifty 100
DENISCHEM,Denis Chem Lab Ltd
POLYMAC,Polymac Thermoformers Ltd
UNISHIRE,Unishire Urban Infra Ltd
LAXMIPATI,Laxmipati Engineering Works Ltd
LADDU,Laddu Gopal Online Services Ltd
NIFTY1,Kotak Nifty 50 Etf
HANSUGAR,Shree Hanuman Sugar & Industries Ltd
KIRANVYPAR,Kiran Vyapar Ltd
BCP,B.C. Power Controls Ltd
KCSL,Karnimata Cold Storage Ltd
RACE,Race Eco Chain Ltd
MANGIND,Mangalam Industrial Finance Ltd
VIJIFIN,Viji Finance Ltd
HBGHOTELS,Hbg Hotels Ltd
RAUNAQ,Raunaq International Ltd
INFRONICS,Infronics Systems Ltd
CPSEETF,Cpse Etf
HARIAAPL,Haria Apparels Ltd
VASUPRADA,Shri Vasuprada Plantations Ltd
RNBDENIMS,R&B Denims Ltd
SHARPINV,Sharp Investments Ltd
WONDERLA,Wonderla Holidays Ltd
RESPONSINF,Response Informatics Ltd
GCMCAPI,Gcm Capital Advisors Ltd
AFEL,A.F. Enterprises Ltd
INCREDIBLE,Incredible Industries Ltd
WESTLEIRES,West Leisure Resorts Ltd
NAM,Nam Securities Ltd
METSL,Maestros Electronics & Telecommunications Systems Ltd
JACKSON,Jackson Investments Ltd
MONEYBOXX,Moneyboxx Finance Ltd
WORTH,Worth Investment & Trading Co Ltd
TPROJECT,Thirani Projects Ltd
AMARSEC,Amarnath Securities Ltd
CTL,Capital Trade Links Ltd
TARINI,Tarini International Ltd
SBL,Shivamshree Businesses Ltd
YAANENT,Yaan Enterprises Ltd
ANVRDHI,Annvrridhhi  Ventures Ltd
RLFL,Ramchandra Leasing & Finance Ltd
BRPL,Bansal Roofing Products Ltd
ARMAN,Arman Holdings Ltd
SKIPPER,Skipper Ltd
SMTEL,Smt Engineering Ltd
JAMESWARREN,James Warren Tea Ltd
VISTARAMAR,Vistar Amar Ltd
GULFOILLUB,Gulf Oil Lubricants India Ltd
FRUTION,Fruition Venture Ltd
TRIVENIENT,Triveni Enterprises Ltd
BHANDERI,Bhanderi Infracon Ltd
ZINEMA,Zinema Media And Entertainment Ltd
CEMAINFRA,Cemantic Infra-Tech Ltd
TTIENT,Tti Enterprise Ltd
VISHAL,Vishal Fabrics Ltd
TOYAMSL,Toyam Sports Ltd
GAJANANSEC,Gajanan Securities Services Ltd
UNISON,Unison Metals Ltd
RTFL,Real Touch Finance Ltd
VRL,Vasundhara Rasayans Ltd
SNOWMAN,Snowman Logistics Ltd
QGO,Qgo Finance Ltd
PURSHOTTAM,Purshottam Investofin Ltd
HCLTD,Hind Commerce Ltd
SHARDACROP,Sharda Cropchem Ltd
SIROHIA,Sirohia & Sons Ltd
MIIL,Meghna Infracon Infrastructure Ltd
CITYONLINE,City Online Services Ltd
SENSEXBEES,Nippon India Etf S&P Bse Sensex
SHEMAROO,Shemaroo Entertainment Ltd
ULTRACAB,Ultracab (India) Ltd
RCCL,Rajasthan Cylinders & Containers Ltd
ETIL,Econo Trade (India) Ltd
ATISHAY,Atishay Ltd
SANGAMFIN,Sangam Finserv Ltd
DHABRIYA,Dhabriya Polywood Ltd
ARYACAPM,Aryaman Capital Markets Ltd
PDSL,Pds Ltd
HANMAN,Hanman Fit Ltd
VGCL,Vibrant Global Capital Ltd
CEINSYS,Ceinsys Tech Ltd
PANABYTE,Panabyte Technologies Ltd
MUDUNURU,Mudunuru Ltd
JSHL,Jla Infraville Shoppers Ltd
CRANEINFRA,Crane Infrastructure Ltd
NIYOGIN,Niyogin Fintech Ltd
ASIACAP,Asia Capital Ltd
KALYANCAP,Kalyan Capitals Ltd
GBFL,Goenka Business & Finance Ltd
GILADAFINS,Gilada Finance & Investments Ltd
JETSOLAR,Jet Solar Ltd
SAPPL,Shree Ajit Pulp And Paper Ltd
CAPPIPES,Captain Pipes Ltd
KAIZENAGRO,Kaizen Agro Infrabuild Ltd
JMJFIN,Jmj Fintech Ltd
INTELLECT,Intellect Design Arena Ltd
MONTECARLO,Monte Carlo Fashions Ltd
JSTL,Jeevan Scientific Technology Ltd
ICL,Indo Cotspin Ltd
SCC,Scintilla Commercial & Credit Ltd
PANAFIC,Panafic Industrials Ltd
MYMONEY,My Money Securities Ltd
AMARNATH,Sri Amarnath Finance Ltd
CSL,Continental Securities Ltd
NEXUSSURGL,Nexus Surgical And Medicare Ltd
SELLWIN,Sellwin Traders Ltd
GALADAFIN,Galada Finance Ltd
EMERALD,Emerald Finance Ltd
MKEXIM,M.K. Exim (India) Ltd
MCLOUD,Magellanic Cloud Ltd
OCTAL,Octal Credit Capital Ltd
MIHIKA,Mihika Industries Ltd
KANCHI,Kanchi Karpooram Ltd
DTIL,Dhunseri Tea & Industries Ltd
VANICOM,Vani Commercials Ltd
SKILVEN,Skyline Ventures India Ltd
VINCOFE,Vintage Coffee And Beverages Ltd
RAFL,Raghuvansh Agrofarms Ltd
COSYN,Cosyn Ltd
SOFCOM,Sofcom Systems Ltd
NAPL,Naturite Agro Products Ltd
KARNAVATI,Karnavati Finance Ltd
ABHIFIN,Abhishek Finlease Ltd
MERCANTILE,Mercantile Ventures Ltd
SONAL,Sonal Mercantile Ltd
ALFL,Abhinav Leasing & Finance Ltd
GENUSPAPER,Genus Paper & Boards Ltd
MINDACORP,Minda Corporation Ltd
MERCURYLAB,Mercury Laboratories Ltd
CONCORD,Concord Drugs Ltd
WARDINMOBI,Wardwizard Innovations & Mobility Ltd
SHREESEC,Shree Securities Ltd
GREENLAM,Greenlam Industries Ltd
TALBROSENG,Talbros Engineering Ltd
SAPL,Sar Auto Products Ltd
JAYATMA,Jayatma Enterprises Ltd
PTCIL,Ptc Industries Ltd
CHENFERRO,Chennai Ferrous Industries Ltd
MEGRISOFT,Megri Soft Ltd
GITARENEW,Gita Renewable Energy Ltd
KALPACOMME,Kalpa Commercial Ltd
ORTEL,Ortel Communications Ltd
NEIL,Neil Industries Ltd
STARHFL,Star Housing Finance Ltd
BEEKAY,Beekay Steel Industries Ltd
SSPNFIN,Sspn Finance Ltd
SETFBSE100,Sbi Mutual Fund - Sbi - Etf Bse 100
TIRUPATIIN,Tirupati Innovar Ltd
GANVERSE,Ganesha Ecoverse Ltd
AGIIL,Agi Infra Ltd
MANAKSTEEL,Manaksia Steels Ltd
MANAKALUCO,Manaksia Aluminium Company Ltd
MANAKCOAT,Manaksia Coated Metals & Industries Ltd
IMAGICAA,Imagicaaworld Entertainment Ltd
INOXWIND,Inox Wind Ltd
RAJPUTANA,Rajputana Investment And Finance Ltd
CCDL,Consecutive Commodities Ltd
URSUGAR,Ur Sugar Industries Ltd
FILTRA,Filtra Consultants And Engineers Ltd
ATHCON,Athena Constructions Ltd
NORTHLINK,Northlink Fiscal And Capital Services Ltd
SHESHAINDS,Sheshadri Industries Ltd
SAB,Sab Industries Ltd
PML,Paul Merchants Ltd
ALANSCOTT,Alan Scott Enterprises Ltd
OPCHAINS,O. P. Chains Ltd
SUJALA,Sujala Trading & Holdings Ltd
VRLLOG,Vrl Logistics Ltd
JAINMARMO,Jain Marmo Industries Ltd
GRAMEVA,Grameva Ltd
PALCO,Palco Metals Ltd
BODHTREE,Bodhtree Consulting Ltd
VBIND,V B Industries Ltd
SARVOTTAM,Sarvottam Finvest Ltd
MEP,Mep Infrastructure Developers Ltd
WARDWIZFBL,Wardwizard Foods And Beverages Ltd
UFO,Ufo Moviez India Ltd
PANTH,Panth Infinity Ltd
SHIVALIK,Shivalik Rasayan Ltd
ICSL,Integrated Capital Services Ltd
PNCINFRA,Pnc Infratech Ltd
ARFIN,Arfin India Ltd
VLL,Virat Leasing Ltd
HELPAGE,Helpage Finlease Ltd
BLUEGOD,Bluegod Entertainment Ltd
HAWAENG,Hawa Engineers Ltd
AIIL,Authum Investment & Infrastructure Ltd
ADHBHUTIN,Adhbhut Infrastructure Ltd
DFL,Decillion Finance Ltd
POEL,Pocl Enterprises Ltd
AEL,Amba Enterprises Ltd
SGFIN,Sg Finserve Ltd
NOBPOL,Noble Polymers Ltd
SATIA,Satia Industries Ltd
GVBL,Genomic Valley Biotech Ltd
GARMNTMNTR,Garment Mantra Lifestyle Ltd
SRESTHA,Srestha Finvest Ltd
SAUMYA,Saumya Consultants Ltd
MUL,Mauria Udyog Ltd
MISHKA,Mishka Exim Ltd
SPORTKING,Sportking India Ltd
GROWINGTON,Growington Ventures India Ltd
RUDRA,Rudra Global Infra Products Ltd
LOYAL,Loyal Equipments Ltd
GGPL,Gala Global Products Ltd
CHEMIESYNT,Chemiesynth (Vapi) Ltd
BALKRISHNA,Balkrishna Paper Mills Ltd
SHYAMCENT,Shyam Century Ferrous Ltd
SURYAINDIA,Surya India Ltd
ADANIENSOL,Adani Energy Solutions Ltd
STARDELTA,Star Delta Transformers Ltd
AMRAFIN,Amrapali Fincap Ltd
SAMSRITA,Samsrita Labs Ltd
SYNGENE,Syngene International Ltd
PECOS,Pecos Hotels And Pubs Ltd
MSL,Mangalam Seeds Ltd
KAYA,Kaya Ltd
ALSTONE,Alstone Textiles (India) Ltd
SYMBIOX,Symbiox Investment & Trading Company Ltd
ORTINGLOBE,Ortin Global Ltd
AVI,Avi Polymers Ltd
AURUM,Aurum Proptech Ltd
OSWALGREEN,Oswal Greentech Ltd
SUNRAKSHAK,Sunrakshakk Industries India Ltd
ARVSMART,Arvind Smartspaces Ltd
POWERMECH,Power Mech Projects Ltd
RAMASTEEL,Rama Steel Tubes Ltd
THINKINK,Thinkink Picturez Ltd
SENSEXBETA,Uti Bse Sensex Etf
NIFTYBETA,Uti Nifty 50 Etf
UNIAUTO,Universal Autofoundry Ltd
VETO,Veto Switchgears And Cables Ltd
NAVKARCORP,Navkar Corporation Ltd
SHREEPUSHK,Shree Pushkar Chemicals & Fertilisers Ltd
CALLISTA,Callista Industries Ltd
GUJGASLTD,Gujarat Gas Ltd
WAAREE,Waaree Technologies Ltd
SADBHIN,Sadbhav Infrastructure Project Ltd
PBFL,P. B. Films Ltd
SALAUTO,Sal Automotive Ltd
POLYSPIN,Polyspin Exports Ltd
PRITIKAUTO,Pritika Auto Industries Ltd
MAHAVEER,Mahaveer Infoway Ltd
ACME,Acme Resources Ltd
KCL,Kabra Commercial Ltd
VISHALBL,Vishal Bearings Ltd
BELLACASA,Bella Casa Fashion & Retail Ltd
MALLCOM,Mallcom (India) Ltd
PJL,Patdiam Jewellery Ltd
NAKSH,Naksh Precious Metals Ltd
SATIN,Satin Creditcare Network Ltd
DITCO,Decorous Investment & Trading Co Ltd
SWAGTAM,Swagtam Trading & Services Ltd
GENCON,Generic Engineering Construction And Projects Ltd
KUBERJI,Kuber Udyog Ltd
NEERAJ,Neeraj Paper Marketing Ltd
TEJNAKSH,Tejnaksh Healthcare Ltd
BRIPORT,Brilliant Portfolios Ltd
RFSL,Richfield Financial Services Ltd
COFFEEDAY,Coffee Day Enterprises Ltd
IDFCFIRSTB,Idfc First Bank Ltd
INDIGO,Interglobe Aviation Ltd
IGCIL,Igc Industries Ltd
SHK,S H Kelkar And Company Ltd
ARYAVAN,Aryavan Enterprise Ltd
TFSL,Typhoon Financial Services Ltd
PANORAMA,Panorama Studios International Ltd
SHREEGANES,Shree Ganesh Biotech (India) Ltd
GTV,Gtv Engineering Ltd
LICNETFN50,Lic Mf Exchange Traded Fund- Nifty 50
LICNETFSEN,Lic Mf Exchange Traded Fund- Sensex
TFLL,Tirupati Finlease Ltd
GARBIFIN,Garbi Finvest Ltd
SMARTFIN,Smart Finsec Ltd
RAJKOTINV,Rajkot Investment Trust Ltd
ADCON,Adcon Capital Services Ltd
QUINT,Quint Digital Ltd
HDFCNIFTY,Hdfc Nifty 50 Etf
HDFCSENSEX,Hdfc Bse Sensex Etf
UDAYJEW,Uday Jewellery Industries Ltd
SATTVASUKU,Sattva Sukun Lifecare Ltd
NAVIGANT,Navigant Corporate Advisors Ltd
GROVY,Grovy India Ltd
ALKEM,Alkem Laboratories Ltd
LALPATHLAB,Dr. Lal Pathlabs Ltd
SCTL,Suncare Traders Ltd
CREATIVE,Creative Castings Ltd
AAYUSH,Aayush Wellness Ltd
ELITECON,Elitecon International Ltd
LUXIND,Lux Industries Ltd
VALLEY,Valley Magnesite Company Ltd
ABHIINFRA,Abhishek Infraventures Ltd
APOORVA,Apoorva Leasing Finance And Investment Company Ltd
AGRIBIO,Agribio Spirits Ltd
NH,Narayana Hrudayalaya Ltd
FMEC,F Mec International Financial Services Ltd
DEEPAI,Deep Health Ai India Ltd
ABHIJIT,Abhijit Trading Company Ltd
AARNAV,Aarnav Fashions Ltd
SHIVA,Shivansh Finserve Ltd
MISHTANN,Mishtann Foods Ltd
DELTA,Delta Industrial Resources Ltd
CGFL,Credent Global Finance Ltd
KEL,Kotia Enterprises Ltd
BLUECLOUDS,Blue Cloud Softech Solutions Ltd
KEIL,Kanoria Energy & Infrastructure Ltd
PRECAM,Precision Camshafts Ltd
TEAMLEASE,Teamlease Services Ltd
KAMATS,Vikram Kamats Hospitality Ltd
BESTAGRO,Best Agrolife Ltd
ACEMEN,Ace Men Engg Works Ltd
BFLAFL,Bfl Asset Finvest Ltd
RGF,Rgf Capital Markets Ltd
QUICKHEAL,Quick Heal Technologies Ltd
KAPILRAJ,Kapil Raj Finance Ltd
GANGAPHARM,Ganga Pharmaceuticals Ltd
DAL,Dynamic Archistructures Ltd
MOBAVENUE,Mobavenue Ai Tech Ltd
SHIVKAMAL,Shivkamal Impex Ltd
KPEL,K.P. Energy Ltd
RGCORP,Real Growth Corporation Ltd
IFINSER,Interactive Financial Services Ltd
HILIKS,Hiliks Technologies Ltd
HYPERSOFT,Hypersoft Technologies Ltd
GOKULAGRO,Gokul Agro Resources Ltd
FREDUN,Fredun Pharmaceuticals Ltd
RELICAB,Relicab Cable Manufacturing Ltd
VKAL,Vantage Knowledge Academy Ltd
MEAPL,Modern Engineering And Projects Ltd
MNIL,Mega Nirman And Industries Ltd
DARJEELING,Darjeeling Industriies Ltd
ADVIKCA,Advik Capital Ltd
LICNFNHGP,Lic Mf Exchange Traded Fund- Nifty 100
PDMJEPAPER,Pudumjee Paper Products Ltd
HCG,Healthcare Global Enterprises Ltd
KDML,Khemani Distributors & Marketing Ltd
UMIYA,Umiya Tubes Ltd
BHARATWIRE,Bharat Wire Ropes Ltd
CHDCHEM,Chd Chemicals Ltd
CCAVENUE,Avenuesai Ltd
LELAVOIR,Le Lavoir Ltd
MUDRA,Mudra Financial Services Ltd
BALGOPAL,Balgopal Commercial Ltd
SUPERIOR,Superior Finlease Ltd
RPEL,Raghav Productivity Enhancers Ltd
FRANKLIN,Franklin Leasing And Finance Ltd
LANCER,Lancer Container Lines Ltd
NINSYS,Nintec Systems Ltd
HALDER,Halder Venture Ltd
GHUSHINE,Ghushine Fintrrade Ocean Ltd
THYROCARE,Thyrocare Technologies Ltd
BAJAJHCARE,Bajaj Healthcare Ltd
RSDFIN,Rsd Finance Ltd
CROMPTON,Crompton Greaves Consumer Electricals Ltd
PILANIINVS,Pilani Investment And Industries Corporation Ltd
DARSHANORNA,Darshan Orna Ltd
PARAGMILK,Parag Milk Foods Ltd
MADHAVIPL,Madhav Infra Projects Ltd
SPICELOUNG,Spice Lounge Food Works Ltd
DIDL,Dalmia Industrial Development Ltd
SNIM,Svarnim Trade Udyog Ltd
NAGAFERT,Nagarjuna Fertilizers And Chemicals Ltd
SEIL,Shanti Educational Initiatives Ltd
RGIL,Rotographics (India) Ltd
LIKHAMI,Likhami Consulting Ltd
MIL,Medico Intercontinental Ltd
YASHCHEM,Yash Chemex Ltd
NV20IETF,Icici Prudential Nifty50 Value 20 Etf
BAZELINTER,Bazel International Ltd
TAALTECH,Taal Tech Ltd
MGL,Mahanagar Gas Ltd
ZEAL,Zeal Aqua Ltd
QUESS,Quess Corp Ltd
DIGJAMLMTD,Digjam Ltd
MIDSELIETF,Icici Prudential Bse Midcap Select Etf
SIDH,Sidh Automobiles Ltd
HIIL,Hindusthan Insulators & Industries Ltd
TITAANIUM,Titaanium Ten Enterprise Ltd
COMSYN,Commercial Syn Bags Ltd
CFEL,Confidence Futuristic Energetech Ltd
LLOYDSENGG,Lloyds Engineering Works Ltd
KPL,Kwality Pharmaceuticals Ltd
LTM,Ltm Ltd
EASTWEST,East West Freight Carriers Ltd
BSLSENETFG,Aditya Birla Sun Life Bse Sensex Etf
COLORCHIPS,Colorchips New Media Ltd
ADVENZYMES,Advanced Enzyme Technologies Ltd
LAHL,Ladam Affordable Housing Ltd
DBL,Dilip Buildcon Ltd
SPAL,S.P. Apparels Ltd
BIGBLOC,Bigbloc Construction Ltd
GOLDENCREST,Golden Crest Education & Services Ltd
ECS,Ecs Biztech Ltd
RBLBANK,Rbl Bank Ltd
AMS,Ams Polymers Ltd
SHIVAEXPO,Shiva Granito Export Ltd
BLS,Bls International Services Ltd
MITSU,Mitsu Chem Plast Ltd
SPRAYKING,Sprayking Ltd
DHATRE,Dhatre Udyog Ltd
RSTL,Riddhi Steel And Tube Ltd
TVVISION,Tv Vision Ltd
GAMCO,Gamco Ltd
LTTS,L&T Technology Services Ltd
GNA,G N A Axles Ltd
RADHIKAJWE,Radhika Jeweltech Ltd
SIIL,Sabrimala Industries India Ltd
ICICIPRULI,Icici Prudential Life Insurance Company Ltd
IISL,Ishaan Infrastructures And Shelters Ltd
ARCFIN,Arc Finance Ltd
HPL,Hpl Electric & Power Ltd
SAGARSOFT,Sagarsoft (India) Ltd
DRA,Dra Consultants Ltd
VALIANTORG,Valiant Organics Ltd
ACML,Aditya Consumer Marketing Ltd
SHASHIJIT,Shashijit Infraprojects Ltd
BINDALEXPO,Bindal Exports Ltd
MHEL,Mewar Hi-Tech Engineering Ltd
DIKSAT,Diksat Transworld Ltd
ENDURANCE,Endurance Technologies Ltd
IDFSENSEXE,Bandhan S&P Bse Sensex Etf
PURPLE,Purple Agrotech Industries Ltd
SUPRAPFSL,Supra Pacific Financial Services Ltd
PNBHOUSING,Pnb Housing Finance Ltd
SOUTHERNIN,Southern Infoconsultants Ltd
REGENCY,Regency Fincorp Ltd
VBL,Varun Beverages Ltd
SALEM,Salem Erode Investments Ltd
UPROTECH,Unipro Technologies Ltd
FRANKLININD,Franklin Industries Ltd
LKPSEC,Lkp Securities Ltd
OSIAJEE,Osiajee Texfab Ltd
CMBL,Corporate Merchant Bankers Ltd
SFL,Sheela Foam Ltd
EIKO,Eiko Lifesciences Ltd
AVL,Aditya Vision Ltd
HEADSUP,Heads Up Ventures Ltd
TCIEXP,Tci Express Ltd
SHASHANK,Shashank Traders Ltd
LAURUSLABS,Laurus Labs Ltd
NEWLIGHT,New Light Industries Ltd
VSL,Viram Suvarn Ltd
MTPL,Marg Techno Projects Ltd
SHANGAR,Shangar Decor Ltd
GLCL,Globe Commercials Ltd
FLORACORP,Flora Corporation Ltd
TRU,Trucap Finance Ltd
SKL,Super Fine Knitters Ltd
RAIDEEPIND,Raideep Industries Ltd
PRICOLLTD,Pricol Ltd
JITFINFRA,Jitf Infralogistics Ltd
SUERYAAKNI,Sueryaa Knitwear Ltd
TANVI,Tanvi Foods (India) Ltd
RMC,Rmc Switchgears Ltd
PARMAX,Parmax Pharma Ltd
LLFICL,Leading Leasing Finance And Investment Company Ltd
DANUBE,Danube Industries Ltd
RADIOCITY,Music Broadcast Ltd
DMART,Avenue Supermarts Ltd
IFL,Ifl Enterprises Ltd
ONTIC,Ontic Finserve Ltd
SMLT,Sarthak Metals Ltd
CHEMCRUX,Chemcrux Enterprises Ltd
MANOMAY,Manomay Tex India Ltd
MAXIMUS,Maximus International Ltd
MANAS,Manas Properties Ltd
CLEDUCATE,Cl Educate Ltd
PRIMEFRESH,Prime Fresh Ltd
OCEANIC,Oceanic Foods Ltd
OCTAWARE,Octaware Technologies Ltd
SHANKARA,Shankara Building Products Ltd
ESCORP,Escorp Asset Management Ltd
PARMSILK,Parmeshwari Silk Mills Ltd
KMSMEDI,Kms Medisurgi Ltd
CLFL,Classic Leasing & Finance Ltd
STARLENT,Starlineps Enterprises Ltd
SCHAND,S Chand And Company Ltd
KANUNGO,Kanungo Financiers Ltd
MEERA,Meera Industries Ltd
HUDCO,Housing & Urban Development Corporation Ltd
PSPPROJECT,Psp Projects Ltd
GKL,Guru Krupa Gems And Jewellery Ltd
YUG,Yug Decor Ltd
VARIMAN,Variman Global Enterprises Ltd
STARCEMENT,Star Cement Ltd
RIDDHICORP,Riddhi Corporate Services Ltd
TEJASNET,Tejas Networks Ltd
ERIS,Eris Lifesciences Ltd
CONTAINER,Containerway International Ltd
GTPL,Gtpl Hathway Ltd
AUBANK,Au Small Finance Bank Ltd
LOWVOLIETF,Icici Prudential Nifty 100 Low Volatility 30 Etf
GEL,Gautam Exim Ltd
GGENG,G G Engineering Ltd
7NR,7Nr Retail Ltd
SALASAR,Salasar Techno Engineering Ltd
GANGESSECU,Ganges Securities Ltd
PALASHSECU,Palash Securities Ltd
AVADHSUGAR,Avadh Sugar & Energy Ltd
MAGADSUGAR,Magadh Sugar & Energy Ltd
JIGAR,Jigar Cables Ltd
CTCL,Captain Technocast Ltd
GSTL,Globalspace Technologies Ltd
NEXT50BETA,Uti Nifty Next 50 Etf
SIS,Sis Ltd
COCHINSHIP,Cochin Shipyard Ltd
HALEOSLABS,Haleos Labs Ltd
KIOCL,Kiocl Ltd
CHOTHANI,Chothani Foods Ltd
SMRUTHIORG,Smruthi Organics Ltd
ABCAPITAL,Aditya Birla Capital Ltd
APEX,Apex Frozen Foods Ltd
SHISHIND,Shish Industries Ltd
ANG,Ang Lifesciences India Ltd
KCDGROUP,Kcd Industries India Ltd
DIXON,Dixon Technologies (India) Ltd
BRNL,Bharat Road Network Ltd
DCAL,Dishman Carbogen Amcis Ltd
LASA,Lasa Supergenerics Ltd
PROCLB,Pro Clb Global Ltd
MATRIMONY,Matrimony.Com Ltd
CAPACITE,Capacite Infraprojects Ltd
ICICIGI,Icici Lombard General Insurance Company Ltd
PQIF,Polo Queen Industrial And Fintech Ltd
AAYUSHBULL,Aayush Art And Bullion Ltd
SBILIFE,Sbi Life Insurance Company Ltd
DIAMONDYD,Prataap Snacks Ltd
SHAREINDIA,Share India Securities Ltd
TTFL,Trident Texofab Ltd
POOJA,Poojawestern Metaliks Ltd
SAYAJIIND,Sayaji Industries Ltd
VANTABIO,Vanta Bioscience Ltd
MEHAI,Mehai Technology Ltd
IRIS,Iris Regtech Solutions Ltd
SGRL,Shree Ganesh Remedies Ltd
STL,Shreeji Translogistics Ltd
GODREJAGRO,Godrej Agrovet Ltd
MASFIN,Mas Financial Services Ltd
IEX,Indian Energy Exchange Ltd
GICRE,General Insurance Corporation Of India
KAARYAFSL,Kaarya Facilities And Services Ltd
SCPL,Sheetal Cool Products Ltd
TIINDIA,Tube Investments Of India Ltd
NAM-INDIA,Nippon Life India Asset Management Ltd
MAHLOG,Mahindra Logistics Ltd
NIACL,The New India Assurance Company Ltd
IFGLEXPOR,Ifgl Refractories Ltd
KHADIM,Khadim India Ltd
5PAISA,5Paisa Capital Ltd
HDFCLIFE,Hdfc Life Insurance Company Ltd
SBRANDS,Sanghvi Brands Ltd
SHARIKA,Sharika Enterprises Ltd
ICICIB22,Bharat 22 Etf - Icici Prudential Amc
ASPIRA,Aspira Pathlab & Diagnostics Ltd
DNAMEDIA,Diligent Media Corporation Ltd
DYCL,Dynamic Cables Ltd
RATNABHUMI,Ratnabhumi Developers Ltd
SHALBY,Shalby Ltd
MRCAGRO,Mrc Agrotech Ltd
DML,Diggi Multitrade Ltd
CRYSTAL,Crystal Business System Ltd
ASTRON,Astron Paper & Board Mill Ltd
CHANDRIMA,Chandrima Mercantiles Ltd
RITHWIKFMS,Rithwik Facility Management Services Ltd
JFL,Jhandewalas Foods Ltd
7SEASL,7Seas Entertainment Ltd
APOLLO,Apollo Micro Systems Ltd
NEWGEN,Newgen Software Technologies Ltd
PRAXIS,Praxis Home Retail Ltd
AMBER,Amber Enterprises India Ltd
TIRUFOAM,Tirupati Foam Ltd
SRUSTEELS,Sru Steels Ltd
ASHOKAMET,Ashoka Metcast Ltd
GALAXYSURF,Galaxy Surfactants Ltd
GGL,Gautam Gems Ltd
MEDICO,Medico Remedies Ltd
GUJHYSPIN,Gujarat Hy-Spin Ltd
LAL,Lorenzini Apparels Ltd
KENVI,Kenvi Jewels Ltd
IWP,The Indian Wood Products Company Ltd
BHATIA,Bhatia Communications & Retail (India) Ltd
SHIVAMILLS,Shiva Mills Ltd
ASTERDM,Aster Dm Healthcare Ltd
YSL,The Yamuna Syndicate Ltd
KANCOTEA,Kanco Tea & Industries Ltd
ANGEL,Angel Fibers Ltd
HGINFRA,H.G. Infra Engineering Ltd
INFLAME,Inflame Appliances Ltd
BPLPHARMA,Bharat Parenterals Ltd
SHREESHAY,Shreeshay Engineers Ltd
ACFL,Apex Capital And Finance Ltd
BDL,Bharat Dynamics Ltd
ACTIVE,Active Clothing Co Ltd
GOYALALUM,Goyal Aluminiums Ltd
BANDHANBNK,Bandhan Bank Ltd
HAL,Hindustan Aeronautics Ltd
SANDHAR,Sandhar Technologies Ltd
YASHO,Yasho Industries Ltd
BENARA,Benara Bearings And Pistons Ltd
MIDHANI,Mishra Dhatu Nigam Ltd
LEX,Lex Nimble Solutions Ltd
OBCL,Orissa Bengal Carrier Ltd
TRL,Taylormade Renewables Ltd
LEMONTREE,Lemon Tree Hotels Ltd
CHEMFAB,Chemfab Alkalis Ltd
HARDWYN,Hardwyn India Ltd
DLCL,Dr Lalchandani Labs Ltd
ORIENTELEC,Orient Electric Ltd
DHRUV,Dhruv Consultancy Services Ltd
AKSHAR,Akshar Spintex Ltd
INDOUS,Indo Us Bio-Tech Ltd
BSE500IETF,Icici Prudential Bse 500 Etf
INDOSTAR,Indostar Capital Finance Ltd
MILEFUR,Milestone Furniture Ltd
UHZAVERI,U. H. Zaveri Ltd
PARVATI,Parvati Sweetners And Power Ltd
MEGASTAR,Megastar Foods Ltd
INNOVATORS,Innovators Facade Systems Ltd
UCIL,Unifinz Capital India Ltd
ZIMLAB,Zim Laboratories Ltd
AFFORDABLE,Affordable Robotic & Automation Ltd
DOLLAR,Dollar Industries Ltd
NGIL,Nakoda Group Of Industries Ltd
PALMJEWELS,Palm Jewels Ltd
WAA,Waa Solar Ltd
ADANIGREEN,Adani Green Energy Ltd
UNICK,Unick Fix-A-Form And Printers Ltd
SOLARA,Solara Active Pharma Sciences Ltd
GAYAHWS,Gayatri Highways Ltd
RITES,Rites Ltd
FINEORG,Fine Organic Industries Ltd
VARROC,Varroc Engineering Ltd
RAJNISH,Rajnish Wellness Ltd
GUJWIND,Gujarat Winding Systems Ltd
STRAEXPO,Sophia Traexpo Ltd
RAWEDGE,Raw Edge Industrial Solutions Ltd
SUPERSHAKT,Supershakti Metaliks Ltd
ASHNI,Ashnisha Industries Ltd
RACONTEUR,Raconteur Global Resources Ltd
HDFCAMC,Hdfc Asset Management Company Ltd
VIVANTA,Vivanta Industries Ltd
FRATELLI,Fratelli Vineyards Ltd
CREDITACC,Creditaccess Grameen Ltd
AMINTAN,Amin Tannery Ltd
DEEP,Deep Polymers Ltd
SMEL,Sungold Media And Entertainment Ltd
NEXT50IETF,Icici Prudential Nifty Next 50 Etf
ASRL,Add-Shop Eretail Ltd
SPACEINCUBA,Space Incubatrics Technologies Ltd
SGIL,Synergy Green Industries Ltd
RANJEET,Ranjeet Mechatronics Ltd
IRCON,Ircon International Ltd
SKYGOLD,Sky Gold And Diamonds Ltd
SETFSN50,Sbi - Etf - Sensex Next 50
MACH,Mac Hotels Ltd
MANORAMA,Manorama Industries Ltd
INNOVATIVE,Innovative Ideals And Services (India) Ltd
AAVAS,Aavas Financiers Ltd
GRSE,Garden Reach Shipbuilders & Engineers Ltd
A1L,A-1 Ltd
DOLFIN,Dolfin Rubbers Ltd
SHUBHAM,Shubham Polyspin Ltd
AKI,Aki India Ltd
SUNRETAIL,Sun Retail Ltd
SMGOLD,S. M. Gold Ltd
VIVIDM,Vivid Mercantile Ltd
BCPL,Bcpl Railway Infrastructure Ltd
ATGL,Adani Total Gas Ltd
PHOSPHATE,The Phosphate Company Ltd
NIFTYETF,Mirae Asset Nifty 50 Etf (Man50Etf)
TECHNOE,Techno Electric & Engineering Company Ltd
RONI,Roni Households Ltd
SKIFL,Shree Krishna Infrastructure Ltd
DGL,Diksha Greens Ltd
ARYAN,Aryan Share And Stock Brokers Ltd
NIVAKA,Nivaka Fashions Ltd
DALBHARAT,Dalmia Bharat Ltd
ABSLNN50ET,Aditya Birla Sun Life Nifty Next 50 Etf
NILASPACES,Nila Spaces Ltd
SRD,Shankar Lal Rampal Dye-Chem Ltd
TREJHARA,Trejhara Solutions Ltd
DECCAN,Deccan Health Care Ltd
AXITA,Axita Cotton Ltd
KPIGREEN,Kpi Green Energy Ltd
HIKLASS,Hi-Klass Trading And Investment Ltd
RPSGVENT,Rpsg Ventures Ltd
SPENCERS,Spencers Retail Ltd
GLOSTERLTD,Gloster Ltd
XELPMOC,Xelpmoc Design And Tech Ltd
SPACAPS,Spa Capital Services Ltd
RITCO,Ritco Logistics Ltd
CHALET,Chalet Hotels Ltd
ANMOL,Anmol India Ltd
JONJUA,Jonjua Overseas Ltd
KRANTI,Kranti Industries Ltd
ANUP,The Anup Engineering Ltd
GLAAMUP,Glaam Up Jwel Ltd
ARVINDFASN,Arvind Fashions Ltd
MAHIP,Mahip Industries Ltd
SNXT50BETA,Uti Bse Sensex Next 50 Etf
JYOTIN,Jyot International Marketing Ltd
AGOL,Ashapuri Gold Ornament Ltd
AARTECH,Aartech Solonics Ltd
HBEL,Humming Bird Education Ltd
MSTCLTD,Mstc Ltd
ROOPSHRI,Roopshri Resorts Ltd
CHANDNIMACH,Chandni Machines Ltd
NSL,Northern Spirits Ltd
RVNL,Rail Vikas Nigam Ltd
METROPOLIS,Metropolis Healthcare Ltd
KPITTECH,Kpit Technologies Ltd
POLYCAB,Polycab India Ltd
VRFILMS,V R Films & Studios Ltd
VIKASLIFE,Vikas Lifecare Ltd
NEOGEN,Neogen Chemicals Ltd
GKP,G. K. P. Printing & Packaging Ltd
EVANS,Evans Electric Ltd
BMW,Bmw Industries Ltd
AEPL,Artemis Electricals And Projects Ltd
CHCL,Cian Healthcare Ltd
DEL,Dhanashree Electronics Ltd
HARISH,Harish Textile Engineers Ltd
PPL,Prakash Pipes Ltd
DGCONTENT,Digicontent Ltd
PARSHVA,Parshva Enterprises Ltd
ARL,Anand Rayons Ltd
SBC,Sbc Exports Ltd
INDIAMART,Indiamart Intermesh Ltd
CPML,City Pulse Multiventures Ltd
SKIEL,Sk International Export Ltd
DCMNVL,Dcm Nouvelle Ltd
BANKIETF,Icici Prudential Nifty Bank Etf
SNXT50BEES,Nippon India Etf S&P Bse Sensex Next 50
AFFLE,Affle 3I Ltd
PVTBANIETF,Icici Prudential Nifty Private Bank Etf
SPANDANA,Spandana Sphoorty Financial Ltd
SWSOLAR,Sterling And Wilson Renewable Energy Ltd
TRANSPACT,Transpact Enterprises Ltd
ALPHALOGIC,Alphalogic Techsys Ltd
NOVATEOR,Novateor Research Laboratories Ltd
360ONE,360 One Wam Ltd
IIFLCAPS,Iifl Capital Services Ltd
MUFIN,Mufin Green Finance Ltd
MISQUITA,Misquita Engineering Ltd
GALACTICO,Galactico Corporate Services Ltd
VEL,Vaxfab Enterprises Ltd
FLUOROCHEM,Gujarat Fluorochemicals Ltd
IRCTC,Indian Railway Catering And Tourism Corporation Ltd
GOBLIN,Goblin India Ltd
VISHWARAJ,Vishwaraj Sugar Industries Ltd
GREENPANEL,Greenpanel Industries Ltd
SHAHLON,Shahlon Silk Industries Ltd
ABSLBANETF,Aditya Birla Sun Life Nifty Bank Etf
MOUNT,Mount Housing And Infrastructure Ltd
ANUROOP,Anuroop Packaging Ltd
CSBBANK,Csb Bank Ltd
UJJIVANSFB,Ujjivan Small Finance Bank Ltd
HINDWAREAP,Hindware Home Innovation Ltd
EASUN,Easun Capital Markets Ltd
PRINCEPIPE,Prince Pipes And Fittings Ltd
VALENCIA,Valencia Nutrition Ltd
ASSAMENT,Assam Entrade Ltd
GIANLIFE,Gian Life Care Ltd
ARTEMISMED,Artemis Medicare Services Ltd
SUMICHEM,Sumitomo Chemical India Ltd
MIDCAPIETF,Icici Prudential Nifty Midcap 150 Etf
NEXT50,Mirae Asset Nifty Next 50 Etf (Manxt50Etf)
TRANWAY21,Tranway21 Technologies Ltd
VARDHANCFL,Vardhan Capital & Finance Ltd
UNIVPHOTO,Universus Photo Imagings Ltd
CBPL,Chandra Bhagat Pharma Ltd
OCTAVIUSPL,Octavius Plantations Ltd
COHANCE,Cohance Lifesciences Ltd
SMAUTO,Sm Auto Stamping Ltd
SBICARD,Sbi Cards And Payment Services Ltd
08MPD,Nippon India Equity Savings Fund -  Segregated Portfolio 2 - Monthly Dividend Plan(Issue Price: 0.01)
08ADR,Nippon India Equity Savings Fund -  Segregated Portfolio 2 - Direct Dividend Plan(Issue Price: 0.01)
08MPR,Nippon India Equity Savings Fund -  Segregated Portfolio 2 - Monthly Dividend Plan(Issue Price: 0.01)
08AMD,Nippon India Equity Savings Fund -  Segregated Portfolio 2 - Direct Monthly Dividend Plan(Issue Price: 0.01)
08AMR,Nippon India Equity Savings Fund -  Segregated Portfolio 2 - Direct Monthly Dividend Plan(Issue Price: 0.01)
08BPB,Nippon India Equity Savings Fund -  Segregated Portfolio 2 - Bonus Plan(Issue Price: 0.01)
08GPG,Nippon India Equity Savings Fund -  Segregated Portfolio 2 - Growth Plan(Issue Price: 0.01)
08ABB,Nippon India Equity Savings Fund -  Segregated Portfolio 2 - Direct Bonus Plan(Issue Price: 0.01)
08QPD,Nippon India Equity Savings Fund -  Segregated Portfolio 2 - Quarterly Dividend Plan(Issue Price: 0.01)
08AGG,Nippon India Equity Savings Fund -  Segregated Portfolio 2 - Direct Growth Plan(Issue Price: 0.01)
08QPR,Nippon India Equity Savings Fund -  Segregated Portfolio 2 - Quarterly Dividend Plan(Issue Price: 0.01)
08AQD,Nippon India Equity Savings Fund -  Segregated Portfolio 2 - Direct Quarterly Dividend Plan(Issue Price: 0.01)
08DPD,Nippon India Equity Savings Fund -  Segregated Portfolio 2 - Dividend Plan(Issue Price: 0.01)
08AQR,Nippon India Equity Savings Fund -  Segregated Portfolio 2 - Direct Quarterly Dividend Plan(Issue Price: 0.01)
08DPR,Nippon India Equity Savings Fund -  Segregated Portfolio 2 - Dividend Plan(Issue Price: 0.01)
08ADD,Nippon India Equity Savings Fund -  Segregated Portfolio 2 - Direct Dividend Plan(Issue Price: 0.01)
ROJL,Ro Jewels Ltd
COSPOWER,Cospower Engineering Ltd
11DPR,Nippon India Equity Hybrid Fund -  Segregated Portfolio 2Dividend Plandividend Reinvestment
11GPG,Nippon India Equity Hybrid Fund -  Segregated Portfolio 2Growth Plan Growth Optiongrowth
11MPD,Nippon India Equity Hybrid Fund -  Segregated Portfolio 2Monthly Dividend Plandividend Payout
11MPR,Nippon India Equity Hybrid Fund -  Segregated Portfolio 2Monthly Dividend Planreinvestment
11QPD,Nippon India Equity Hybrid Fund -  Segregated Portfolio 2Quarterly Dividend Plandividend Payout
11QPR,Nippon India Equity Hybrid Fund -  Segregated Portfolio 2Quarterly Dividend Planreinvestment
11ADD,Nippon India Equity Hybrid Fund -  Segregated Portfolio 2Direct Plan Dividend Plandividend Payout
11ADR,Nippon India Equity Hybrid Fund -  Segregated Portfolio 2Direct Plan Dividend Plandividend Reinvestment
11AGG,Nippon India Equity Hybrid Fund -  Segregated Portfolio 2Direct Growth Plan Growth Optiongrowth
11AMD,Nippon India Equity Hybrid Fund -  Segregated Portfolio 2Direct Monthly Dividend Plandividend Payout
11AMR,Nippon India Equity Hybrid Fund -  Segregated Portfolio 2Direct Monthly Dividend Planreinvestment
11AQD,Nippon India Equity Hybrid Fund -  Segregated Portfolio 2Direct Quarterly Dividend Plandividend Payout
11AQR,Nippon India Equity Hybrid Fund -  Segregated Portfolio 2Direct Quarterly Dividend Planreinvestment
11DPD,Nippon India Equity Hybrid Fund -  Segregated Portfolio 2Dividend Plandividend Payout
POWERINDIA,Hitachi Energy India Ltd
DJML,Dj Mediaprint & Logistics Ltd
NIRMITEE,Nirmitee Robotics India Ltd
NATURAL,Natural Biocon (India) Ltd
REGIS,Regis Industries Ltd
BILLWIN,Billwin Industries Ltd
AARTISURF,Aarti Surfactants Ltd
BONLON,Bonlon Industries Ltd
BOROLTD,Borosil Ltd
ROSSARI,Rossari Biotech Ltd
NDRAUTO,Ndr Auto Components Ltd
SBGLP,Suratwwala Business Group Ltd
ALPL30IETF,Icici Prudential Nifty Alpha Low- Volatility 30 Etf
MAXHEALTH,Max Healthcare Institute Ltd
ITIETF,Icici Prudential Nifty It Etf
MAXIND,Max India Ltd
HDFCNIFBAN,Hdfc Nifty Banking Etf
BANKBETA,Uti Nifty Bank Etf
HAPPSTMNDS,Happiest Minds Technologies Ltd
ROUTE,Route Mobile Ltd
SAMRATFORG,Samrat Forgings Ltd
ADVAIT,Advait Energy Transitions Ltd
ADL,Archidply Decor Ltd
CAMS,Computer Age Management Services Ltd
CHEMCON,Chemcon Speciality Chemicals Ltd
SECMARK,Secmark Consultancy Ltd
ANGELONE,Angel One Ltd
ATAM,Atam Valves Ltd
MAZDOCK,Mazagon Dock Shipbuilders Ltd
UTIAMC,Uti Asset Management Company Ltd
GMPL,G M Polyplast Ltd
LIKHITHA,Likhitha Infrastructure Ltd
VGIL,Veer Global Infraconstruction Ltd
HEMIPROP,Hemisphere Properties India Ltd
EQUITASBNK,Equitas Small Finance Bank Ltd
SHINEFASH,Shine Fashions (India) Ltd
GLAND,Gland Pharma Ltd
ESG,Mirae Asset Nifty 100 Esg Sector Leaders Etf
NETPIX,Net Pix Shorts Digital Media Ltd
RBA,Restaurant Brands Asia Ltd
TARC,Tarc Ltd
RVHL,Ravinder Heights Ltd
FAIRCHEMOR,Fairchem Organics Ltd
BECTORFOOD,Mrs. Bectors Food Specialities Ltd
AWHCL,Antony Waste Handling Cell Ltd
INFRABEES,Nippon India Etf Nifty Infrastructure Bees
RFLL,Rita Finance And Leasing Ltd
IRFC,Indian Railway Finance Corporation Ltd
INDIGOPNTS,Indigo Paints Ltd
HOMEFIRST,Home First Finance Company India Ltd
STOVEKRAFT,Stove Kraft Ltd
MRP,Mrp Agro Ltd
SMCGLOBAL,Smc Global Securities Ltd
NURECA,Nureca Ltd
RAILTEL,Railtel Corporation Of India Ltd
HERANBA,Heranba Industries Ltd
DAVANGERE,Davangere Sugar Company Ltd
DRCSYSTEMS,Drc Systems India Ltd
MTARTECH,Mtar Technologies Ltd
JUBLINGREA,Jubilant Ingrevia Ltd
EASEMYTRIP,Easy Trip Planners Ltd
KMEW,Knowledge Marine & Engineering Works Ltd
ANURAS,Anupam Rasayan India Ltd
CRAFTSMAN,Craftsman Automation Ltd
LXCHEM,Laxmi Organic Industries Ltd
KALYANKJIL,Kalyan Jewellers India Ltd
SURYODAY,Suryoday Small Finance Bank Ltd
NAZARA,Nazara Technologies Ltd
SUVIDHAA,Suvidhaa Infoserve Ltd
NIKSTECH,Niks Technology Ltd
UFBL,United Foodbrands Ltd
EKI,Eki Energy Services Ltd
RCAN,Rajeshwari Cans Ltd
JETMALL,Jetmall Spices And Masala Ltd
LODHA,Lodha Developers Ltd
DEEPINDS,Deep Industries Ltd
KGES,Kuberan Global Edu Solutions Ltd
MAFANG,Mirae Asset Nyse Fang+ Etf
HEALTHIETF,Icici Prudential Nifty Healthcare Etf
VINEETLAB,Vineet Laboratories Ltd
SHYAMMETL,Shyam Metalics And Energy Ltd
SONACOMS,Sona Blw Precision Forgings Ltd
DODLA,Dodla Dairy Ltd
KIMS,Krishna Institute Of Medical Sciences Ltd
ADESHWAR,Adeshwar Meditex Ltd
TIMESGREEN,Times Green Energy (India) Ltd
IPL,India Pesticides Ltd
FOCUS,Focus Business Solution Ltd
GRINFRA,G R Infraprojects Ltd
CLEAN,Clean Science And Technology Ltd
AAPLUSTRAD,Aa Plus Tradelink Ltd
ETERNAL,Eternal Ltd
TATVA,Tatva Chintan Pharma Chem Ltd
ALIVUS,Alivus Life Sciences Ltd
BFSI,Mirae Asset Nifty Financial Services Etf
GCSL,Gretex Corporate Services Ltd
ROLEXRINGS,Rolex Rings Ltd
FMCGIETF,Icici Prudential Nifty Fmcg Etf
EXXARO,Exxaro Tiles Ltd
KRSNAA,Krsnaa Diagnostics Ltd
WINDLAS,Windlas Biotech Ltd
DEVYANI,Devyani International Ltd
MOL,Meghmani Organics Ltd
EPIGRAL,Epigral Ltd
CARTRADE,Cartrade Tech Ltd
NUVOCO,Nuvoco Vistas Corporation Ltd
APTUS,Aptus Value Housing Finance India Ltd
CHEMPLASTS,Chemplast Sanmar Ltd
SHARPLINE,Sharpline Broadcast Ltd
AASHKA,Aashka Hospitals Ltd
AXISTECETF,Axis Nifty It Etf
AXISHCETF,Axis Nifty Healthcare Etf
ACUTAAS,Acutaas Chemicals Ltd
VIJAYA,Vijaya Diagnostic Centre Ltd
NBL,Naapbooks Ltd
POBS,Platinumone Business Services Ltd
AXISCETF,Axis Nifty India Consumption Etf
SANSERA,Sansera Engineering Ltd
PREVEST,Prevest Denpro Ltd
MARKOLINES,Markolines Pavement Technologies Ltd
MASPTOP50,Mirae Asset S&P 500 Top 50 Etf
SBLI,Sbl Infratech Ltd
PARAS,Paras Defence And Space Technologies Ltd
GETALONG,Getalong Enterprise Ltd
SVRL,Shri Venkatesh Refineries Ltd
ABSLAMC,Aditya Birla Sun Life Amc Ltd
PROMAX,Promax Power Ltd
SAMOR,Samor Reality Ltd
ADISHAKTI,Adishakti Loha And Ispat Ltd
CWD,Cwd Ltd
CONSUMIETF,Icici Prudential Nifty India Consumption Etf
NYKAA,Fsn E-Commerce Ventures Ltd
FINOPB,Fino Payments Bank Ltd
SJS,S.J.S. Enterprises Ltd
EQUAL50ADD,Dsp Nifty 50 Equal Weight Etf
SIGACHI,Sigachi Industries Ltd
POLICYBZR,Pb Fintech Ltd
SGFRL,Suyog Gurbaxani Funicular Ropeways Ltd
PAYTM,One 97 Communications Ltd
SAPPHIRE,Sapphire Foods India Ltd
LATENTVIEW,Latent View Analytics Ltd
TARSONS,Tarsons Products Ltd
OMNIPOTENT,Omnipotent Industries Ltd
GOCOLORS,Go Fashion (India) Ltd
DMR,Dmr Engineering Ltd
HITECH,Hi-Tech Pipes Ltd
STARHEALTH,Star Health And Allied Insurance Company Ltd
TEGA,Tega Industries Ltd
MAHKTECH,Mirae Asset Hang Seng Tech Etf
ANANDRATHI,Anand Rathi Wealth Ltd
ZODIAC,Zodiac Energy Ltd
RATEGAIN,Rategain Travel Technologies Ltd
SHRIRAMPPS,Shriram Properties Ltd
JETFREIGHT,Jet Freight Logistics Ltd
MAPMYINDIA,C.E. Info Systems Ltd
METROBRAND,Metro Brands Ltd
MEDPLUS,Medplus Health Services Ltd
DATAPATTNS,Data Patterns (India) Ltd
HPAL,Hp Adhesives Ltd
SUPRIYA,Supriya Lifescience Ltd
CLARA,Clara Industries Ltd
WITS,Wherrelz It Solutions Ltd
MONQ50,Motilal Oswal Nasdaq Q 50 Etf
MIDQ50ADD,Dsp Nifty Midcap 150 Quality 50 Etf
NIFTYADD,Dsp Nifty 50 Etf
CMSINFO,Cms Info Systems Ltd
BCONCEPTS,Brand Concepts Ltd
ASCENSIVE,Ascensive Educare Ltd
FABINO,Fabino Enterprises Ltd
WEL,Wonder Electricals Ltd
AUTOIETF,Icici Prudential Nifty Auto Etf
ALKOSIGN,Alkosign Ltd
MAKEINDIA,Mirae Asset Nifty India Manufacturing Etf
AWL,Awl Agri Business Ltd
QRIL,Quality Ro Industries Ltd
SSTL,Safa Systems & Technologies Ltd
DEVIT,Dev Information Technology Ltd
MANYAVAR,Vedant Fashions Ltd
SPITZE,Maruti Interior Products Ltd
MOMOMENTUM,Motilal Oswal Nifty 200 Momentum 30 Etf
SOFTTECH,Softtech Engineers Ltd
TECH,Aditya Birla Sunlife Nifty It Etf
HEALTHY,Aditya Birla Sun Life Nifty Healthcare Etf
BSLNIFTY,Aditya Birla Sun Life Nifty 50 Etf
EKENNIS,Ekennis Software Service Ltd
MIDCAPETF,Mirae Asset Nifty Midcap 150 Etf
EUREKAFORB,Eureka Forbes Ltd
GATEWAY,Gateway Distriparks Ltd
GMRP&UI,Gmr Power And Urban Infra Ltd
BCCL,Bhatia Colour Chem Ltd
MSUMI,Motherson Sumi Wiring India Ltd
ACHYUT,Achyut Healthcare Ltd
EVOQ,Evoq Remedies Ltd
MOLOWVOL,Motilal Oswal Bse Low Volatility Etf
AVROIND,Avro India Ltd
UMAEXPORTS,Uma Exports Ltd
VERANDA,Veranda Learning Solutions Ltd
SEML,Sunrise Efficient Marketing Ltd
DHYAANITR,Dhyaani Tradeventtures Ltd
HARIOMPIPE,Hariom Pipe Industries Ltd
EIGHTY,Eighty Jewellers Ltd
SFSL,Shashwat Furnishing Solutions Ltd
GLHRL,Global Longlife Hospital And Research Ltd
FONE4,Fone4 Communications (India) Ltd
NVENTURES,Nanavati Ventures Ltd
CAMPUS,Campus Activewear Ltd
RAINBOW,Rainbow Children'S Medicare Ltd
SILVERTUC,Silver Touch Technologies Ltd
LICI,Life Insurance Corporation Of India
PRUDENT,Prudent Corporate Advisory Services Ltd
VENUSPIPES,Venus Pipes & Tubes Ltd
DELHIVERY,Delhivery Ltd
PARADEEP,Paradeep Phosphates Ltd
TIERRA,Tierra Agrotech Ltd
ETHOSLTD,Ethos Ltd
EMUDHRA,Emudhra Ltd
AETHER,Aether Industries Ltd
WEWIN,We Win Ltd
SILVERPRL,Silver Pearl Hospitality & Luxury Spaces Ltd
SCARNOSE,Scarnose International Ltd
GOEL,Goel Food Products Ltd
MODIS,Modis Navnirman Ltd
PGCRL,Pearl Green Clubs And Resorts Ltd
SAILANI,Sailani Tours N Travels Ltd
KESAR,Kesar India Ltd
BRRL,B-Right Realestate Ltd
JAYANT,Jayant Infratech Ltd
VEERKRUPA,Veerkrupa Jewellers Ltd
HEALTHYLIFE,Healthy Life Agritec Ltd
DDEVPLSTIK,Ddev Plastiks Industries Ltd
MOHEALTH,Motilal Oswal Bse Healthcare Etf
MOM30IETF,Icici Prudential Nifty 200 Momentum 30 Etf
HDFCNIF100,Hdfc Nifty 100 Etf
HDFCNEXT50,Hdfc Mutual Fund
INFRAIETF,Icici Prudential Nifty Infrastructure Etf
SYRMA,Syrma Sgs Technology Ltd
NIFTYQLITY,Aditya Birla Sun Life Nifty 200 Quality 30 Etf
MOMENTUM,Aditya Birla Sun Life Nifty 200 Momentum 30 Etf
MOVALUE,Motilal Oswal Bse Enhanced Value Etf
MOQUALITY,Motilal Oswal Bse Quality Etf
OLATECH,Olatech Solutions Ltd
RHETAN,Rhetan Tmt Ltd
DREAMFOLKS,Dreamfolks Services Ltd
DBOL,Dhampur Bio Organics Ltd
DPL,Dipna Pharmachem Ltd
EPBIO,Ep Biocomposites Ltd
TMB,Tamilnad Mercantile Bank Ltd
VOEPL,Virtuoso Optoelectronics Ltd
SISL,Shantidoot Infra Services Ltd
KSOLVES,Ksolves India Ltd
HARSHA,Harsha Engineers International Ltd
HDFCQUAL,Hdfc Nifty100 Quality 30 Etf
CONTAINE,Containe Technologies Ltd
HDFCGROWTH,Hdfc Nifty Growth Sectors 15 Etf
HDFCVALUE,Hdfc Nifty50 Value 20 Etf
MAFIA,Mafia Trends Ltd
TIPSFILMS,Tips Films Ltd
SRSOLTD,Silicon Rental Solutions Ltd
TLL,Trident Lifeline Ltd
REETECH,Reetech International Ltd
CARGOTRANS,Cargotrans Maritime Ltd
CNCRD,Concord Control Systems Ltd
INA,Insolation Energy Ltd
CARGOSOL,Cargosol Logistics Ltd
STML,Steelman Telecom Ltd
VEDANTASSET,Vedant Asset Ltd
EMIL,Electronics Mart India Ltd
HDFCLOWVOL,Hdfc Nifty100 Low Volatility 30 Etf
HDFCMOMENT,Hdfc Nifty200 Momentum 30 Etf
PPLPHARMA,Piramal Pharma Ltd
DCI,Dc Infotech And Communication Ltd
PACE,Pace E-Commerce Ventures Ltd
TRACXN,Tracxn Technologies Ltd
NARMADA,Narmada Agrobase Ltd
INFOBEAN,Infobeans Technologies Ltd
HPIL,Hindprakash Industries Ltd
DCXINDIA,Dcx Systems Ltd
DAPS,Daps Advertising Ltd
FUSION,Fusion Finance Ltd
BIKAJI,Bikaji Foods International Ltd
MEDANTA,Global Health Ltd
TECHNOPACK,Technopack Polymers Ltd
ACI,Archean Chemical Industries Ltd
FIVESTAR,Five-Star Business Finance Ltd
KAYNES,Kaynes Technology India Ltd
HDFCNIFIT,Hdfc Nifty It Etf
HDFCPVTBAN,Hdfc Nifty Private Bank Etf
INOXGREEN,Inox Green Energy Services Ltd
BBTCL,B&B Triplewall Containers Ltd
RUSTOMJEE,Keystone Realtors Ltd
VINNY,Vinny Overseas Ltd
AAATECH,Aaa Technologies Ltd
FINIETF,Icici Prudential Nifty Financial Services Ex-Bank Etf
AMBOAGRI,Ambo Agritec Ltd
SIRCA,Sirca Paints India Ltd
DHARMAJ,Dharmaj Crop Guard Ltd
SARVESHWAR,Sarveshwar Foods Ltd
UNIPARTS,Uniparts India Ltd
GARGI,Pngs Gargi Fashion Jewellery Ltd
COMMOIETF,Icici Prudential Nifty Commodities Etf
SULA,Sula Vineyards Ltd
AFSL,Abans Financial Services Ltd
DRONACHRYA,Droneacharya Aerial Innovations Ltd
LANDMARK,Landmark Cars Ltd
KFINTECH,Kfin Technologies Ltd
ELIN,Elin Electronics Ltd
RADIANTCMS,Radiant Cash Management Services Ltd
AVEER,Aveer Foods Ltd
BANKADD,Dsp Nifty Bank Etf
AERONEU,Aeroflex Neu Ltd
REXSEAL,Rex Sealing And Packing Industries Ltd
SVS,Svs Ventures Ltd
LOGICA,Logica Infoway Ltd
KAMOPAINTS,Kamdhenu Ventures Ltd
AARTIPHARM,Aarti Pharmalabs Ltd
DHARNI,Dharni Capital Services Ltd
TRANSVOY,Transvoy Logistics India Ltd
EARTH,Earthstahl & Alloys Ltd
ASHIKA,Ashika Credit Capital Ltd
BTML,Bodhi Tree Multimedia Ltd
NSLNISP,Nmdc Steel Ltd
INDONG,Indong Tea Company Ltd
HDFCBSE500,Hdfc Bse 500 Etf
HDFCSML250,Hdfc Nifty Smallcap 250 Etf
HDFCMID150,Hdfc Nifty Midcap 150 Etf
SEALMATIC,Sealmatic India Ltd
ROBU,Macfos Ltd
PATRON,Patron Exim Ltd
SVJ,S. V. J. Enterprises Ltd
AMANAYA,Amanaya Ventures Ltd
RESGEN,Resgen Ltd
ITCONS,Itcons E-Solutions Ltd
AIRAN,Airan Ltd
DIVGIITTS,Divgi Torqtransfer Systems Ltd
PCL,Prospect Consumer Products Ltd
PSUBNKIETF,Icici Prudential Nifty Psu Bank Etf
SUDARSHAN,Sudarshan Pharma Industries Ltd
GSLSU,Global Surfaces Ltd
LABELKRAFT,Labelkraft Technologies Ltd
BRIGHT,Bright Outdoor Media Ltd
COMMAND,Command Polymers Ltd
DEVLAB,Dev Labtech Venture Ltd
AXSENSEX,Axis S&P Bse Sensex Etf
LOWVOL,Mirae Asset Nifty 100 Low Volatility 30 Etf
JAFINANCE,J.A. Finance Ltd
USK,Udayshivakumar Infra Ltd
MAIDEN,Maiden Forgings Ltd
EXHICON,Exhicon Events Media Solutions Ltd
AVALON,Avalon Technologies Ltd
SANCODE,Sancode Technologies Ltd
BLAL,Beml Land Assets Ltd
RHL,Robust Hotels Ltd
RETINA,Retina Paints Ltd
MANKIND,Mankind Pharma Ltd
INNOKAIZ,Innokaiz India Ltd
AVG,Avg Logistics Ltd
ATALREAL,Atal Realtech Ltd
PIGL,Power And Instrumentation (Gujarat) Ltd
SWATIPRO,Swati Projects Ltd
PAVNAIND,Pavna Industries Ltd
HSIL,Hemant Surgical Industries Ltd
SIGMA,Sigma Solve Ltd
GHCLTEXTIL,Ghcl Textiles Ltd
MKPL,M. K. Proteins Ltd
CFF,Cff Fluid Control Ltd
COMRADE,Comrade Appliances Ltd
IKIO,Ikio Technologies Ltd
SONALIS,Sonalis Consumer Products Ltd
BIZOTIC,Bizotic Commercial Ltd
ASIAN,Asian Warehousing Ltd
COSMICCRF,Cosmic Crf Ltd
HMAAGRO,Hma Agro Industries Ltd
URAVIDEF,Uravi Defence And Technology Ltd
VEEFIN,Veefin Solutions Ltd
IDEAFORGE,Ideaforge Technology Ltd
CYIENTDLM,Cyient Dlm Ltd
MACIND,Machhar Industries Ltd
ITADD,Dsp Nifty It Etf
SENCO,Senco Gold Ltd
ALPHAIND,Alphalogic Industries Ltd
ACCELERATE,Acceleratebs India Ltd
KAKA,Kaka Industries Ltd
JIOFIN,Jio Financial Services Ltd
AHASOLAR,Ahasolar Technologies Ltd
UTKARSHBNK,Utkarsh Small Finance Bank Ltd
ASARFI,Asarfi Hospital Ltd
BANKETF,Mirae Asset Nifty Bank Etf
NETWEB,Netweb Technologies India Ltd
SENSEXADD,Dsp Bse Sensex Etf
PSUBANKADD,Dsp Nifty Psu Bank Etf
PVTBANKADD,Dsp Private Bank Etf
YATHARTH,Yatharth Hospital & Trauma Care Services Ltd
NIITMTS,Niit Learning Systems Ltd
KHAZANCHI,Khazanchi Jewellers Ltd
ATL,Allcargo Terminals Ltd
TREL,Transindia Real Estate Ltd
QUAL30IETF,Icici Prudential Nifty 200 Quality 30 Etf
REDTAPE,Redtape Ltd
VLEGOV,Vl E-Governance & It Solutions Ltd
SBFC,Sbfc Finance Ltd
CONCORDBIO,Concord Biotech Ltd
DPWIRES,D.P. Wires Ltd
SHELTER,Shelter Pharma Ltd
TVSSCS,Tvs Supply Chain Solutions Ltd
PYRAMID,Pyramid Technoplast Ltd
SHOORA,Shoora Designs Ltd
BONDADA,Bondada Engineering Ltd
AEROFLEX,Aeroflex Industries Ltd
VPRPL,Vishnu Prakash R Punglia Ltd
MIDCAPBETA,Uti Nifty Midcap 150 Etf
SHRAAITECH,Shradha Ai Technologies Ltd
RISHABH,Rishabh Instruments Ltd
RATNAVEER,Ratnaveer Precision Engineering Ltd
KAHAN,Kahan Packaging Ltd
JLHL,Jupiter Life Line Hospitals Ltd
RRKABEL,R R Kabel Ltd
QUESTFLOW,Quest Flow Controls Ltd
EMSLIMITED,Ems Ltd
SAMHI,Samhi Hotels Ltd
ZAGGLE,Zaggle Prepaid Ocean Services Ltd
SOUTHWEST,South West Pinnacle Exploration Ltd
NUVAMA,Nuvama Wealth Management Ltd
KALAMANDIR,Sai Silks (Kalamandir) Ltd
SIGNATURE,Signatureglobal (India) Ltd
TECHKGREEN,Techknowgreen Solutions Ltd
YATRA,Yatra Online Ltd
ARCL,Arcl Organics Ltd
JSWINFRA,Jsw Infrastructure Ltd
MVGJL,Manoj Vaibhav Gems N Jewellers Ltd
UDS,Updater Services Ltd
ORGANICREC,Organic Recycling Systems Ltd
VALIANTLAB,Valiant Laboratories Ltd
SENSEXETF,Mirae Asset S&P Bse Sensex Etf
CCAL,City Crops Agro Ltd
SUNITATOOL,Sunita Tools Ltd
VIVAA,Vivaa Tradecom Ltd
PLAZACABLE,Plaza Wires Ltd
IRMENERGY,Irm Energy Ltd
ITETF,Mirae Asset Nifty It Etf
ALPHAETF,Mirae Asset Nifty 200 Alpha 30 Etf
MAXESTATES,Max Estates Ltd
BLUEJET,Blue Jet Healthcare Ltd
VPL,Vrundavan Plantation Ltd
CELLO,Cello World Ltd
KKSHL,Kk Shah Hospitals Ltd
HONASA,Honasa Consumer Ltd
MISHDESIGN,Mish Designs Ltd
ESAFSFB,Esaf Small Finance Bank Ltd
PROTEAN,Protean Egov Technologies Ltd
ASKAUTOLTD,Ask Automotive Ltd
KALYANI,Kalyani Cast-Tech Ltd
ARROWHEAD,Arrowhead Seperation Engineering Ltd
IREDA,Indian Renewable Energy Development Agency Ltd
FEDFINA,Fedbank Financial Services Ltd
TATATECH,Tata Technologies Ltd
GANDHAR,Gandhar Oil Refinery (India) Ltd
FLAIR,Flair Writing Industries Ltd
SPL,Swashthik Plascon Ltd
DEEPAKCHEM,Deepak Chemtex Ltd
AMIC,Amic Forging Ltd
BAJEL,Bajel Projects Ltd
INDIASHLTR,India Shelter Finance Corporation Ltd
DOMS,Doms Industries Ltd
INOXINDIA,Inox India Ltd
SIYARAM,Siyaram Recycling Industries Ltd
BENCHMARK,Benchmark Computer Solutions Ltd
MOTISONS,Motisons Jewellers Ltd
SURAJEST,Suraj Estate Developers Ltd
MUTHOOTMF,Muthoot Microfin Ltd
SMARITIME,Sahara Maritime Ltd
HAPPYFORGE,Happy Forgings Ltd
MUFTI,Credo Brands Marketing Ltd
SHANTIDENM,Shanti Spintex Ltd
RBZJEWEL,Rbz Jewellers Ltd
AZAD,Azad Engineering Ltd
SUNCLAY,Sundaram-Clayton Ltd
INNOVACAP,Innova Captab Ltd
AIKPIPES,Aik Pipes And Polymers Ltd
MCPL,Manoj Ceramic Ltd
SBVCL,Shri Balaji Valve Components Ltd
DIGIDRIVE,Digidrive Distributors Ltd
SHILINDORE,Sayaji Hotels (Indore) Ltd
JYOTICNC,Jyoti Cnc Automation Ltd
SWANAGRO,New Swan Multitech Ltd
SHREE,Shree Marutinandan Tubes Ltd
MEDIASSIST,Medi Assist Healthcare Services Ltd
SHPLPUNE,Sayaji Hotels (Pune) Ltd
QLL,Qualitek Labs Ltd
NIFTYBETF,Bajaj Finserv Nifty 50 Etf
BANKBETF,Bajaj Finserv Nifty Bank Etf
EUPHORIAIT,Euphoria Infotech (India) Ltd
EPACK,Epack Durable Ltd
NOVAAGRI,Nova Agritech Ltd
BRISK,Brisk Technovision Ltd
ITBETA,Uti Nifty It Etf
HARSHDEEP,Harshdeep Hortico Ltd
MCFL,Mayank Cattle Food Ltd
BLSE,Bls E-Services Ltd
GPSL,Gabriel Pet Straps Ltd
HEALTHADD,Dsp Nifty Healthcare Etf
HDFCPSUBK,Hdfc Nifty Psu Bank Etf
PARKHOTELS,Apeejay Surrendra Park Hotels Ltd
JGTL,Jasch Gauging Technologies Ltd
SIGNPOST,Signpost India Ltd
JSFB,Jana Small Finance Bank Ltd
RPTECH,Rashi Peripherals Ltd
CAPITALSFB,Capital Small Finance Bank Ltd
RUDRAGAS,Rudra Gas Enterprise Ltd
ENTERO,Entero Healthcare Solutions Ltd
LICNMID100,Lic Mf Nifty Midcap 100 Etf
VSTL,Vibhor Steel Tubes Ltd
JUNIPER,Juniper Hotels Ltd
SMALLCAP,Mirae Asset Nifty Smallcap 250 Momentum Quality 100 Etf
GPTHEALTH,Gpt Healthcare Ltd
EXICOM,Exicom Tele-Systems Ltd
PLATIND,Platinum Industries Ltd
MUKKA,Mukka Proteins Ltd
RKSWAMY,R K Swamy Ltd
JGCHEM,J.G.Chemicals Ltd
KOURA,Koura Fine Diamond Jewelry Ltd
GOPAL,Gopal Snacks Ltd
PESB,Pune E - Stock Broking Ltd
SCILAL,Shipping Corporation Of India Land And Assets Ltd
ROYAL,Royal Sense Ltd
PVSL,Popular Vehicles And Services Ltd
KRYSTAL,Krystal Integrated Services Ltd
KPGEL,Kp Green Engineering Ltd
CHATHA,Chatha Foods Ltd
GCONNECT,Gconnect Logitech And Supply Chain Ltd
VRUDDHI,Vruddhi Engineering Works Ltd
SRM,Srm Contractors Ltd
JAYKAILASH,Jay Kailash Namkeen Ltd
DPABHUSHAN,D.P. Abhushan Ltd
BHARTIHEXA,Bharti Hexacom Ltd
GVL,Greenhitech Ventures Ltd
FAALCON,Faalcon Concepts Ltd
SHIVAM,Shivam Chemicals Ltd
EMMFORCE,Emmforce Autotech Ltd
JNKINDIA,Jnk India Ltd
VARYAA,Varyaa Creations Ltd
AMKAY,Amkay Products Ltd
DKUAL,Dolphin Kitchen Utensils And Appliances Ltd
STAL,Storage Technologies And Automation Ltd
INDGN,Indegene Ltd
FTL,Finelistings Technologies Ltd
TBOTEK,Tbo Tek Ltd
TGIF,Tgif Agribusiness Ltd
AADHARHFC,Aadhar Housing Finance Ltd
AZTEC,Aztec Fluids & Machinery Ltd
PIOTEX,Piotex Industries Ltd
GODIGIT,Go Digit General Insurance Ltd
MIDSMALL,Mirae Asset Nifty Midsmallcap400 Momentum Quality 100 Etf
AWFIS,Awfis Space Solutions Ltd
ASSOCIATED,Associated Coaters Ltd
BOROSCI,Borosil Scientific Ltd
ADTECH,Adtech Systems Ltd
TOTEM,Forbes Precision Tools And Machine Parts Ltd
KRONOX,Kronox Lab Sciences Ltd
MAGENTA,Magenta Lifecare Ltd
SATTRIX,Sattrix Information Security Ltd
3CIT,3C It Solutions And Telecoms (India) Ltd
PURPLEFIN,Purple Finance Ltd
IXIGO,Le Travenues Technology Ltd
MID150CASE,Zerodha Nifty Midcap 150 Etf
TOP100CASE,Zerodha Nifty 100 Etf
COTFAB,United Cotfab Ltd
BBNPNBETF,Baroda Bnp Paribas Nifty Bank Etf
RETAIL,Jhs Svendgaard Retail Ventures Ltd
DEEDEV,Dee Development Engineers Ltd
GEMENVIRO,Gem Enviro Management Ltd
AFIL,Akme Fintrade (India) Ltd
DFPL,Dindigul Farm Product Ltd
STANLEY,Stanley Lifestyles Ltd
ABDL,Allied Blenders And Distillers Ltd
VRAJ,Vraj Iron And Steel Ltd
NPL,National Peroxide Ltd
RELIABLE,Reliable Data Services Ltd
BANSALWIRE,Bansal Wire Industries Ltd
EMCURE,Emcure Pharmaceuticals Ltd
EVINDIA,Mirae Asset Nifty Ev And New Age Automotive Etf
ACLD,Aelea Commodities Ltd
THREEMPAPE,Three M Paper Boards Ltd
SBINEQWETF,Sbi Nifty50 Equal Weight Etf
OILIETF,Icici Prudential Nifty Oil & Gas Etf
SANSTAR,Sanstar Ltd
ABSLPSE,Aditya Birla Sun Life Nifty Pse Etf
VVIPIL,Vvip Infratech Ltd
CTLLAB,Clinitech Laboratory Ltd
KIZI,Kizi Apparels Ltd
AKUMS,Akums Drugs And Pharmaceuticals Ltd
CEIGALL,Ceigall India Ltd
AFCOM,Afcom Holdings Ltd
OLAELEC,Ola Electric Mobility Ltd
FIRSTCRY,Brainbees Solutions Ltd
UNIECOM,Unicommerce Esolutions Ltd
METALIETF,Icici Prudential Nifty Metal Etf
SSDL,Saraswati Saree Depot Ltd
BROACH,Broach Lifecare Hospital Ltd
INTERARCH,Interarch Building Solutions Ltd
MFML,Mahalaxmi Fabric Mills Ltd
GLOBALE,Globale Tessile Ltd
ORIENTTECH,Orient Technologies Ltd
RAL,Resourceful Automobile Ltd
RAPID,Rapid Multimodal Logistics Ltd
PREMIERENE,Premier Energies Ltd
ECOSMOBLTY,Ecos (India) Mobility & Hospitality Ltd
RAYMONDLSL,Raymond Lifestyle Ltd
MULTICAP,Mirae Asset Nifty500 Multicap 50:25:25 Etf
TRAVELS,Travels & Rentals Ltd
STYLEBAAZA,Baazar Style Retail Ltd
GALAPREC,Gala Precision Engineering Ltd
NHL,Naturewings Holidays Ltd
RVTH,Revathi Equipment India Ltd
TOP10ADD,Dsp Nifty Top 10 Equal Weight Etf
MCEL,Mach Conferences And Events Ltd
BALAJEE,Shree Tirupati Balajee Agro Trading Company Ltd
SANOFICONR,Sanofi Consumer Healthcare India Ltd
SSL,Share Samadhan Ltd
BAJAJHFL,Bajaj Housing Finance Ltd
KROSS,Kross Ltd
TOLINS,Tolins Tyres Ltd
PNGJL,P N Gadgil Jewellers Ltd
SAFE,Sodhani Academy Of Fintech Enablers Ltd
WCIL,Western Carriers (India) Ltd
PFL,Popular Foundations Ltd
NORTHARC,Northern Arc Capital Ltd
ARKADE,Arkade Developers Ltd
MANBA,Manba Finance Ltd
KRN,Krn Heat Exchanger And Refrigeration Ltd
DIFFNKG,Diffusion Engineers Ltd
NEXXUS,Nexxus Petro Industries Ltd
BANKPSU,Mirae Asset Nifty Psu Bank Etf
SUBAM,Subam Papers Ltd
METAL,Mirae Asset Nifty Metal Etf
NPFL,Neopolitan Pizza And Foods Ltd
KGVL,Khyati Global Ventures Ltd
GARUDA,Garuda Construction And Engineering Ltd
SHIVTEXCHEM,Shiv Texchem Ltd
MGEL,Mangalam Global Enterprise Ltd
HYUNDAI,Hyundai Motor India Ltd
VAL30IETF,Icici Prudential Nifty200 Value 30 Etf
DBEIL,Deepak Builders And Engineers India Ltd
WAAREEENER,Waaree Energies Ltd
OCCLLTD,Occl Ltd
GODAVARIB,Godavari Biorefineries Ltd
AFCONS,Afcons Infrastructure Ltd
ABINFRA,A B Infrabuild Ltd
SAGILITY,Sagility Ltd
ACMESOLAR,Acme Solar Holdings Ltd
SWIGGY,Swiggy Ltd
NIVABUPA,Niva Bupa Health Insurance Company Ltd
MANGALCOMP,Mangal Compusolution Ltd
BLACKBUCK,Black Buck Ltd
NTPCGREEN,Ntpc Green Energy Ltd
EIEL,Enviro Infra Engineers Ltd
RAJESH,Rajesh Power Services Ltd
ONESOURCE,Onesource Specialty Pharma Ltd
SURAKSHA,Suraksha Diagnostic Ltd
ROSSTECH,Rossell Techsys Ltd
NISUS,Nisus Finance Services Co Ltd
ODIGMA,Odigma Consultancy Solutions Ltd
INNOVANA,Innovana Thinklabs Ltd
TTC,Toss The Coin Ltd
JUNGLECAMP,Jungle Camps India Ltd
MOBIKWIK,One Mobikwik Systems Ltd
SAILIFE,Sai Life Sciences Ltd
VMM,Vishal Mega Mart Ltd
HILLTONE,Hilltone Software And Gases Ltd
IKS,Inventurus Knowledge Solutions Ltd
YASHHV,Yash Highvoltage Ltd
IGIL,International Gemmological Institute India Ltd
HAMPS,Hamps Bio Ltd
NACDAC,Nacdac Infrastructure Ltd
SANATHAN,Sanathan Textiles Ltd
CEWATER,Concord Enviro Systems Ltd
DAMCAPITAL,Dam Capital Advisors Ltd
TRANSRAILL,Transrail Lighting Ltd
MAMATA,Mamata Machinery Ltd
SENORES,Senores Pharmaceuticals Ltd
CARRARO,Carraro India Ltd
VENTIVE,Ventive Hospitality Ltd
UNIMECH,Unimech Aerospace And Manufacturing Ltd
CONSUMER,Mirae Asset Nifty India New Age Consumption Etf
CITICHEM,Citichem India Ltd
ITCHOTELS,Itc Hotels Ltd
ECAPINSURE,Edelweiss Bse Capital Markets & Insurance Etf
TECHNICHEM,Technichem Organics Ltd
INDOFARM,Indo Farm Equipment Ltd
VANDU,Leo Dryfruits & Spices Trading Ltd
PARMESHWAR,Parmeshwar Metal Ltd
DAVIN,Davin Sons Retail Ltd
FABCLEAN,Fabtech Technologies Cleanrooms Ltd
SETL,Standard Engineering Technology Ltd
INDOBELL,Indobell Insulations Ltd
BRGIL,B.R.Goyal Infrastructure Ltd
QUADFUTURE,Quadrant Future Tek Ltd
AVAX,Avax Apparels And Ornaments Ltd
LAXMIDENTL,Laxmi Dental Ltd
RIKHAV,Rikhav Securities Ltd
LGLL,Landmark Global Learning Ltd
STALLION,Stallion India Fluorochemicals Ltd
CNINFOTECH,Capitalnumbers Infotech Ltd
SHRIPISTON,Shriram Pistons & Rings Ltd
DENTA,Denta Water And Infra Solutions Ltd
RRECL,Rdb Real Estate Constructions Ltd
CLN,Cln Energy Ltd
GBLOGISTIC,Gb Logistics Commerce Ltd
HMEML,H.M. Electro Mech Ltd
AGARWALEYE,Dr. Agarwals Health Care Ltd
MALPANI,Malpani Pipes And Fittings Ltd
NEXT30ADD,Dsp Bse Sensex Next 30 Etf
AMWILL,Amwill Health Care Ltd
SOLARIUM,Solarium Green Energy Ltd
JUBLCPL,Jubilant Agri And Consumer Products Ltd
AJAXENGG,Ajax Engineering Ltd
COVANCE,Covance Softsol Ltd
HEXT,Hexaware Technologies Ltd
BAJAJINDEF,Indef Manufacturing Ltd
SHANMUGA,Shanmuga Hospital Ltd
LKMEHTA,L.K.Mehta Polymers Ltd
QPOWER,Quality Power Electrical Equipments Ltd
SWASTH,Swasth Foodtech India Ltd
BEEZAASAN,Beezaasan Explotech Ltd
NUKLEUS,Nukleus Office Solutions Ltd
VIKRAMAR,Vikram Aroma Ltd
SHREENATH,Shreenath Paper Products Ltd
NAPSGLOBAL,Naps Global India Ltd
SELECTIPO,Mirae Asset Bse Select Ipo Etf
EQUAL200,Mirae Asset Bse 200 Equal Weight Etf
PSPL,Pdp Shipping & Projects Ltd
PRABHA,Prabha Energy Ltd
SUPERIRON,Super Iron Foundry Ltd
AXISVALUE,Axis Nifty500 Value 50 Etf
PPARIVAH,Paradeep Parivahan Ltd
SBIBPB,Sbi Bse Psu Bank Etf
SPECTRUM,Spectrum Electrical Industries Ltd
DESCO,Desco Infratech Ltd
IDENTIXWEB,Identixweb Ltd
ENRIN,Siemens Energy India Ltd
RETAGGIO,Retaggio Industries Ltd
SPINAROO,Spinaroo Commercial Ltd
INFONATIVE,Infonative Solutions Ltd
EVIETF,Icici Prudential Nifty Ev & New Age Automotive Etf
STLNETWORK,Stl Networks Ltd
NPST,Network People Services Technologies Ltd
ATHERENERG,Ather Energy Ltd
KENRIK,Kenrik Industries Ltd
SRIGEE,Srigee Dlm Ltd
MANOJJEWEL,Manoj Jewellers Ltd
EQUAL50,Mirae Asset Nifty50 Equal Weight Etf
JASH,Jash Engineering Ltd
ABLBL,Aditya Birla Lifestyle Brands Ltd
BORANA,Borana Weaves Ltd
BELRISE,Belrise Industries Ltd
UNIFIED,Unified Data Tech Solutions Ltd
AEGISVOPAK,Aegis Vopak Terminals Ltd
THELEELA,Leela Palaces Hotels & Resorts Ltd
ASTONEALAB,Astonea Labs Ltd
PROSTARM,Prostarm Info Systems Ltd
SCODATUBES,Scoda Tubes Ltd
3BFILMS,3B Films Ltd
DIGITIDE,Digitide Solutions Ltd
BLUSPRING,Bluspring Enterprises Ltd
SNXT30BEES,Nippon India Bse Sensex Next 30 Etf
KRISHIVAL,Krishival Foods Ltd
ATENPAPERS,Aten Papers & Foam Ltd
OSWALPUMPS,Oswal Pumps Ltd
ARIS,Arisinfra Solutions Ltd
RAYMONDREL,Raymond Realty Ltd
ELLEN,Ellenbarrie Industrial Gases Ltd
ABRFL,Abram Food Ltd
KALPATARU,Kalpataru Ltd
GLOBECIVIL,Globe Civil Projects Ltd
AJCJEWEL,Ajc Jewel Manufacturers Ltd
ICON,Icon Facilitators Ltd
TOP15IETF,Icici Prudential Nifty Top 15 Equal Weight Etf
SEVL,Supertech Ev Ltd
HDBFS,Hdb Financial Services Ltd
SAMBHV,Sambhv Steel Tubes Ltd
ACEALPHA,Ace Alpha Tech Ltd
IGCL,Indogulf Cropsciences Ltd
VALINDIA,Valencia India Ltd
NEETUYOSHI,Neetu Yoshi Ltd
ADCOUNTY,Adcounty Media India Ltd
VANDAN,Vandan Foods Ltd
MARCLOIRE,Marc Loire Fashions Ltd
INTERNET,Mirae Asset Nifty India Internet Etf
CRIZAC,Crizac Ltd
CRYOGENIC,Cryogenic Ogs Ltd
METAINFO,Meta Infotech Ltd
CHEMKART,Chemkart India Ltd
TRAVELFOOD,Travel Food Services Ltd
GLEN,Glen Industries Ltd
APL,Asston Pharmaceuticals Ltd
ADVENTHTL,Advent Hotels International Ltd
SMARTWORKS,Smartworks Coworking Spaces Ltd
PASHUPATI,Pashupati Cotspin Ltd
ANTHEM,Anthem Biosciences Ltd
CHEMBONDCH,Chembond Chemicals Ltd
MONIKA,Monika Alcobev Ltd
SWASTIKAAL,Swastika Castal Ltd
MSECL,Monarch Surveyors And Engineering Consultants Ltd
INDIQUBE,Indiqube Spaces Ltd
EBGNG,Gng Electronics Ltd
RMDRIP,R M Drip And Sprinklers Systems Ltd
BRIGHOTEL,Brigade Hotel Ventures Ltd
SHREEREF,Shree Refrigerations Ltd
SHANTIGOLD,Shanti Gold International Ltd
PATELCHEM,Patel Chem Specialities Ltd
EUROBOND,Euro Panel Products Ltd
REPONO,Repono Ltd
UML,Umiya Mobile Ltd
LAXMIINDIA,Laxmi India Finance Ltd
CPPLUS,Aditya Infotech Ltd
NSDL,National Securities Depository Ltd
BDI,B. D. Industries (Pune) Ltd
LOTUSDEV,Sri Lotus Developers And Realty Ltd
MBEL,M & B Engineering Ltd
TAKYON,Takyon Networks Ltd
MEHUL,Mehul Colours Ltd
GROWWPOWER,Groww Bse Power Etf
BLT,Blt Logistics Ltd
ESSEX,Essex Marine Ltd
JSLL,Jeena Sikho Lifecare Ltd
HILINFRA,Highway Infrastructure Ltd
ALLTIME,All Time Plastics Ltd
JSWCEMENT,Jsw Cement Ltd
STARIMAGIN,Star Imaging And Path Lab Ltd
ICODEX,Icodex Publishing Solutions Ltd
BLUESTONE,Bluestone Jewellery And Lifestyle Ltd
REGAAL,Regaal Resources Ltd
PATELRMART,Patel Retail Ltd
VIKRAMSOLR,Vikram Solar Ltd
LGT,Lgt Business Connextions Ltd
SHREEJISPG,Shreeji Shipping Global Ltd
GEMAROMA,Gem Aromatics Ltd
MEIL,Mangal Electrical Industries Ltd
MANUFGBEES,Nippon India Nifty India Manufacturing Etf
GLOBTIER,Globtier Infotech Ltd
NISMGMT,Nis Management Ltd
VIKRAN,Vikran Engineering Ltd
AHCL,Anlon Healthcare Ltd
OVAL,Oval Projects Engineering Ltd
CPEDU,Career Point Edutech Ltd
ABRIL,Abril Paper Tech Ltd
SUGSLLOYD,Sugs Lloyd Ltd
AMANTA,Amanta Healthcare Ltd
RACHIT,Rachit Prints Ltd
GOELCONS,Goel Construction Company Ltd
AUSTERE,Austere Systems Ltd
SHARVAYA,Sharvaya Metals Ltd
SML100CASE,Zerodha Nifty Smallcap 100 Etf
VASHISHTHA,Vashishtha Luxury Fashion Ltd
KRUPALU,Krupalu Metals Ltd
NCML,Nilachal Carbo Metalicks Ltd
KARBON,Karbonsteel Engineering Ltd
SHRINGARMS,Shringar House Of Mangalsutra Ltd
DEVX,Dev Accelerator Ltd
CITYSQUARE,Jay Ambe Supermarkets Ltd
URBANCO,Urban Company Ltd
AIRFLOA,Airfloa Rail Technology Ltd
BUILDPRO,Shankara Buildpro Ltd
LTELEVATOR,L. T. Elevator Ltd
EUROPRATIK,Euro Pratik Sales Ltd
SAMPAT,Sampat Aluminium Ltd
VMSTMT,Vms Tmt Ltd
ABCOTS,A B Cotspin India Ltd
IVALUE,Ivalue Infosolutions Ltd
JDCABLES,Jd Cables Ltd
GKENERGY,Gk Energy Ltd
SAATVIKGL,Saatvik Green Energy Ltd
ATLANTAELE,Atlanta Electricals Ltd
GANESHCP,Ganesh Consumer Products Ltd
APPL,Aptus Pharma Ltd
ARSSBL,Anand Rathi Share And Stock Brokers Ltd
TRUECOLORS,True Colors Ltd
SOLARWORLD,Solarworld Energy Solutions Ltd
STYL,Seshaasai Technologies Ltd
JARO,Jaro Institute Of Technology Management And Research Ltd
BHARATROHAN,Bharatrohan Airborne Innovations Ltd
WEALTH,Wealth First Portfolio Managers Ltd
JAINREC,Jain Resource Recycling Ltd
PRARUH,Praruh Technologies Ltd
SOLVEX,Solvex Edibles Ltd
EPACKPEB,Epack Prefab Technologies Ltd
SYSTEMATIC,Systematic Industries Ltd
JUSTO,Justo Realfintech Ltd
BMWVENTLTD,Bmw Ventures Ltd
TELGE,Telge Projects Ltd
TRUALT,Trualt Bioenergy Ltd
CHTR,Chatterbox Technologies Ltd
JKIPL,Jinkushal Industries Ltd
GPAPL,Gujarat Peanut And Agri Products Ltd
EARKART,Earkart Ltd
PACEDIGITK,Pace Digitek Ltd
BHAVIK,Bhavik Enterprises Ltd
RDGAIL,Rukmani Devi Garg Agro Impex Ltd
MPKSTEELS,M P K Steels (I) Ltd
KVSCASTING,Kvs Castings Ltd
AMEENJI,Ameenji Rubber Ltd
DHILLON,Dhillon Freight Carrier Ltd
GLOTTIS,Glottis Ltd
FABTECH,Fabtech Technologies Ltd
OML,Om Metallogic Ltd
SODHACAP,Sodhani Capital Ltd
CHIRAHARIT,Chiraharit Ltd
ADVANCE,Advance Agrolife Ltd
ZELIO,Zelio E Mobility Ltd
OMFREIGHT,Om Freight Forwarders Ltd
VALPLAST,Valplast Technologies Ltd
SUNSKY,Sunsky Logistics Ltd
INFINITY,Infinity Infoway Ltd
ZAPPFRESH,Dsm Fresh Foods Ltd
TMCV,Tata Motors Ltd
WEWORK,Wework India Management Ltd
NSBBPO,Nsb Bpo Solutions Ltd
SKFINDUS,Skf India (Industrial) Ltd
TATACAP,Tata Capital Ltd
MITTALSTL,Mittal Sections Ltd
LGEINDIA,Lg Electronics India Ltd
WORTHPERI,Worth Peripherals Ltd
RUBICON,Rubicon Research Ltd
CRAMC,Canara Robeco Asset Management Company Ltd
FLEXIADD,Dsp Nifty500 Flexicap Quality 30 Etf
SHLOKKA,Shlokka Dyes Ltd
CANHLIFE,Canara Hsbc Life Insurance Company Ltd
SKM,Sk Minerals & Additives Ltd
SIHORA,Sihora Industries Ltd
NIFTYCASE,Zerodha Nifty 50 Etf
MIDWESTLTD,Midwest Ltd
MHLSRG,Sbi Mutual Fund
MHLSRD,Sbi Mutual Fund
MHLSRDR,Sbi Mutual Fund
MHLSDG,Sbi Mutual Fund
MHLSDD,Sbi Mutual Fund
MHLSDDR,Sbi Mutual Fund
TRADEUNO,Game Changers Texfab Ltd
ORKLAINDIA,Orkla India Ltd
SAFECURE,Safecure Services Ltd
PIRAMALFIN,Piramal Finance Ltd
ACCURACY,Accuracy Shipping Ltd
STUDDS,Studds Accessories Ltd
LENSKART,Lenskart Solutions Ltd
GROWW,Billionbrains Garage Ventures Ltd
ENERGY,Mirae Asset Nifty Energy Etf
SMALL250,Mirae Asset Nifty Smallcap 250 Etf
PINELABS,Pine Labs Ltd
SHTL,Shining Tools Ltd
EMMVEE,Emmvee Photovoltaic Power Ltd
PWL,Physicswallah Ltd
WORKMATES,Workmates Core2Cloud Solution Ltd
MAHALIFE,Mahamaya Lifesciences Ltd
TENNIND,Tenneco Clean Air India Ltd
UTLSOLAR,Fujiyama Power Systems Ltd
CAPILLARY,Capillary Technologies India Ltd
KSR,Ksr Footwear Ltd
GALLARD,Gallard Steel Ltd
EXCELSOFT,Excelsoft Technologies Ltd
ESENSEX,Edelweiss Bse Sensex Etf
SUDEEPPHRM,Sudeep Pharma Ltd
MSCIADD,Dsp Msci India Etf
SSMD,Ssmd Agrotech India Ltd
KWIL,Kwality Walls (India) Ltd
MNFL,Mother Nutri Foods Ltd
KKSILK,K K Silk Mills Ltd
LOGICIEL,Logiciel Solutions Ltd
EXATO,Exato Technologies Ltd
PURPLEWAVE,Purple Wave Infocom Ltd
ASTRONMULT,Astron Multigrain Ltd
RAVEL,Ravelcare Ltd
HELLOJI,Helloji Holidays Ltd
CNL,Creative Newtech Ltd
MEESHO,Meesho Ltd
VIDYAWIRES,Vidya Wires Ltd
AEQUS,Aequs Ltd
LUXURY,Luxury Time Ltd
WOSAL,Western Overseas Study Abroad Ltd
METHODHUB,Methodhub Software Ltd
RDEL,Riddhi Display Equipments Ltd
KVTOYS,K. V. Toys India Ltd
WAKEFIT,Wakefit Innovations Ltd
PRODOCS,Prodocs Solutions Ltd
CORONA,Corona Remedies Ltd
PARKHOSPS,Park Medi World Ltd
SHIPWAVES,Shipwaves Online Ltd
NEPHROPLUS,Nephrocare Health Services Ltd
UNISEM,Unisem Agritech Ltd
TSIFDG,Titanium Hybrid Long-Short Fund Direct Plan Growth
TSIFDIR,Titanium Hybrid Long-Short Fund Direct Plan Idcw Reinvestment
TSIFRG,Titanium Hybrid Long-Short Fund Regular Plan Growth
TSIFRIP,Titanium Hybrid Long-Short Fund Regular Plan Idcw Payout
TSIFRIR,Titanium Hybrid Long-Short Fund Regular Plan Idcw Reinvestment
SMALLADD,Dsp Nifty Smallcap 250 Etf
MIDCAPADD,Dsp Nifty Midcap 150 Etf
HRS,Hrs Aluglaze Ltd
PAJSON,Pajson Agro India Ltd
ICICIAMC,Icici Prudential Asset Management Company Ltd
STANBIK,Stanbik Agro Ltd
TOP20,Mirae Asset Nifty Top 20 Equal Weight Etf
DIVIDEND,Mirae Asset Bse 500 Dividend Leaders 50 Etf
SIMANDHAR,Simandhar Impex Ltd
NEPLOG,Neptune Logitek Ltd
KSHINTL,Ksh International Ltd
GLOBALLOG,Global Ocean Logistics India Ltd
GKSL,Gujarat Kidney And Super Speciality Ltd
DACHEPALLI,Dachepalli Publishers Ltd
NANTA,Nanta Tech Ltd
ADMACH,Admach Systems Ltd
BAIKAKAJI,Bai-Kakaji Polymers Ltd
ATIL,Apollo Techno Industries Ltd
MDRC,Modern Diagnostic & Research Centre Ltd
NEXT50ADD,Dsp Nifty Next 50 Etf
GTIL,Gabion Technologies India Ltd
YAJUR,Yajur Fibres Ltd
DEFRAIL,Defrail Technologies Ltd
BHARATCOAL,Bharat Coking Coal Ltd
AMAGI,Amagi Media Labs Ltd
NARMADESH,Narmadesh Brass Industries Ltd
INDOSMC,Indo Smc Ltd
GRERENEW,Gre Renew Enertech Ltd
ARITAS,Aritas Vinyl Ltd
DIGILOGIC,Digilogic Systems Ltd
SHADOWFAX,Shadowfax Technologies Ltd
SHAYONAENG,Shayona Engineering Ltd
HANNAH,Hannah Joseph Hospital Ltd
KASTURI,Kasturi Metal Composite Ltd
ARSIFHRG,Arudha Hybrid Long- Short Fund Regular Plan-Growth
ARSIFHRMD,Arudha Hybrid Long- Short Fund Regular Plan-Monthly Idcw
ARSIFHDG,Arudha Hybrid Long- Short Fund Direct Plan-Growth
ARSIFHRHD,Arudha Hybrid Long- Short Fund Direct Plan-Half Yearly Idcw
KANISHK,Kanishk Aluminium India Ltd
ANL,Accretion Nutraveda Ltd
MSAFE,Msafe Equipments Ltd
ISIFHLSG,Isif Hybrid Long-Short Fund - Growth
ISIFHLSDG,Isif Hybrid Long-Short Fund - Direct Plan - Growth
PANHR,Pan Hr Solution Ltd
AYE,Aye Finance Ltd
FRACTAL,Fractal Analytics Ltd
HEALTHCARE,Mirae Asset Nifty 500 Healthcare Etf
DCMSIL,Dcm Shriram International Ltd
DSFCL,Dcm Shriram Fine Chemicals Ltd
INFRA,Mirae Asset Nifty India Infrastructure & Logisticsetf
DEFENCE,Mirae Asset Bse India Defence Etf
ABSLMSCIN,Aditya Birla Sun Life Msci India Etf
FIL,Fractal Industries Ltd
YASHHTEJ,Yashhtej Industries (India) Ltd
GAUDIUMIVF,Gaudium Ivf And Women Health Ltd
ACCORDTS,Accord Transformer & Switchgear Ltd
KIAASA,Kiaasa Retail Ltd
SRTL,Shree Ram Twistex Ltd
CLEANMAX,Clean Max Enviro Energy Solutions Ltd
PNGSREVA,Pngs Reva Diamond Jewellery Ltd
ABSL10BANK,Aditya Birla Sun Life Bse Top 10 Banks Etf
OMNI,Omnitech Engineering Ltd
GROWWHOSPI,Groww Bse Hospitals Etf
SBIMIDMOM,Sbi Nifty Midcap 150 Momentum 50 Etf
SEDEMAC,Sedemac Mechatronics Ltd
ELFIN,Elfin Agro India Ltd
BANK10ADD,Dsp Bse Top 10 Banks Etf
KOTYARK,Kotyark Industries Ltd
RSL,Rajputana Stainless Ltd
INNOVISION,Innovision Ltd
GSPCROP,Gsp Crop Science Ltd
NOVUS,Novus Loyalty Ltd
VALUE,Mirae Asset Nifty 500 Value 50 Etf
SPML,Speciality Medicines Ltd
CMPDI,Central Mine Planning & Design Institute Ltd
TIPCO,Tipco Engineering India Ltd
HIGHNESS,Highness Microelectronics Ltd
SAIPARENT,Sai Parenterals Ltd
AMIRCHAND,Amir Chand Jagdish Kumar (Exports) Ltd
POWERICA,Powerica Ltd
SBINMID150,Sbi Nifty Midcap 150 Etf
SCDL,Safety Controls & Devices Ltd
EMIAC,Emiac Technologies Ltd
ONEPOINT,One Point One Solutions Ltd
ARSIFHDAD,Arudha Hybrid Long- Short Fund Direct Plan-Annual Idcw
OMPOWER,Om Power Transmission Ltd
MTL,Mehul Telecom Ltd
SENSEXIETF,Icici Prudential Bse Sensex Etf
FELDVR,Future Enterprises Ltd_Dvr
JISLDVREQS,Jain Irrigation Systems Ltd_Dvr
GATECHDVR,Gacm Technologies Ltd
KARURVYSYA,Karur Vysya Bank Ltd
VEEDOL,Veedol Corporation Ltd
AMRUTANJAN,Amrutanjan Health Care Ltd
XPROINDIA,Xpro India Ltd
HISARMETAL,Hisar Metal Industries Ltd
BHARATRAS,Bharat Rasayan Ltd
EASTSILK,Eastern Silk Industries Ltd
FACT,Fertilizers And Chemicals Travancore Ltd
GINNIFILA,Ginni Filaments Ltd
SPIC,Southern Petrochemicals Industries Corporation Ltd
DENORA,De Nora India Ltd
KAVDEFENCE,Kavveri Defence & Wireless Technologies Ltd
SAKSOFT,Saksoft Ltd
SALONA,Salona Cotspin Ltd
EQUIPPP,Equippp Social Impact Technologies Ltd
ANDHRSUGAR,Andhra Sugars Ltd
IMPAL,India Motor Parts & Accessories Ltd
KCP,Kcp Ltd
KHAITANLTD,Khaitan (India) Ltd
RADAAN,Radaan Mediaworks India Ltd
SUNDARMFIN,Sundaram Finance Ltd
SUNDRMBRAK,Sundaram Brake Linings Ltd
WHEELS,Wheels India Ltd
LAMBODHARA,Lambodhara Textile Ltd
MAITHANALL,Maithan Alloys Ltd
ORISSAMINE,Orissa Minerals Development Company Ltd
NIFTYBEES,Nippon India Etf Nifty 50 Bees
JUNIORBEES,Nippon India Etf Nifty Next 50 Junior Bees
BANKBEES,Nippon India Etf Nifty Bank Bees
PSUBANK,Kotak Nifty Psu Bank Etf
PSUBNKBEES,Nippon India Etf Nifty Psu Bank Bees
SHARIABEES,Nippon India Etf Nifty 50 Shariah Bees
QNIFTY,Quantum Nifty 50 Etf
MOM50,Motilal Oswal Nifty 50 Etf
MADRASFERT,Madras Fertilizers Ltd
BANKNIFTY1,Kotak Nifty Bank Etf
SETFNIFBK,Sbi-Etf Nifty Bank
SETFNIF50,Sbi-Etf Nifty 50
LIQUID1,Kotak Nifty 1D Rate Liquid Etf
ITBEES,Nippon India Etf Nifty It
PHARMABEES,Nippon India Nifty Pharma Etf
MID150BEES,Nippon India Etf Nifty Midcap 150
MOSMALL250,Motilal Oswal Nifty Smallcap 250 Etf
MOCAPITAL,Motilal Oswal Nifty Capital Market Etf
MOREALTY,Motilal Oswal Nifty Realty Etf
MOMENTUM50,Motilal Oswal Nifty 500 Momentum 50 Etf
MODEFENCE,Motilal Oswal Nifty India Defence Etf
MONIFTY500,Motilal Oswal Nifty 500 Etf
ALPHA,Kotak Nifty Alpha 50 Etf
DHAN-RE,Dhanlaxmi Bank Ltd
GUJCOT-RE,Gujarat Cotex Ltd
GRAVITY-RE,Gravity (India) Ltd
PANAFIC-RE,Panafic Industrials Ltd
HASJUICE,Has Lifestyle Ltd
WEBSL,Web Element Solutions Ltd
ADHIRAJ,Adhiraj Distributors Ltd
YARNPP,Yarn Syndicate Ltd
APLABPP,Aplab Ltd
SSFLPP,Spandana Sphoorty Financial Ltd
SURAJINDPP,Suraj Industries Ltd
ATLPP,Allcargo Terminals Ltd
ANNVRPP,Annvrridhhi Ventures Ltd
ACESEPP,Ace Software Exports Ltd
ANIRITPP,Anirit Ventures Ltd
KRISHPP,Krishival Foods Ltd
VERTEXPP,Vertex Securities Ltd
BCCPP,Bcc Fuba India Ltd
PRABHAPP,Prabha Energy Ltd
505196,Til Ltd
